Athlete_ID,Name,Sex
2,A Lamusi,M
1464,Ai Yanhan,F
6847,Bai Anqi,F
6849,Bai Faquan,M
7598,Bao Yuqing,F
11222,Bi Shengfeng,M
11238,Bian Ka,F
17299,Cai Yun,M
17300,Cai Zelin,M
17994,Cao Hui,F
18000,Cao Shuo,M
18003,Cao Yifei,M
18005,Cao Yuan,M
18006,Cao Yue,F
18007,Cao Zhongrong,M
19563,Chai Biao,M
19779,Chang Si,F
20150,Chen Aisen,M
20159,Chen Cheng,M
20182,Chen Ding,M
20184,Chen Fang,F
20185,Chen Fei,F
20194,Chen Haiwei,M
20211,Chen Jianghua,M
20214,Chen Jie,F
20215,Chen Jin,M
20222,Chen Jinyan,F
20235,Chen Lijun,M
20238,Chen Long,M
20245,Chen Nan,F
20247,Chen Peina,F
20250,Chen Qian,F
20251,Chen Qian,F
20258,Chen Ruolin,F
20289,Chen Xiaodong,F
20290,Chen Xiaojia,F
20291,Chen Xiaojun,F
20292,Chen Xiaoli,F
20299,Chen Xinyi,F
20307,Chen Yang,F
20312,Chen Yibing,M
20313,Chen Yin,M
20315,Chen Ying,F
20354,Cheng Changsong,M
20363,Cheng Feiyi,M
20374,Cheng Ming,F
20381,Cheng Wen,M
20386,Cheng Xunzhao,M
21356,Chu Jinling,F
24235,Cui Qiuxia,F
24911,Dai Jun,M
24913,Dai Xiaoxiang,M
25843,De Jiaojiao,F
27565,Deng Daokun,M
27569,Deng Linlin,F
27571,Deng Senyue,F
27572,Deng Shudi,M
27574,Deng Wei,F
27577,Deng Zhiwei,M
28657,Ding Feng,M
28660,Ding Jinhui,M
28662,Ding Ning,F
28663,Ding Xia,F
28664,Ding Yanyuhang,M
29366,Dong Bin,M
29367,Dong Cheng,F
29368,Dong Dong,M
29372,Dong Guojian,M
29374,Dong Jie,F
30180,Du Li,F
30184,Du Yu,M
30216,Duan Jingli,F
30717,Duo Bujie,M
33950,Fan Yang,M
33952,Fan Yilin,F
33974,Fang Yuting,F
34605,Feng Bin,F
34618,Feng Shanshan,F
34626,Feng Zhe,M
37394,Fu Baorong,F
37396,Fu Haifeng,M
37402,Fu Yuanhui,F
38395,Gao Ao,F
38397,Gao Chang,F
38398,Gao Chen,F
38410,Gao Lei,M
38411,Gao Lihua,F
38422,Gao Song,F
38424,Gao Xinglong,M
38427,Gao Yang,F
38431,Gao Yulan,F
39257,Ge Manqi,F
41418,Gong Jinjie,F
41419,Gong Lei,M
41420,Gong Lijiao,F
41425,Gong Xiangyu,F
43430,Gu Xiao,F
43432,Gu Xuesong,M
43434,Gu Yasha,F
43451,Guan Xin,F
43951,Guo Ailun,M
43959,Guo Fan,M
43963,Guo Jianli,M
43968,Guo Li,F
43977,Guo Shuang,F
43980,Guo Weiyang,M
43981,Guo Wenjun,F
43986,Guo Yue,F
43987,Guo Zhendong,M
45498,Han Yucheng,M
45877,Hao Jialu,F
45881,Hao Yun,M
46921,He Chao,M
46922,He Chong,M
46925,He Hongmei,F
46926,He Jianbin,M
46928,He Jin,F
46931,He Kexin,F
46936,He Wenna,F
46948,He Zi,F
49743,Hong Wei,M
50200,Hou Yawen,F
50204,Hou Yuzhuo,F
50557,Hu Binyuan,M
50565,Hu Jianguan,M
50570,Hu Minghai,M
50573,Hu Qianxun,M
50579,Hu Yadan,F
50581,Hu Yixuan,M
50587,Hua Shaoqing,F
50588,Hua Tian,M
50593,Huang Bokai,M
50594,Huang Changzhou,M
50602,Huang Cunguang,M
50604,Huang Dongyan,F
50611,Huang Hongpin,F
50624,Huang Li,F
50628,Huang Lizhu,F
50631,Huang Maoxing,M
50637,Huang Qiushuang,F
50641,Huang Shanshan,F
50646,Huang Sijing,F
50653,Huang Wenyi,F
50657,Huang Xiaoxiao,F
50660,Huang Xuechen,F
50661,Huang Xufeng,F
50672,Huang Zhe,M
50674,Huang Zhipeng,M
50923,Hui Ruoqi,F
50925,Hui Zicheng,M
54746,Ji Liping,F
54756,Ji Yanyan,F
54776,Jiang Fan,F
54779,Jiang Haiqi,M
54786,Jiang Kelu,M
54794,Jiang Tingting,F
54796,Jiang Wenwen,F
54797,Jiang Wenwen,F
54800,Jiang Yan,F
54808,Jiao Liuyang,F
54810,Jiao Yunlong,M
54894,Jin Wei,M
54900,Jin Ziwei,F
54909,Jing Ruixue,F
54911,Jing Yali,F
66273,Lan Xing,M
67473,Le Huilin,F
68450,Lei Sheng,M
69329,Li Dan,F
69336,Li Dongna,F
69337,Li Dongxiao,F
69349,Li Gen,M
69352,Li Guangyuan,M
69354,Li Guojie,M
69368,Li Haotong,M
69379,Li Hongxia,F
69394,Li Jianbo,M
69401,Li Jiaqi,F
69402,Li Jiaxing,F
69412,Li Jingjing,F
69415,Li Jinzhe,M
69416,Li Jinzi,F
69423,Li Jun,M
69437,Li Ling,F
69438,Li Ling,F
69439,Li Ling,F
69441,Li Lingwei,F
69443,Li Lu,F
69452,Li Muhao,M
69454,Li Na,F
69456,Li Na,F
69460,Li Peijing,F
69466,Li Qian,F
69467,Li Qiang,M
69482,Li Shanshan,F
69490,Li Shujin,M
69518,Li Xiang,M
69521,Li Xiaohong,F
69522,Li Xiaolu,F
69530,Li Xiaoxia,F
69532,Li Xiayan,M
69536,Li Xuanxu,F
69540,Li Xuerui,F
69542,Li Xueying,F
69545,Li Yajun,F
69550,Li Yanfeng,F
69556,Li Yanmei,F
69562,Li Ying,F
69570,Li Yue,F
69571,Li Yuehong,M
69578,Li Yunqi,M
69581,Li Zhangli,F
69586,Li Zhenzhu,F
69589,Li Zhilong,M
69594,Li Zhuhao,M
69597,Li Zicheng,M
69611,Liang Jiahong,M
69612,Liang Jing,F
69615,Liang Meiyu,F
69625,Liang Xiaojing,F
69629,Liang Xinping,F
69955,Lin Chaopan,M
69968,Lin Dan,M
69978,Lin Li,F
69989,Lin Qingfeng,M
70003,Lin Xiyu,F
70009,Lin Yongqing,M
70011,Lin Yue,M
70560,Liu Deli,M
70578,Liu Haiping,F
70581,Liu Hao,M
70582,Liu Hong,F
70592,Liu Huixia,F
70599,Liu Jing,F
70620,Liu Ou,F
70622,Liu Ping,F
70623,Liu Qiang,M
70633,Liu Shanshan,F
70636,Liu Shiwen,F
70637,Liu Shiying,F
70644,Liu Tingting,F
70646,Liu Wei,M
70648,Liu Wei,M
70653,Liu Xiang,M
70654,Liu Xiang,F
70655,Liu Xiangrong,F
70659,Liu Xiao,M
70660,Liu Xiaobo,M
70665,Liu Xiaotong,F
70666,Liu Xiaoyu,F
70667,Liu Xin,F
70677,Liu Yang,M
70679,Liu Yaxin,F
70687,Liu Yingzi,F
70689,Liu Yongshi,F
70703,Liu Zhaowu,M
70710,Liu Zige,F
71207,Long Qingquan,M
71894,L Bin,M
71898,Lu Chunlong,M
71906,Lu Haojie,M
71909,Lu Huihui,F
71920,Lu Wen,F
71921,Lu Xiaojun,M
71922,Lu Xiuzhi,F
71924,L Yang,F
71926,Lu Ying,F
71929,Lu Yong,M
71933,Lu Zhiwu,M
72393,Luo Xi,F
72395,Luo Xiaojuan,F
72396,Luo Xiaoling,F
72399,Luo Ying,F
72401,Luo Yu,F
72402,Luo Yutong,M
72717,Ma Duanbin,M
72722,Ma Huanhuan,F
72724,Ma Jianfei,M
72726,Ma Jin,F
72735,Ma Long,M
72736,Ma Menglu,F
72739,Ma Qing,F
72743,Ma Wei,F
72749,Ma Xiaoxu,F
72750,Ma Xuejun,F
72753,Ma Yibo,F
72756,Ma Yingnan,F
72760,Ma Yunwen,F
72761,Ma Zengyu,F
74675,Mao Feilian,M
74678,Mao Yi,F
78211,Mei Xiaohan,F
78704,Meng Fanlong,M
78714,Meng Qiang,M
78716,Meng Suping,F
79299,Mi Yang,F
79311,Miao Lijie,F
79316,Miao Tian,F
79317,Miao Yihua,F
86449,Ning Zetao,M
86568,Niu Guannan,F
90045,Ou Zixia,F
90936,Pan Feihong,F
90941,Pan Qiang,M
91037,Pang Fengyue,F
91038,Pang Jiaying,F
91043,Pang Wei,M
93008,Peng Fei,M
93009,Peng Lin,F
93011,Peng Shuai,F
93013,Peng Yang,F
97365,Pu Qifeng,M
97755,Qi Yuhong,F
97764,Qiao Sen,M
97767,Qieyang Shenjie,F
97768,Qin Chenlu,M
97771,Qin Kai,M
97772,Qin Qiang,M
97776,Qiong Maimaitituersun,M
97778,Qiu Bo,M
97786,Qiu Yuhan,F
97787,Qiu Ziao,M
99913,Ren Cancan,F
99922,Ren Mengqian,F
99924,Ren Qian,F
99928,Ren Wenjun,F
99930,Ren Ye,F
104331,Sai Yinjirigala,M
109205,Shan Danna,F
109207,Shan Jun,M
109218,Shang Chunsong,F
109219,Shang Keyuan,M
109220,Shang Rong,F
109244,Shao Ting,F
109246,Shao Yiwen,F
109532,Shen Chen,F
109533,Shen Duo,F
109537,Shen Jie,M
109545,Shen Pingan,M
109561,Sheng Jiang,M
109668,Shi Dongpeng,M
109674,Shi Jialuo,M
109675,Shi Jian,M
109676,Shi Jinglin,F
109681,Shi Qinglan,F
109682,Shi Tengfei,M
109683,Shi Tingmao,F
109686,Shi Yang,M
109688,Shi Zhiyong,M
110042,Shu Jianming,M
110043,Shu Junrong,M
110045,Shu Siyao,F
110125,Si Tianfeng,M
110126,Si Yajie,F
113113,Song Donglun,F
113138,Song Qingling,F
113154,Song Wenyan,F
113156,Song Xiaoyun,F
116059,Su Bingtian,M
116071,Su Xinyue,F
116073,Su Yuling,F
116262,Sui Lu,F
116263,Sui Ran,M
116464,Sun Huizi,F
116465,Sun Jie,M
116479,Sun Man,M
116480,Sun Meichen,F
116481,Sun Mengran,F
116482,Sun Mengxin,F
116492,Sun Sinan,F
116497,Sun Wei,M
116499,Sun Wenyan,F
116500,Sun Xiao,F
116504,Sun Yanan,F
116505,Sun Yang,M
116506,Sun Yating,F
116507,Sun Yawei,F
116508,Sun Ye,F
116511,Sun Yiwen,F
116513,Sun Yue,M
116514,Sun Yujie,F
116515,Sun Yujun,F
118266,Tan Jian,F
118268,Tan Jiaxin,F
118280,Tan Ruyin,F
118298,Tan Ya,M
118303,Tan Zongliang,M
118408,Tang Bin,F
118426,Tang Mengni,F
118436,Tang Xingqiang,M
118439,Tang Yi,F
118442,Tang Yuanting,F
119165,Teng Fei,F
119169,Teng Zhiqiang,M
120213,Tian Liang,F
120215,Tian Qing,F
120216,Tian Tao,M
121037,Tong Weisong,M
121038,Tong Wen,F
128401,Wang Aichen,M
128417,Wang Chengxiang,M
128428,Wang Chunxin,M
128429,Wang Chunyu,F
128433,Wang Dapeng,M
128436,Wang Fan,F
128447,Wang Guan,M
128453,Wang Haibing,F
128456,Wang Hao,M
128458,Wang Hao,F
128468,Wang Hui,F
128476,Wang Jiali,F
128478,Wang Jianan,M
128481,Wang Jiao,F
128490,Wang Jingzhi,M
128506,Wang Lianyuan,F
128523,Wang Lumin,M
128527,Wang Mengyu,F
128529,Wang Min,F
128531,Wang Mingjuan,F
128535,Wang Na,F
128545,Wang Qiang,F
128551,Wang Shanshan,F
128558,Wang Shijia,F
128562,Wang Shipeng,M
128564,Wang Shuang,F
128565,Wang Shun,M
128570,Wang Tao,M
128573,Wang Tiexin,M
128577,Wang Wei,M
128582,Wang Weidong,M
128586,Wang Weiyi,M
128595,Wang Xiaoli,F
128596,Wang Xiaoli,F
128604,Wang Xin,F
128606,Wang Xinyan,F
128612,Wang Xuanxuan,M
128613,Wang Xueer,F
128614,Wang Xueqin,F
128618,Wang Yan,F
128625,Wang Yi,F
128627,Wang Yihan,F
128628,Wang Yimei,F
128631,Wang Ying,F
128637,Wang Yu,M
128642,Wang Yuwei,F
128644,Wang Zhelin,M
128645,Wang Zhen,M
128646,Wang Zhen,M
128647,Wang Zhendong,M
128648,Wang Zheng,F
128653,Wang Zhiwei,M
128654,Wang Zhizhi,M
129288,Wei Meng,F
129289,Wei Ning,F
129294,Wei Qiuyue,F
129295,Wei Wei,F
129297,Wei Yongli,F
131763,Wu Ashun,M
131781,Wu Di,F
131786,Wu Haiyan,F
131792,Wu Jiaxin,F
131794,Wu Jingbiao,M
131795,Wu Jingyu,F
131805,Wu Minxia,F
131809,Wu Peng,M
131810,Wu Penggen,M
131813,Wu Qiong,F
131819,Wu Shugen,F
131820,Wu Shuijiao,F
131837,Wu Yanan,F
131840,Wu Yiwen,F
131845,Wu Yuhang,M
132003,Xiang Yanmei,F
132005,Xiao Di,M
132021,Xie Limei,F
132022,Xie Wenjun,M
132027,Xie Zhenye,M
132033,Xin Xin,F
132041,Xing Yu,M
132043,Xiong Dunhan,F
132051,Xu Anqi,F
132052,Xu Chao,M
132053,Xu Chen,M
132058,Xu Dongxiang,F
132065,Xu Jiayu,M
132068,Xu Jing,F
132072,Xu Lijia,F
132073,Xu Lili,F
132075,Xu Linyin,M
132078,Xu Rui,F
132087,Xu Xiaolong,M
132089,Xu Xiaoxu,F
132090,Xu Xin,M
132098,Xu Yifan,F
132103,Xu Yunli,F
132104,Xu Zangjun,M
132111,Xue Changrui,M
132112,Xue Chen,F
132415,Yan Ni,F
132423,Yan Zibei,M
132466,Yang Bin,M
132485,Yang Fangxu,F
132496,Yang Haoran,M
132517,Yang Jun,F
132518,Yang Junjing,F
132519,Yang Junxia,F
132522,Yang Li,F
132558,Yang Xiuli,F
132564,Yang Yansheng,M
132566,Yang Ye,F
132575,Yang Zhe,M
132577,Yang Zhixian,M
132622,Yao Jie,M
132625,Yao Jinnan,F
132628,Yao Ping,F
132632,Yao Yige,F
132744,Ye Shiwen,F
132758,Katai Yeerlanbieke,M
132953,Yi Jianlian,M
132955,Yi Li,M
132957,Yi Siling,F
132984,Yin Anna,F
132985,Yin Chengxin,F
132989,Yin Junhua,F
133174,You Hao,M
133294,Yu Chenggang,M
133299,Yu Dan,F
133306,Yu Fengkai,M
133313,Yu Hexin,M
133336,Yu Jingyao,F
133342,Yu Lamei,F
133353,Yu Qian,F
133368,Yu Song,F
133372,Yu Wei,M
133381,Yu Yang,F
133397,Yuan Jing,F
133399,Yuan Qiqi,F
133402,Yuan Xinyue,F
133423,Yue Chao,F
133425,Yue Yuan,F
134335,Zeng Chunlei,F
134342,Zeng Zhen,F
134410,Zhai Xiaochuan,M
134428,Zhang Binbin,F
134431,Zhang Changning,F
134433,Zhang Chenglong,M
134435,Zhang Chongyao,M
134438,Zhang Cong,F
134443,Zhang Enjian,M
134444,Zhang Fan,F
134445,Zhang Fangbing,M
134447,Zhang Fenglin,M
134448,Zhang Fengliu,F
134449,Zhang Fusheng,M
134456,Zhang Guolin,M
134457,Zhang Guowei,M
134467,Zhang Hongpeng,M
134475,Zhang Jian,M
134476,Zhang Jiawei,M
134477,Zhang Jie,M
134479,Zhang Jike,M
134480,Zhang Jing,F
134483,Zhang Jingjing,F
134486,Zhang Jinrong,F
134489,Zhang Jun,M
134494,Zhang Lei,F
134495,Zhang Lei,M
134497,Zhang Lei,F
134500,Zhang Li,F
134504,Zhang Liang,M
134506,Zhang Liangliang,M
134513,Zhang Ling,F
134514,Zhang Ling,F
134516,Zhang Mengxue,F
134517,Zhang Miao,M
134518,Zhang Min,F
134523,Zhang Nan,M
134528,Zhang Peimeng,M
134532,Zhang Qibin,M
134540,Zhang Rui,F
134544,Zhang Shuai,F
134552,Zhang Tian,M
134558,Zhang Weiwei,F
134559,Zhang Wenxiu,F
134561,Zhang Xi,F
134563,Zhang Xian,F
134570,Zhang Xiaonan,F
134575,Zhang Xiaoxue,F
134576,Zhang Xiaoyi,M
134582,Zhang Xinyan,F
134583,Zhang Xinyu,F
134584,Zhang Xinyue,F
134585,Zhang Xiuyun,F
134589,Zhang Yage,F
134592,Zhang Yangyang,F
134595,Zhang Yanquan,M
134598,Zhang Yi,F
134599,Zhang Yimeng,F
134615,Zhang Yufei,F
134617,Zhang Yuhan,F
134621,Zhang Zhaoxu,M
134622,Zhang Zhehui,F
134625,Zhang Zhilei,M
134631,Zhao Baofang,F
134642,Zhao Jianguo,M
134645,Zhao Jin,F
134646,Zhao Jing,F
134647,Zhao Jingbin,M
134648,Zhao Jingnan,F
134649,Zhao Jiwei,M
134654,Zhao Lina,F
134656,Zhao Minggang,M
134658,Zhao Rong,F
134660,Zhao Shasha,F
134661,Zhao Shengbo,M
134663,Zhao Shuai,M
134664,Zhao Shuang,F
134682,Zhao Yudiao,F
134683,Zhao Yunlei,F
134684,Zhao Zhifang,F
134687,Zhao Zihan,F
134731,Zheng Jie,F
134739,Zheng Saisai,F
134740,Zheng Shuyin,F
134743,Zheng Xingjuan,F
134781,Zhong Man,M
134783,Zhong Tianshi,F
134785,Zhong Xuechun,F
134788,Zhou Chao,F
134791,Zhou Feng,F
134796,Zhou Jiawei,M
134798,Zhou Jun,F
134800,Zhou Lulu,F
134803,Zhou Min,F
134805,Zhou Peng,M
134806,Zhou Peng,M
134808,Zhou Qi,M
134827,Zhou Yilin,F
134829,Zhou Yu,F
134832,Zhou Yubo,M
134838,Zhu Fangyu,M
134847,Zhu Jun,M
134849,Zhu Menghui,F
134850,Zhu Min,F
134852,Zhu Qianwei,F
134853,Zhu Qinan,M
134855,Zhu Renxue,M
134857,Zhu Ting,F
134859,Zhu Weiwei,F
134861,Zhu Xiaolin,F
135269,Zou Kai,M
135270,Zou Shiming,M
135273,Zou Yuchen,M
135318,Zu Lijun,M
3691,Anne Dsane Andersen,F
3779,Stine Myrhj Andersen,F
4089,Simon Andreassen,M
6174,Viktor Axelsen,M
6986,Lars Ytting Bak,M
8214,Jacob Jepsen Barse,M
8775,Anne Sofie Holm Baumeister (Jrgensen-),F
10255,Allan Hundstrup Bentsen,M
11964,Jakob Blbjerg Mathiasen,M
12247,Kasper Bleibach,M
12399,Pernille Blume,F
12653,Mathias Boe,M
12691,Lasse Motzkus Boesen,M
12852,Susanne Boidin,F
13147,Marianne Bonde Pedersen,F
14447,Frederik Lindbg Brsting,M
14966,Matti Breschel,M
15210,Sarah Bro,F
15234,Nicolai Brock-Madsen,M
15326,Viktor Bregner Bromer,M
15971,Andreas Hjartbro Bube,M
16229,Lrke Buhl-Hansen,F
16513,Louise Katharina Burgaard Madsen,F
19483,Dennis Villy Ceylan,M
21249,Kim Juhl Christensen,M
21262,Simone Tetsche Christensen,F
21281,Carina Rosenvinge Christiansen,F
21299,Mads Christiansen,M
22031,Marcus David Cleverly,M
24831,Anders Dahl,M
24849,Sren Dahl,M
24954,Camilla Dalby,F
27805,Mikkel Desler Puggaard,M
28387,Amalie Dideriksen,F
29933,"Jessica Margaret Aida ""Jess"" Draskau-Petersson",F
30445,Cathrine Dufour,F
31224,Eskild Balschmidt Ebbesen,M
31589,Anders Eggert Jensen,M
32879,Fie Udby Erichsen,F
34286,Jesper Lind Skak Faurschou,M
35764,Sebastian Fleischer,M
36092,Casper Michael von Folsach,M
36940,Helle Houmann Frederiksen,F
37225,Lotte Friis,F
37463,Jakob Diemer Fuglsang,M
40839,Mads Glsner,M
41120,Anders Christian Golding,M
41254,"Ediegerson Funny ""Eddi"" Gomes d'Almeida",M
42330,Tina Schmidt Gramkov (Christensen-),F
42721,Pascal Gregor Wiberg,M
42975,Torben Risgaard Grimmel,M
43215,Jonathan Groth,M
44349,Mathias Gydesen,M
45730,Henriette Engel Hansen,F
45732,Henrik Toft Hansen,M
45742,Jena Mai Hansen,F
45746,Jesper Hansen,M
45769,Lasse Norman Hansen,M
45781,Michael Hansen,M
45782,Mikkel Hansen,M
45793,Ren Toft Hansen,M
48272,Ole Hesselbjerg,M
48280,Michael Hestbk,M
49383,Nina Hollensen,F
49430,Caroline Bonde Holm,F
49567,Pernille Holst Larsen (-Holmsgaard),F
50413,Peter Heg Gade Birkeholm Christensen,M
50415,Jonas Hgh Christensen,M
50423,Jeppe Hjbjerg,M
52320,Anton rskov Ipsen,M
53309,Maja Buskbjerg Jager,F
53395,Lisbet Falch Jakobsen,F
54379,Henrik Mllgaard Jensen,M
54390,Julie Kepp Jensen,F
54411,Line Jensen,F
54436,Peter Jensen,M
54460,Anne Jensen-van Olst,F
55058,Pl Vitalis Joensen,M
56098,Jens Jnsson,M
56113,Emma Aastrand Jrgensen,F
56121,Jan stergaard Jrgensen,M
56130,Line Anna Ryborg Jrgensen,F
56133,Morten Jrgensen,M
56222,Kamilla Rytter Juhl,F
56460,Christopher Juul Jensen,M
57900,Anna Kasprzak,F
60719,Agnete Kirk Thinggaard (Kirk Kristiansen-),F
60987,Sren Kjeldsen,M
61007,Line Kjrsfeldt,F
61598,Kim Wraae Knudsen,M
61602,Michael Levring Vestergaard Knudsen,M
61764,Henriette Koch,F
63955,Jannick Green Krejberg,M
64077,Berit Hudtloff Kristensen,F
64220,Christina Krogshede Nielsen,F
66315,Niklas Landin Jacobsen,M
66403,Peter rsted Lang,M
66525,Annika Langvad,F
66786,Emil Larsen,M
66805,Jacob Sgaard Larsen,M
66806,Jacob Bruun Larsen,M
66812,Kasper Larsen,M
66820,Mads Mensah Larsen,M
66825,Nicole Broch Larsen,F
66827,Niklas Larsen,M
67160,Jacob Barrett Laursen,M
67162,Louise Klingenberg Laursen,F
67171,Niklas Laustsen,M
67381,Thomas Laybourn,M
69717,Anders Lie Nielsen,M
70066,Hans Ottar Lindberg,M
71951,Christian Peter Stephensen Lbeck,M
73250,Frederik Rodenberg Madsen,M
73264,Mark Overgaard Madsen,M
73267,Nanna Koerstz Madsen,F
75231,Nikolaj Rmer Berg Markussen,M
76909,Andreas Beyer Maxs,M
77077,Michael John Maze,M
78403,Lotte Meldgaard Pedersen,F
78420,Mette Blak Melgaard Sall,F
80855,Carsten Mogensen,M
80857,Thomas Mackeprang Mogensen,M
82327,Casper Ulrich Mortensen,M
82331,Karin rnhj Mortensen,F
82743,Anna-Emilie Mller,F
82764,Michael Mrkv (-Christiansen),M
85962,Casper Mrup Nielsen,M
85997,Joachim Flemming Fischer Nielsen,M
86001,Kasper Nielsen,M
86014,Mathias Mller Nielsen,M
86018,Michael Damgaard Nielsen,M
86020,Mie stergaard Nielsen,F
86043,Stine Nielsen,F
87255,Jesper Nddesbo,M
87258,Ann Grete Nrgaard,F
87260,Allan Nrregaard Christensen,M
87491,Hkan Erik Nyblom,M
88662,Claus Elsborg Olesen,M
88665,Jacob Thorbjrn Olesen,M
88896,Morten Olsen,M
90004,Jeanette Ottesen Gray,F
92617,Christina Nimand Pedersen,F
92618,Christinna Pedersen,F
92669,Rikke Mller Pedersen,F
96559,Ren Holten Poulsen,M
97801,Rasmus Christian Quaade,M
97998,Rasmus Nicolai Quist Hansen,M
99015,Juliane Elander Rasmussen,F
99021,Hedvig Lrke Berg Rasmussen,F
99022,Mads Reinholdt Rasmussen (-Kirke),M
99024,Mathias Hebo Rasmussen,M
99042,Tine Rasmussen Baun,F
100902,Anne-Marie Rindom,F
104866,Katja Steen Salskov-Iversen,F
106843,Thorbjrn Schierup,M
106879,Andreas Schilling Andersen,M
107128,Rasmus Lauge Schmidt,M
108325,Lisbeth Boline Seierskilde,F
111554,Daniel Skaaning,M
111768,Mie Skov,F
111769,Rikke Erhardsen Skov,F
111770,Robert Skov,M
111995,Sara Slott-Bruun Petersen,F
113045,Lene Sommer,F
113553,Kasper Sndergaard Sarup,M
113562,Chris Anker Srensen,M
113594,Nicki Srensen,M
113740,Bo Dybdal Spellerberg,M
114973,Henrik Victor Stephansen,M
116055,Emil Christian Str,M
116859,Lasse Jemon Svan Hansen,M
119603,Morten Therkildsen,M
119968,Amalie Ringtved Thomsen,F
119969,Anne Lolk Thomsen,F
120096,Susan Thorsgaard,F
121988,Trine Stenbk Troelsen,F
121990,Stina Troest,F
123220,Abdi Hakin Achkel Ulad,M
126292,Lasse Vibe,M
126295,Anette Viborg Andreasen,F
126677,Ida Engholm Villumsen,F
128801,Jonas Warrer,M
129834,Magnus Westermann,M
131072,Kasper Winther Jrgensen,M
131652,Caroline Wozniacki,F
135322,Nathalie Xenia Margareta Benedikte zu Sayn-Wittgenstein-Berleburg,F
135,Lois Abbingh,F
690,Chantal Achterberg,F
1169,Marilyn Agliotti,F
4979,Jacco Arends,M
6397,"Alexander German ""Sander"" Baart",M
7072,Billy Pierre Bakker,M
7273,Marcel Gerard Balkestein,M
7274,Maret Balkestein-Grothues,F
9506,Annemiek Bekkering,F
9573,Claudia Renate Belderbos,F
9599,Yvon Belin,F
10612,Lobke Berkhout,F
10828,Kiki Bertens,F
10955,Annemieke Marileen Bes,F
11094,Nicole Beukers,F
12193,Jessica Blaszka,F
12277,Rogier Blink,M
12318,Merel Blom,F
12558,Solomon Bockarie-Bayoh,M
12662,Melissa Boekelman,F
13173,Liemarvin Bonevacia,M
13324,Lars Anthonius Johannes Boom,M
13703,Theo Bos,M
13705,Willemijn Bos,F
13706,Marcelien Bos-de Koning,F
13717,Edith Bosch,F
14202,Carline Bouw,F
14211,Marit Bouwmeester,F
14456,Roel Hubertus Braas,M
14768,Pieter Braun,M
15221,Yvette Broch,F
15299,Nadine Martina Broersen,F
15446,Alexander Brouwer,M
15944,Maarten Brzoskowski,M
16055,Matthijs Bchli,M
16255,Anne Buijs,F
17225,Erik Cade,M
17251,Maaike Caelers,F
22203,Giovanni Orlando Codrington,M
23096,Monique Adelinde Cornelissen,F
23345,Kalle Kristian Coster,M
23346,Sven Erik Coster,M
23918,Jorrit Croon,M
25933,Merel Manon de Blaey,F
26117,Lilian de Geus,F
26125,Eva Roma Maria de Goede,F
26151,Sytske Louise de Groot,F
26159,Annemiek Nicolien de Haan,F
26236,Coen de Koning,M
26242,Robin de Kruijf,F
26495,Teun Floris de Nooijer,M
26751,Bob de Voogd,M
26773,Xan de Waard,F
26783,Sander Sebastiaan de Wijn,M
26791,Frank de Wit,M
26795,Laura de Witte,F
26796,Lisanne de Witte,F
26969,Andrea Deelstra,F
27081,Inge Dekker,F
27911,Bart Deurloo,M
28424,Mitch Dielemans,M
28512,Laura Chantal Dijkema,F
28741,Carlien Clemens Dirkse van den Heuvel,F
29962,Dion Christian Dreesens,M
30026,"Nicolaas ""Nick"" Driebergen",M
30245,Jeroen Dubbeldam,M
30414,Annette Duetz,F
30537,Kelly Dulfer,F
30601,Tom Dumoulin,M
31518,Britt Eerland,F
32401,"Daxenos Richard Ren ""Dex"" Elmont",M
32402,Guillaume Ricaldo Elmont,M
32737,Birgit Ente,F
33517,Floris Maarten Alphons Maria Evers,M
35883,Fabian Florant,M
36182,Nouchka Fontijn,F
37050,Uschi Freitag,F
37972,"Edwin Johannes ""Edward"" Gal",M
39857,Robert Gesink,M
39921,Madiea Ghafoor,F
40954,Maartje Goderie,F
41727,Michelle Goos,F
43072,Renee Joanne Groeneveld,F
43095,"Hindrik Harmannus Arnoldus ""Henk"" Grol",M
43138,Cornelia Nycke Groot,F
43925,Loes Anna Gunnewijk,F
44490,Robin Haase,M
45221,Sjoerd Herman Hamburger,M
46501,Sifan Hassan,F
46951,Maaike Christiane Head,F
47117,"Frederike Johanna Maria ""Femke"" Heemskerk",F
47133,Andrew David Heffernan,M
47208,"Frederik Timothee ""Tim"" Heijbrock",M
47246,Levi Heimans,M
47432,Peter Leonard Hellenbrand,M
47603,Kaj Hendriks,M
48213,Jeroen Dolf Hertzberger,M
48511,Yvonne Hijgenaar,F
49183,Rogier Alexander Hofman,M
49232,"Elisabeth Wilhelmina ""Ellen"" Hogerwerf",F
49791,Ellen Marijn Hoog,F
49797,Jeffrey Hoogland,M
50277,Marc Francis Houtzager,M
50936,Jenning Hein Huizenga,M
53700,Jasmina Jankovi,F
53776,Liesbeth Monique Jansen,F
53798,Inge Janssen,F
54320,Tim Antonius Jenniskens,M
55570,Wouter Jolie,M
55792,Kelly Maria Jonker,F
55928,Aletta Jorritsma,F
57246,Willy Kanis,F
58396,Marloes Keetels,F
58456,Sanne Keizer,F
58656,Robbert Huib Kemperman,M
59537,Hilda Jepchumba Kibet,F
59624,Job Kienhuis,M
60404,Niek Kimmann,M
60515,Nienke Kingma,F
60601,Lornah Jebiwot Kiplagat,F
61018,Jozef Franciscus Hendrikus Klaassen,M
61034,Rachel Shamiso Klamer,F
61171,Meindert Gerrit Klem,M
61421,Ruben Abel Knab,M
61474,Andrea Kneppers,F
61884,"Divera Maria ""Vera"" Koedooder",F
63105,Maureen Koster,F
64249,Ranomi Kromowidjojo,F
64350,Steven Kruijswijk,M
64740,Susan Kuijken (-Krumins),F
65584,Enrico La Cruz,M
66214,Kim Lammers,F
66447,Harold Langen,M
66469,Sebastian Langeveld,M
66572,Monica Lanz,F
67006,Robert Lathouwers,M
68694,"Andrea Augusta Gemma ""Rea"" Lenders",F
69089,Laurien Leurink,F
69400,Jiao Li,F
69405,Jie Li,F
69780,Roeland Arthur Lievens,M
69817,Elis Ligtlee,F
69831,Bastiaan Lijesen,M
70425,Tim Cornelis Hendrik Lips,M
71947,Eva Lubbers,F
72042,"Jurswailly ""Ailly"" Luciano",F
72059,Robert Lcken,M
72156,"Willibrordus Adrianus Maria ""Joost"" Luiten",M
74032,Angela Malestein,F
75011,Brian Vincent Mariano,M
75657,Churandy Thomas Martina,M
78140,Robert Meeuwsen,M
78800,Madelein Meppelink,F
79232,Roy Meyer,M
79256,Boaz Cornelius Meylink,M
80134,Hans Peter Francois Minderhoud,M
81182,Bauke Mollema,M
81210,Tommy Andreas Mollet,M
81690,Jeroen Mooren,M
82852,Tycho Robert Muda,M
82853,Vincent Gerardus Muda,M
82992,Mandy Mulder,F
82996,"Teunis ""Teun"" Mulder",M
83030,Peter Mllenberg,M
83682,Eefje Muskens,F
83977,Alice Maria Naber-Lozeman,F
84114,Abdi Nageeye,M
85478,Robin Neumann,F
86178,Moniek Maria Nijhuis,F
86835,Ae-Ri Noort,F
87317,Reinder Aart Nummerdor,M
89230,Reshmie Oogink,F
92188,Hensley Paulina,M
92193,Ilse Paulis,F
92229,Maartje Yvonne Helene Paumen,F
92931,Elaine Lucia Pen,F
94667,Selena Piek,F
94739,Amy Pieters,F
94750,Judith Pietersen,F
94829,Joris Pijs,M
95336,Celeste Plak,F
95515,Femke Pluim,F
95639,"Wouter ""Wout"" Poels",M
95863,Sophie Polkamp,F
95899,Kim Polling,F
95912,Estavana Polman,F
96418,"Petrus Johannes ""Pieter-Jan"" Postma",M
97282,Mirco Pruijser,M
100046,Roline Virginie Repelaer van Driel,F
100836,Frank Rijken,M
101242,Karien Robbers,F
101889,Boudewijn Rell,M
102094,Jean-Julien Rojer,M
103654,Lies Rustenburg,F
105056,Jamile Sara Samuel,F
106210,Tessie Savelkouls,F
106706,Anne Schellekens,F
106907,Dafne Schippers,F
107444,Myrthe Schoot,F
107518,Hinkelien Schreuder,F
107536,Gerco Bernardus Schrder,M
107615,"Richard ""Rich"" Schuil",M
107804,Glenn Schuurman,M
107924,Ben Schwietert,M
108181,Naomi Sedney,F
108182,Gregory Hurtley Sedoc,M
110265,Olivier Floris Johannes Siegelaar,M
110346,Rianne Sigmond,F
110765,Diederik Rudolf Simon,M
111319,Eelco Peter Sintnicolaas,M
111985,Lonneke Sletjes,F
112004,Nanne Pieter Sluis,M
112088,Martine Smeets,F
112391,Rutger Smith,M
112466,Harrie Smolders,M
112503,Laura Smulders,F
112538,Danick Snelder,F
113022,Joyce Sombroek,F
113484,"Anna Sarah ""Sophie"" Souwer",F
114237,Debby Stam-Pilon,F
114618,Marrit Steenbergen,F
114619,Quinta Steenbergen,F
114623,Mitchel Steenman,M
114863,Lennart Bastiaan Stekelenburg,M
115322,"Jacob Petrus ""Jaap"" Stockmann",M
115423,Kyle Stolk,M
115438,Femke Stoltenborg,F
115810,"Willem ""Wim"" Stroetinga",M
119291,Anne Terpstra,F
119293,Niki Terpstra,M
120089,Eythora Elisabet Thorsdottir,F
120378,Elena Timina,F
121505,Kira Toussaint,F
122740,Hidde Turkstra,M
123195,Dirk Uittenbogaard,M
124133,Nol van 't End,M
124135,Nils van 't Hoenderdaal,M
124153,Naomi Frances van As,F
124157,Seve van Ass,M
124191,Merle van Benthem,F
124271,Theo van de Vendel,M
124297,Sjef van den Berg,M
124330,Bjrn van den Ende,M
124345,Raymon Theodorus Marinus Raymondo Raymond van der Biezen,M
124346,Anna van der Breggen,F
124347,Joost van der Burg,M
124370,Laura van der Heijden,F
124386,Robert Adriaan van der Horst,M
124420,Maud van der Meer,F
124421,Patrick Adrie van der Meer,M
124470,Rick Antonius van der Ven,M
124472,Maikel Leonardus van der Vleuten,M
124476,Jantine van der Vlist,F
124488,Vincent van der Want,M
124492,Mink Alphons van der Weerden,M
124520,"Eleonora Maria ""Ellen"" van Dijk",F
124548,Wianka van Dorp,F
124575,Anicka van Emden,F
124598,Margot van Geffen,F
124603,Lambertus Hendrikus Yuri van Gelder,M
124605,Twan Machiel Johannes van Gendt,M
124606,Jort van Gennep,M
124610,Cline Henriette van Gerner,F
124612,Sophie Johanna van Gestel,F
124622,Jelle van Gorkom,M
124626,"Theodora Elisabeth Gerarda ""Anky"" van Grunsven",F
124681,Rudolphus Antonie Cornelis Rudi van Houts,M
124693,Marleen Maria van Iersel (-Ramond),F
124750,Nicky van Leuveren,F
124769,Patrick Jermaine Herschel van Luijk,M
124771,Caia Jaqueline van Maasakker,F
124773,Kitty van Male,F
124818,Sanne van Olphen,F
124837,Vera Dorothea Wilhelmina van Pol,F
124864,Laurine van Riessen,F
124869,Dorian Benno Eric van Rijsselberge,M
124875,Olivia van Rooijen,F
124886,Sharon van Rouwendaal,F
124898,Rutger van Schaardenburg,M
124899,Tessa Johanna van Schagen,F
124905,Peter van der Noort van Schie,M
124908,Jan-Willem van Schip,M
124915,Diederik van Silfhout,M
124956,Anneloes van Veen,F
124957,Jos van Veen,F
124967,Annemiek Adriana van Vleuten,F
125237,Christiaan Varenhorst,M
125488,"Pete Gay ""Kadene"" Vassell",F
125498,Jip Vastenburg,F
125632,Jacobine Liduina Veenhoven,F
125745,"Magdalena Johanna Maria ""Marleen"" Veldhuis",F
125749,Tim Veldt,M
125804,Matthijs Vellenga,M
125932,"Lucas Adrianus ""Luuk"" Verbij",M
125996,Valentin Verga,M
126027,Sanne Verhagen,F
126048,Marhinde Verkerk,F
126056,Joeri Jordi Verlinden,M
126073,Esmee Vermeulen,F
126076,Klaas Theodoor Vermeulen,M
126129,Maria Verschoor,F
126133,Sebastiaan Clemens Verschuren,M
126144,"Pieter Gilles ""Mechiel"" Versluis",M
126170,Bas Verwijlen,M
126238,Anouk Vetter,F
126444,Govert Viergever,M
126851,Nadine Visser,F
127531,Ingmar Vos,M
127534,Marianne Vos,F
127631,"Jan Johannes ""Jur"" Vrieling",M
128369,Jeffrey Theodorus Wammes,M
129236,Ferry Weertman,M
129571,Lidewij Marsia Maria Welten,F
129807,Tess Wester,F
129822,Lisa Laetitia Westerhof,F
129867,Lieuwe Westra,M
129894,Roderick Camiel Weusthof,M
129896,Lieke Wevers,F
129898,Sanne Wevers,F
130259,Peter Noel Jan Wiersum,M
130298,Tone Wieten,M
130397,Kirsten Carlijn Wild,F
130512,Elisabeth Willeboordse,F
132623,Jie Yao,F
134228,Afrodite Zegers (Kyranakou-),F
135228,Epke Jan Zonderland,M
2203,Tapani Jarkko Ala-Huikku,M
4606,Miika Matias Antti-Roiko,M
5717,Jonathan Jens-Erik strand,M
8459,Kalle Bask,M
10493,Jere Petrud Bergius,M
19261,Camilla Cedercreutz,F
32990,Sandra Elisabeth Eriksson,F
44989,Anne Johanna Halkivaha,F
48469,Rami Antero Hietaniemi,M
49757,Jenni Honkanen-Mikkonen,F
51459,Anne-Mari Hyrylinen (Koskinen-),F
51900,Mikko Antero Ilonen,M
53343,Kai Jahnsson,M
53450,Mimosa Jallow,F
53689,Elmo Jankari,M
55562,Valtteri Jokinen,M
56774,Roope Kakko,M
57204,Emma Kanerva,F
57207,Silja Kanerva,F
58644,Antti Heikki Juhani Kempas,M
58908,Jukka Pekka Sakari Keskisalo,M
60543,Jarkko Juhani Kinnunen,M
60751,Karl Oskar Kirmes,M
63020,Matias Koski,M
65052,Taru Kuoppa,F
65538,Tanja Kylliinen,F
66410,Ville Lng,M
67098,Jenna Laukkanen,F
67101,Noora Laukkanen,F
68417,Lauri Lehtinen,M
68421,Silja Lehtinen,F
68856,Lotta Lepist,F
70142,Mattias Lindfors,M
70153,Joonas Lindgren,M
70159,Niklas Lindgren,M
70175,Mikaela Lindh,F
70712,Ari-Pekka Liukkonen,M
73835,Meri Kristiina Mkel,F
73842,Satu Mkel-Nummela,F
74526,Ari Pekka Mannio,M
76732,Matti Mattsson,M
79690,Suvi Mikkonen,F
82190,Santtu Oskari Mr,M
83202,Sari Susanna Multala,F
83617,Wilma Anna Helena Murto,F
85516,Mira Nevansuu-Suhonen,F
85616,Nooralotta Maria Neziri,F
86088,Jarkko Kalervo Nieminen,M
86223,Minna Marianne Nikkanen,F
86477,Tapio Kalevi Nirkko,M
88346,Aleksi Mikael Ojala,M
88577,Benedek Mrton Olh,M
88815,Petra Maarit Olli,F
91820,"Veli-Matti ""Aku"" Partanen",M
93767,Tuuli Pauliina Petj (-Sirn),F
94819,Samuli Piippo,M
94837,Emilia Pikkarainen (-Bottas),F
95232,Tero Kristian Pitkmki,M
96466,Mira Potkonen,F
97557,Leena Puotiniemi,F
99821,Juho Reinvall,M
100845,Anne Maria Kristiina Rikala,F
103577,Noora Ruskola,F
103723,Antti Hermanni Ruuskanen,M
105289,Linda Maria Sandblom,F
105304,Niclas Emanuel Sandells,M
108745,Hanna-Maria Seppl,F
112699,David Immanuel Sderberg,M
116532,Jaana Sundberg,F
116575,Pia Ann-Katrine Sundstedt,F
118225,Noora Tamminen,F
118548,Kaarle Tapper,M
119175,Tuula Tenkanen,F
120765,Milko Sergei Olavi Tokola,M
121196,Vesa Trnroos,M
121319,Osku Kalervo Tapio Torro,M
123530,Annika Urvikko,F
123635,Jussi Pekka Utriainen,M
123636,Sanni Marja Anniina Utriainen,F
123802,Nanna Vainio,F
124000,Tero Seppo Vlimki,M
125676,Jussi Veikkanen,M
127199,"Ekaterina ""Katja"" Volkova",F
127727,Anni Teija Orvokki Vuohijoki,F
129202,Anu Kristiina Weckstrm-Nieminen,F
130377,Krista Ursula Wikstrm (Tuutti-),F
131858,Mikaela Wulff,F
133009,Marjo Yli-Kiikka,F
133011,Johanna Ylinen,F
1145,Maia Kristiane Agerup,F
1146,Ragna Agerup,F
3077,Ida Alstad,F
4310,Tonje Angelsen,F
5245,Emilie Hegh Arntzen,F
7071,Ole Magnus Bakken,M
10425,Stig Andr Berge,M
11954,Susann Jakobsen Bjrnsen,F
12406,Kristian Blummenfeldt,M
13395,Kjetil Borch,M
14899,Karoline Charlotte Dyhre Breivang,F
14903,Odd Arne Brekne,M
15459,Tore Brovold,M
15743,Kristoffer Brun,M
15909,Ole-Kristian Bryhn,M
16172,Tiril Merete Hartvedt Bue,F
16884,Urige Arado Buta,M
17107,Sven Erik Bystrm,M
21289,Henrik Christiansen,M
24864,Gunn Rita Dahle-Flesj,F
31709,Marthe Enger Eide,F
36595,Marit Malm Frafjord,F
40594,Amund Nordal Gismervik,M
42984,Kari Aalvik Grimsb,F
43402,Karoline Bjerkeli Grvdal,F
44704,Edvald Boasson Hagen,M
45673,Are Hansen,M
45928,Katrine Lunde Haraldsen,F
46648,Hvard Haukenes,M
47268,Vita Heine,F
47445,Siril Helljesen,F
47699,Eivind Prestegrd Henriksen,M
48128,Camilla Herrem,F
49106,Nils Jakob Skulstad Hoff,M
51451,Hedda Hynne,F
52116,Filip Ingebrigtsen,M
52117,Henrik Ingebrigtsen,M
52730,Amalie Hammild Iuel,F
55122,Kari Mette Johansen,F
61921,Espen Kofstad,M
64109,Veronica Egebakken Kristiansen,F
64124,Alexander Kristoff,M
65199,Amanda Maria Kurtovic,F
65466,Sara Blengsli Kvrn,F
65806,Vegard Stake Laengen,M
66784,Eirik Vers Larsen,M
66823,Mira Vers Larsen (Rosenlind Jacobsen Falch-),F
71867,Heidi Lke,F
71879,Ingeborg Lvnes,F
72292,Kristine Lunde-Borgersen,F
74882,Ida Marcussen,F
78468,Eivind Sigurd Melleby,M
80735,Emilie Moberg,F
80826,Sondre Nordstad Moen,M
81117,Mari Kristine Sbstad Molid,F
81206,Maria Aadland Mollestad,F
82763,Nora Mrk,F
84801,Tore Navrestad,M
85368,Brd Magnus Nesteng,M
86875,Sara Maria Evelina Nordenstam,F
86883,Lars Petter Nordhaug,M
87263,Tonje Nstvold,F
87550,Trond Nymark,M
88115,Stine Bredal Oftedal,F
88502,Ezinne Okparaebo,F
92603,Anders stre Pedersen,M
92640,Isabelle Sandstedt Pedersen,F
92667,Petter Mrland Pedersen,M
94215,Suzann Pettersen,F
94554,Bartosz Mariusz Piasecki,M
100714,Linn-Kristin Ullevoldster Riegelhuth Koren,F
103681,Kristian Ruth,M
104360,Jaysuma Saidy Ndure,M
111555,Tina Re Skaar,F
111567,Sven Martin Skagestad,M
111604,Tarjei Viken Skarlund,M
111611,Marianne Skarpnord,F
111681,Stian Skjerahaug,M
112564,Ingvild Nicoline Nerdrum Snildal,F
112580,Gril Snorroeggen,F
112872,Sanna Charlotte Solberg,F
112943,Lavrans Solli,M
113873,Martin Spinnangr,M
114230,Jannicke Stlstrm,F
115492,Signe Marie Fidje Store,F
115643,Are Weierholt Strandli,M
116353,Linn Jrum Sulland,F
120054,Andreas Thorkildsen,M
122530,Olaf Karl Tufte,M
122980,Erik Tysse,M
128658,Sebastian Wang-Hansen,M
128755,Karsten Warholm,M
129821,Malin Westerheim,F
22,Andreea Aanei,F
760,Constantin Adam,M
1108,Drago Agache,M
1472,Vlad-Drago Aicoboae,M
2388,Nicoleta Albu,F
2605,Alin Alexuc-Ciurariu,M
5340,Andreea Arsine,F
7622,Enik Barabs-Mironcic,F
8200,Florina Maria Brsan-Chintoan,F
8528,Cristian Ioan Bag,M
9389,Irina Camelia Begu,F
9575,Gianina Elena Beleag,F
10295,Marius Daniel Berbecar,M
10341,Mdlina Bere,F
11655,Roxana Elisabeta Brc,F
12486,Claudia Mihaela Bobocea,F
12487,Ancua Bobocel,F
12757,Andreea Boghian,F
14698,Ana Maria Florentina Brnz-Popescu,F
14722,Daniel Brata,M
15996,Eliza-Iulia Buceschi,F
16252,Ovidiu Buidoso,M
16279,Cristina Ioana Bujin,F
16353,Diana Laura Bulimar,F
16835,Dan Andrei Buil,M
17512,Mlina Clugreanu,F
18083,Corina Oana Cprioriu,F
18089,Dumitru Captari,M
18742,Cristina Casandra (Iloc-),F
20130,Diana Maria Chelaru,F
20797,Rare Daniel Chintoan,M
20809,Mihnea Chioveanu,M
20814,Laura Chiper,F
20828,Iosif Chiril,M
20868,Andreea Stefania Chiu,F
21676,Elena Daniela Crlan,F
21679,Sorana Mihaela Crstea,F
22169,Alexandru Coci,M
22170,Marius Iulian Cocioran,M
22190,Roxana Daniela Coco,F
22249,Roxana Gabriela Cogianu,F
22287,Adelina Maria Cojocariu-Bogus,F
23331,Alin Coste,M
23404,Vlad Bogdan Cotuna,M
23618,Marius Vasile Cozmiuc,M
23814,Adrian Crian,M
23886,Florin Ionu Croitoru,M
24427,Florin Curuea,M
25098,Georgeta Damian-Andrunache,F
25342,Radu Drban,M
25434,Ana Iulia Dascl,F
28138,Nicolae Virgil Diaconu,M
28685,Loredana Dinu (Iordchioiu-),F
28766,Constantina Di-Tomescu,F
29204,Tiberiu Alexandru Dolniceanu,M
29527,Irina Dorneanu,F
29890,Marian Drgulescu,M
29896,Eduard Mihai Drguin,M
30126,Daniela Druncea,F
30572,Rare Dumitrescu,M
30574,Liviu-Alexandru Dumitrescu-Lazar,M
30576,Alina Alexandra Dumitru (-Croitoru),F
32294,Valentina Neli Elisei (Ardean-),F
34189,Dan Gheorghe Fie,M
35312,Ana Luiza Filiorianu,F
37878,Andrei Marius Gag,M
39153,Petru Ionel  Gavril,M
39365,Melinda Geiger,F
39583,Ramiro Georgescu,M
40004,Simona Cristina Gherman (Alexandru-),F
40015,Alexandru Andrei Ghiban,M
40195,Talida-Teodora Gdoiu,F
40782,Robert Andrei Glin,M
40901,Dimitri Goan,M
41443,Toader Andrei Gontaru,M
42214,Lenua Nicoleta Grdinaru-Grasu,F
42904,Cristina Grigora,F
43682,Ivan Guidea,M
44961,Simona Halep,F
50185,Camelia Hotea (Balint-),F
50957,Florina Sorina Hulpan,F
52275,Marius Viorel Ionescu,M
52276,Ovidiu Ionescu,M
52282,Toni Ionel Ioneticu,M
52284,Anamaria Ioni,F
52292,Larisa Andreea Iordache,F
52303,Andrei Ionu Iosep,M
52994,Sandra Raluca Izbaa,F
56354,Bogdan Andrei Juratoni,M
56559,Kalman Janos Kadar,M
61839,Flavius Koczi,M
65703,Mihaela Lctu,F
67135,Irina Lauric,F
67259,Elena Mirela Lavric,F
68353,Ionela Livia Lehaci,F
72413,Camelia Gabriela Lupacu,F
73126,Daniel Macovei,M
73152,Bogdan Mada,M
74380,Oana Andreea Manea,F
75258,Anca Mroiu,F
75624,Rzvan Constantin Martin,M
76365,Alexandru Barabas Matei-Guiman,M
78875,Florin Mergea,M
79554,Narcis tefan Mihil,M
79564,Lucia Liliana Mihalache,F
79565,Victor Mihalachi,M
79696,Andrea Mikls,F
80468,Ionu Alexandru Mitrea,M
80523,Cristina-Andreea Mitu,F
81097,Alin George Moldoveanu,M
81495,Daniela Monteiro Dodean,F
82207,Angela Moroanu,F
83365,Andrei Vasile Muntean,M
83372,Ionica Munteanu,F
84679,Illie Daniel Natea,M
84957,Cristina Georgiana Neagu,F
84960,Traian Neagu,M
84992,Andrei Nechita,M
85083,Tiberiu Alexandru Negrean,M
85904,Monica Niculescu,F
86547,Mihai Nistor,M
88199,Andreea Luiza Ogrzeanu,F
88598,Ioana Raluca Olaru,F
89300,Laura Oprea,F
89301,Marian Oprea,M
90719,George Alexandru Palamariu,M
90754,Iuliana Paleu,F
90963,Ion Iulian Panait,M
91143,Elena Andreea Panuroiu,F
91310,Ioana Cristina Papuc-Rotaru,F
91876,Bianca Alexandru Pascu,F
91960,Adelina Dorina Pastor,F
93430,Gabriela Perianu,F
93438,Bianca Florentina Perie (-Ghelber),F
94026,Esthera Petre,F
94066,Mihaela Petril,F
94703,Florina Pierdevar,F
95137,Cristi Ilie Prghie,M
96044,Ctlina Ponor,F
96112,Simona Pop (Deac-),F
96123,Iuliana Popa,F
96448,Camelia Alina Potec,F
98211,Cosmin Alexandru Radu,M
98219,Marius Radu,M
99325,Bianca Denisa Rzor,F
101608,Ana Veronica Rodean,F
102828,Alina Rotaru,F
104939,Elizabeta Samara,F
105802,Albert Saritov,M
110699,Vldu Simionescu,M
110790,Lidia Elena imon (Slvueanu-),F
110969,Gabriel Sncrian,M
111388,Nicolae Alexandru Sirieanu,M
112609,Nicolae Alexandru Soare,M
114634,Claudia Nicoleta tef (Iovan-),F
115338,Drago Constantin Stoenescu,M
115370,Aurelia Stoica-Brdeanu,F
115883,Ioana Strungaru (Crciun-),F
116663,Viorica Susanu,F
117562,Bernadette-Cynthia Szcs,F
117625,Gabriella Ibolya Szcs,F
119003,Horia Tecu,M
120283,Viorica Sndica igu,F
120671,Paula Claudia Todoran,F
121658,Norbert Trandafir,M
122898,Serghei vetcov,M
123350,Adrian Ungur,M
123351,Elena Monica Ungureanu,F
123352,Paula-Claudia Ungureanu (Rdulescu-),F
125398,tefan Vasile,M
126947,Patricia Maria Vizitiu,F
127664,Emilia Alina Vuc,F
133842,Florin Gelu Zalomir,M
1460,Johannes Ahun,M
2772,Triin Aljand,F
2900,Martin Allikvee,M
5410,Ardo Arusaar,M
7387,Ksenija Balta,F
9612,Julia Beljajeva,F
32480,Irina Embrich (Zamkovaja-),F
32577,Tnu Endrekson,M
36453,Roman Fosti,M
51871,Anna Iljutenko,F
52625,Mrt Israel,M
53324,Jaak-Heinrich Jagor,M
53547,Andrei Jms,M
57237,Tanel Kangert,M
57280,Gerd Kanter,M
57694,Deniss Karpak,M
60761,Erika Kirpu,F
60777,Magnus Kirt,M
60959,Kaidi Kivioja,F
60962,Kaur Kivistik,M
65070,Martin Kupper,M
65322,Kristina Kuusk,F
65621,Tanel Laanme,M
65626,Liina Laasma,F
69830,Martin Liivamgi,M
72139,Leila Luik,F
72140,Liina Luik,F
72141,Lily Luik,F
73294,Epp Me,F
73412,Rasmus Mgi,M
74360,Rene Mandri,M
76343,Risto Mtas,M
80106,Grigori Minakin,M
83711,Raul Must,M
83983,Heiki Nabi,M
86168,Marek Niit,M
87174,Nikolai Novosjolov,M
87385,Tiidrek Nurme,M
87393,Laura Nurmsalu,F
88669,Peeter Olesk,M
90463,Martin Padar,M
91732,Reena Prnat,F
95690,Anna Pohlak,F
97679,Ingrid Puusta,F
98448,Allar Raja,M
98682,Karl-Martin Rammo,M
102238,Maria Romanjuk,F
104130,Grit adeiko,F
104884,Karl Robert Saluri,M
108354,Mart Seim,M
108742,Anna Maria Sepp,F
116758,Geir Suursild,M
117677,Rein Taarame,M
117835,Kaspar Taimsoo,M
118157,Evelin Talts,F
118220,Aleksander Tammert,M
118228,Ktlin Tammiste,F
120832,Kati Tolmoff,F
121081,Raigo Toompuu,M
121788,Grete Treier,F
123076,Jri-Mikk Udam,M
123192,Maicel Uibo,M
127516,Anela Voronova,F
34,Jamale (Djamel-) Aarrass (Ahrass-),M
73,Luc Abalo,M
444,Camille Anne Franoise Abily,F
583,Julien Absalon,M
629,William Accambray,M
1131,Clarisse Agbegnenou,F
1173,Yannick Agnel,M
1465,Jrmy Aicardi,M
1526,Samir At Sad,M
1575,Stella Akakpo,F
2259,Julian Alaphilippe,M
3294,Marielle Amant,F
3430,Audrey Amiel,F
3564,Hassan Amzile,M
3616,Phara Anacharsis,F
3672,milie Andol,F
4054,Mathilde Andraud,F
4223,Matthieu Androdias,M
4420,Mame-Ibra Anne,M
4473,Vincent Anstett,M
4693,Bolad Apithy,M
5667,Ophlie Aspord,F
5677,Jeanine Assani Issouf,F
5808,Teddy H. Atine-Venel,M
5936,Benjamin Auffret,M
5941,Laura Marie Aug,F
5948,Axel Louis Augis,M
6050,Bastien Auzeil,M
6213,Valriane Ayayi,F
6241,Camille Anas Ayglon-Saurina,F
6319,Yasmina Aziez,F
6346,Jrmie Azou,M
6365,Rachid Azzedine,M
6484,Fanny Babou,F
6811,Julien Bahain,M
7347,Coralie Balmy,F
7632,Xavier Barachet,M
7816,Romain Bardet,M
7825,Giovanni Battista Bardis,M
7849,Warren Barguil,M
8025,Thomas Gabriel Jrmie Baroukh,M
8196,Steeve Barry,M
8215,Adrien Bart,M
8417,Dimitri David Bascou,M
8648,Nicolas Batum,M
8672,Mathieu Albert Daniel Bauderlique,M
8677,Paule Baudouin,F
8729,Grgory Benot Baug,M
9077,Cassandre Beaugrand,F
9089,Maxime Eugne Ren Beaumont,M
9125,Jrmy Beccu,M
9450,Clmence Beikes,F
9552,Valentin Belaud,M
9742,Tarik Belmadani,M
9753,Wilhem Belocian,M
10151,Julien Benneteau,M
10265,Pierre-Yves Bny,M
10315,Ccilia Berder,F
10674,Alain Andr Louis Edmond Bernard,M
10728,Jean-Baptiste Bernaz,M
10784,Cdric Berrest,M
10854,Laurie Berthon,F
10916,Elodie Bertrand,F
10995,Billy Besson,M
11279,Aude Biannic,F
11446,Quentin Bigot,M
11516,Cindy Billaud,F
11752,Pauline Biscarat,F
12172,Romain Blary,M
12216,Anita Blaze,F
12916,Yannick Bokolo,M
13068,Sonia Bompastor,F
13251,Charlotte Bonnet,F
13300,Julien Bontemps,M
13436,Yannick Philippe Andr Borel,M
13671,Jrme Bortoluzzi,M
13754,Vanessa Boslak,F
13770,Pierre-Ambroise Bosse,M
13790,Roger-Yves Bost,M
13943,Hugo Boucheron,M
13959,Thomas Boudat,M
13964,Amel Bouderra,F
13970,Saoussen Boudiaf,F
14001,Sarah Bouhaddi,F
14007,Terry Bouhraoua,M
14042,Laure Pascale Boulleau,F
14056,Kvin Bouly,M
14063,Mira Boumejmajen,F
14103,Grgory Bourdy,M
14105,Lorys Bourelly,M
14106,Mickal Stphane Bourgain,M
14159,"Frdric Thierry Roger ""Frd"" Bousquet",M
14189,Fanny Bouvet,F
14190,Sofian Bouvet,M
14359,Marine Clmence Boyer,F
14972,Julie Bresset,F
15000,Marine Grace Brevet,F
15079,Stphanie Brieussel,F
15199,Laurence Brize,F
15769,Manon Brunet,F
15825,Justine Bruno,F
16193,Romain Buffet,M
16383,Chlo Bulleux,F
16851,lise Bussaglia,F
16860,Tho Bussire,M
17238,Jrmy Cadot,M
17434,Quentin Caleyron,M
17581,Alexandre Camarasa,M
17769,Kvin Campion,M
17863,Marie-Florence Candassamy,F
17871,Julien Candelon,M
18525,Cyrille Carr,M
18690,Florian Carvalho,M
18887,Alexianne Castel,F
19035,Camille Marie Catala,F
19106,Fabien Causeur,M
19198,Amlie Caze,F
19314,Damien Cely,M
19515,Benjamin Chabanet,M
19870,"Emma ""Emmie"" Charayron",F
19875,Germain Louis Marcel Chardin,M
20022,Sylvain Chavanel Albira,M
21210,Margaux Emmanuelle Chrtien,F
21309,Stphane Christidis,M
21495,Hlna Ciak,F
21612,Mathilde Cini,F
21700,Souleymane Diop Cissokho,M
21744,Sandie Clair,F
21745,Stphane Clamens,M
21931,Perrine Clauzel,F
22007,Damien Cler,M
22093,lodie Pascaline Clouvel,F
22219,Jordan Coelho,M
22307,Thibault Colard,M
22582,Sbastien Combot,M
22602,Aude Compan,F
22604,Benjamin Compaor,M
22668,Dorian Coninx,M
23001,Bryan Coquard,M
23052,Audrey Cordon (-Ragot),F
23110,Aliz Cornet,F
23160,Harold Correa,M
23978,Ugo Jrme Franois Marc Crousillat,M
24174,Yann Cucherat,M
24189,Virginie Cueff,F
24592,Michal D'Almeida,M
24700,Gal da Silva,M
24754,Vencelas Dabaya Tientcheu,M
24928,tienne Daille,M
24988,Manol Dall'Igna,M
25145,Blandine Dancette,F
25197,Lucas Daniel,M
25295,Johanna Danois,F
25370,Garfield Darien,M
25375,Clopatre Darleux,F
25496,Joris Nattan Daudet,M
25509,Christelle Daunay,F
25878,Marisa de Aniceto,F
26052,Nando de Colo,M
26225,Mathilde de Kerangat,F
26873,Fanny Deberghes,F
26938,Lucie Dcosse,F
26991,Hlne Defrance,F
27188,Sabrina Julienne Francine Delannoy,F
27206,Marie Claire Delattre-Demory,F
27208,Eric Delaunay,M
27215,Stany Delayre,M
27247,Simon Delestre,M
27314,Marie-Laure Delie,F
27390,No Delpech,M
27428,Arnaud Demare,M
27438,Siraba Dembl,F
27737,Audrey Deroin,F
28176,Kadidiatou Diani,F
28209,Boris Babacar Diaw-Riffiod,M
28214,Yakhouba Diawara,M
28498,Jennifer Digbeu (-Gadiou),F
28639,Didier Dominique Dinart,M
28676,Yohann Diniz,M
28715,Antoine Diot,M
28727,Adrien Dipanda,M
28762,Cline Distel-Bonnet,F
28924,Nicolas d'Oriano,M
28927,Julien d'Ortoli,M
29664,Ladji Doucour,M
30456,Youna Dufournet,F
30560,Cline Dumerc,F
30599,Franck Dumoulin,M
30751,Pierre Duprat,M
30894,Stuart Dutamby,M
31047,Emmanuel Dyen,M
31513,Batrice Edwige,F
32467,Gvrise Emane,F
32766,Gwladys Patience pangue,F
32772,Olivia poupa,F
33282,Tony Estanguet,M
33368,Ophlie-Cyrielle Etienne,F
33531,milie vesque,F
33657,Margaux Nicole Jeanne Aude Fabre,F
33658,Thierry Fabre,M
33664,Ludovic Fabregas,M
33937,Stphanie Falzon,F
34072,Marion Farissier,F
34145,Margaux Farrell,F
34242,Thomas Faucheron,M
34427,Justine Fedronic,F
34654,Emilie Fer,F
34829,Jrme Fernandez,M
34933,Pauline Ferrand-Prevot,F
35216,Nicolas Figre,M
35803,Laura lodie Flessel-Colovic,F
35885,Tristan Flore,M
36700,Corine Ccile Franco (Petit-),F
37990,Jennifer Galais,F
38160,Tony Gallopin,M
38530,Caroline Garcia,F
38795,Denis Gargaud Chanut,M
38838,Vincent Garos,M
38893,Rmi Garsau,M
38989,Richard Gasquet,M
39004,Bryl milie Paulette Gastaldello,F
39129,Simon Gauzy,M
39213,Marie Gayot,F
39393,Mickal Gelabale,M
39578,Laura Stphanie Georges,F
39663,Vincent Grard,M
39795,Mathilde Geron,F
40339,Bertrand Fabien Gille,M
40342,Guillaume Alain Gille,M
40403,Fabien Pierre Aurlien Dominique Gilot,M
40538,Vronique Girardet,F
40575,Romain Girouille,M
40724,Laura Glauser,F
40858,Floriane Gnafoua,F
40869,Priscilla Gneto,F
40902,Julien Gobaux,M
40911,Rudy Gobert-Bourgarel,M
40912,Cline Sandrine Francine Goberville,F
40967,Elodie Godin,F
41354,milie Gomis,F
41356,Kaftien Antoine Gomis,M
41358,Sandra Gomis,F
42029,Mathieu Goubel,M
42250,Cyril Graff,M
42253,Anne-Caroline Graffe,F
42388,Lara Grangeon,F
42466,Camille Grassineau,F
42578,Jenia Grebennikov,M
42585,Mathieu Grbille,M
43288,Sandrine Gruda,F
43311,Gauthier Grumier,M
43535,Floria Guei,F
43550,Christophe Ren Marcel Gunot,M
43551,Steeve Franois Fabien Gunot,M
43564,Lina Gurin,F
43693,lodie Guiglion,F
43698,Michal Yves Robert Guigou,M
43726,Olivier Guillon,M
44239,Astrid Murielle Guyart,F
44245,Lionel Guyon,M
44249,Sarah Guyot,F
44548,Clo Hache,F
45392,Kheira Hamraoui,F
45509,Mickal Hanany,M
45624,Mamadou Kasse Hanne,M
46009,Adrien Hardy,M
46102,Marlne Harnois,F
46204,Jessica Harrison,F
46690,David Hauss,M
47623,Mlanie Hnique,F
47650,Benjamin Didier Hennequin,M
47729,Amandine Chantal Henry,F
47754,Ludovic Henry,M
47842,Pierre-Hugues Herbert,M
47847,Sophie Herbrecht,F
48323,Thomas Heurtel,M
48832,Hassan Hirt,M
48841,Loan Valerie His,F
49773,Samuel Honrubia,M
49881,Tamara Horacek,F
50038,Fanny Horta,F
50175,Manon Hostens,F
50206,Jessica Lucetta Lone Houara-d'Hommeaux,F
50222,Manon Houette,F
50232,Pierre Houin,M
50265,Cdric Houssaye,M
50735,tienne Hubert,M
51174,Muriel Hurtis-Houairi,F
51410,Arnaud Hybois,M
51584,Karine Icher,F
51612,Alexandre Iddir,M
51808,Ayodl Ikuesan,F
52157,Vincent Inigo,M
52990,Shannon Izar,F
52998,Michal Izdinsky,M
53261,Josphine Jacques-Andr-Coquin,F
53262,Lina Jacques-Sbastien,F
53467,La Jamelot,F
54630,Daniel Jrent,M
55068,Marine Johanns,F
55568,Guillaume Joli,M
55581,Damien Joly,M
55899,Thomas Jordier,M
55969,Stanley Joseph,M
56033,Sbastien Jouve,M
56357,Marine Marlene Christelle Jurbert,F
56668,Aurelien Kahn,M
56671,Charles Lombahe-Kahudi,M
57025,Latitia Kamba,F
57282,Nina Kanto Njitam,F
57388,Luka Karabatic,M
57389,Nikola Karabatic,M
57393,Daouda Karabou,M
57510,Sakina Karchaoui,F
59027,Zelimkhan Khadjiev,M
59226,Enzo Khasz,M
59516,Walide Khyar,M
60616,Abraham Kiprotich,M
61076,Gauthier Klauss,M
61696,Nomie Kober,F
62487,lie Konki,M
62764,Victor Koretzky,M
63345,Igor Kovaevi,M
63502,Yoann Kowal,M
64694,Anne Kuhm,F
65655,Audrey Labeau,F
65669,Marion Laborde,F
65688,Sara Labrousse,F
65758,Camille Lacourt,M
65759,Alexandra Lacrabre,F
65777,Caroline Ladagnous,F
65825,Franck Lafitte,M
65832,Marie-Zlia Lafont,F
65878,Karim Florent Laghouag,M
66032,Pierre-Gilles Lakafia,M
66216,Mathilde Lamolle,F
66226,Rnelle Lamote,F
66328,Laurisa Landre,F
66383,Benjamin Lang,M
66549,Delphine Lansac,F
66608,Walter Lapeyre,M
66742,David Larose,M
67087,Jonathan Laugel,M
67183,Joffrey Lauvergne,M
67233,Renaud Lavillenie,M
67243,Claire Marie Anne Lavogez,F
67364,Edwige Lawson-Wade,F
67405,Mylne Lazare,F
67488,Kilian Le Blouch,M
67498,Pierre Le Coq,M
67499,Latitia Le Corguill,F
67501,Pierre Le Corre,M
67510,Nicolas Le Goff,M
67532,Marie Le Nepvou,F
67538,Erwann Lucien douard Le Pchoux,M
67541,Jade Le Pesq,F
67550,Kvin Le Roux,M
67553,Eugnie Anne Claudine Le Sommer,F
67635,Emmanuel Lebesson,M
67657,Pierre Leboucher,M
67685,Orane Maria Lechenault,F
67719,Camille Lecointre,F
67760,Delphine Ledoux,F
68263,Hlne Lefebvre,F
68271,Clment Lefert,M
68286,Enzo-Boris Lefort,M
68340,Ugo Legrand,M
68610,Christophe Alexandre Christian Lematre,M
68620,Charlotte Lembach,F
68658,Mathieu Lemoine,M
68878,Pnlope Leprvost,F
68881,Florence Lepron,F
68924,Claire Leroy,F
68941,Fantine Lesaffre,F
69024,loyse Lesueur,F
69117,Amaury Raymond Leveaux,M
69133,Brice Leverdez,M
69280,Amandine Suzanne Monique Leynaud,F
69299,Amandine Lhote,F
69537,Xue Li,F
70826,Michal Llodra,M
70919,Jonathan Gatan Cdric Lobert,M
71622,Marion Lotout,F
72025,Jean-Michel Lucenay,M
72152,Vincent Luis,M
73525,Kentin Mah,M
73616,Nicolas Pierre Armand Mahut,M
73723,Corinne Matrejean,F
73779,Amel Majri,F
73975,Aurlie Malaussena,F
74120,Grgory Mallet,M
74130,Auriane Mallo,F
74294,Florent Manaudou,M
74295,Laure Manaudou,F
74401,Vronique Mang,F
74839,Marcel Marcilloux,M
74942,Cyrille Maret,M
75091,Laura Marino,F
75282,Maxime Marotte,M
75456,Mickal Marteau,M
75874,Pascal Martinot-Lagarde,M
75923,Sbastien Martiny,M
76046,Mehdi Marzouki,M
76337,Bernardin Ledoux Kingue Matam,M
76647,Adrien Mattenet,M
76956,Marjorie Mayans,F
76985,Joanne Mayer,F
76987,Kvin Mayer,M
77176,Christian M'Billi-Assomo,M
77201,Griedge Yinda Colette Mbock Bathy Nka,F
78143,Abdellatif Meftah,M
78270,Ophlie Anne-Laure Meilleroux,F
78347,Mahiedine Mekhissi-Benabbad,M
78565,Kvin Menaldo,M
78665,Claudine Mendy,F
78787,milie Menuet,F
78919,Audrey Merle,F
79039,Romain Mesnil,M
79042,Denis Mesples,M
79112,Mehdy Metella,M
79258,William Meynard,M
79396,Jessica Michel,F
79403,Sarah Michel,F
79541,Clment Mignon,M
80036,Sofiane Milous,M
80206,Jrmie Mion,M
80211,Amidou Mir,M
80621,Nwal-Endn Miyem,F
80677,Kristina Mladenovic,F
81319,Anne-Sophie Mondire,F
81337,Gal Sbastien Monfils,M
81388,Jeremy Monnier,M
81603,Moana Moo-Caille,M
81881,Fabrice Moreau,M
82323,Dorian Denis Mortelette,M
82474,Estelle Mossely,F
82590,Bertrand Moulinet,M
82669,Kseniya Moustafaeva,F
82683,Nicolas Moutton,M
82877,Camille-Marie Manuella Muffat,F
83041,Aurlie Muller,F
84463,Antoinette Nana Djimou Ida,F
84527,Daniel Narcisse,M
84835,Galle Verlaine Nayo-Ketchanke,F
84892,M'Bar N'Diaye,M
84941,Emmeline Ndongue,F
84995,Louisa Ncib-Cadamuro,F
85620,Earvin N'Gapeth,M
85631,Timothey N'Guessan,M
85778,Haby Niar,F
85876,Astier Nicolas,M
86469,Gnonsiane Niombla,F
86701,Gwladys Nocera,F
86733,Mlanie Marie Anna Nol-Bardis,F
87084,Mlonin Noumonvi,M
87284,Brigitte Ntiamoah,F
87552,Guy Olivier Nyokas,M
87584,Estelle Nze Minko,F
88480,Rena-Flor Okori,F
88788,Marc-Antoine Olivier,M
89057,Paul Omba-Biongolo,M
89072,Thierry Omeyer,M
89143,Thophile Onfroy,M
89144,Valentin Onfroy,M
90063,Nordine Oubaali,M
90122,Sofiane Oumiha,M
90133,Sarah Ourahmoune,F
90612,Benot Paire,M
90614,Didier Pais,M
91094,Anthony Pannier,M
91399,Stephen Parez,M
91680,"William Anthony ""Tony"" Parker, Jr.",M
92097,Christopher Jeffrey M. Patte,M
92277,Automne Pavia,F
92400,Latitia Payet,F
92554,Matthieu Patrick Franois Peche,M
92775,Mathieu Ren Peisson,M
92910,Pierre-Jean Peltier,M
93048,Grgoire Pennes,M
93088,Carole Pon,F
93146,Jean-Christophe Praud,M
93421,Giacomo Perez-Dortona,M
93590,Lonore Perrus,F
93698,Franois Pervis,M
93751,Pierre-Alexis Pessonneaux,M
94532,Hongyan Pi,F
94556,Pierre Edmond Piasecki,M
94642,Charline Picon,F
94766,Loc Pietri,M
94772,Florent Pitrus,M
94948,Allison Marie Pineau,F
95474,Pierre Plihon,M
95663,Ronald Pognon,M
96059,Pierre-Alexis Ponsot,M
96287,Valentin Porte,M
96459,Jordan Jules Julien Marce Pothain,M
96502,Magalie Pottier,F
96584,Pauline Pousse,F
96706,Valentin Prades,M
96914,Gal Prvost,M
97242,Marie Prouvensier,F
97468,Pierre Pujol,M
97881,Julien Quesne,M
97978,Jean Quiquampoix,M
98086,Delphine Jeanine Annie Racinet-Reau,F
98419,Guillaume Louis  Benoit Raineau,M
99220,lodie Ravera-Scaramozzino,F
99281,Alexis Raynaud,M
99886,Lauren Rembi,F
99939,Wendie Thrse Renard,F
99956,Jrmy Rencurel,M
99972,Marvin Ren,M
100905,Teddy Pierre-Marie Riner,M
100976,Marie Riou,F
101273,Mlina Robert-Michon,F
101678,Danny Pinheiro Rodrigues,M
102010,Xavier Charles Ren Rohart,M
102720,Thibault Rossard,M
102732,Matthieu Rosset,M
103010,Antonin Rouzier,M
103104,Philippe Rozier,M
104062,Hamilton Sabot,M
105148,Clara Snchez,F
105535,Anna Santamans,F
105960,Romain Sassot,M
106092,Rmi Saudadier,M
106165,Julien Sauvage,M
106166,Valerian Sauveplane,M
106639,Donatien Schauly,M
107184,Alain Schmitt,M
107608,Brengre Simone Rolande Schuh,F
108066,Salim Sdiri,M
108765,Kevin Sraphin,M
108899,Sophia Serseri,F
110350,Mariama Camara Signate,F
110633,Thomas Simart,M
110773,Gilles Simon,M
110803,Thibaut Simon,M
111318,Hamid (Victor-) Sints,M
111375,Kvin Ren Michel Sireau,M
111754,Melanie Skotnik-Melfort,F
111792,Galle Skrela,F
112904,Franck Robert Bernard Solforosi,M
113243,Cdric Sorhaindo,M
113398,Sandrine Soubeyrand,F
113444,Myriam Soumar,F
114472,Benjamin Stasiulis,M
114531,Kevin Staut,M
115187,Sarah Steyaert,F
115717,Jrmy Stravius,M
118200,Patrick Tambw Ngoie,M
118813,Alexandra Tavernier,F
118970,Audrey Tcheumo,F
118991,Karen Tebar (Schetter-),F
119139,Stephane Tempier,M
119297,Anthony Joseph Terras,M
119330,Raphalle Tervel,F
119642,Ysaora Jennifer Thibus,F
119709,Gatane Iza Laure Thiney,F
119844,Rose Thomas,F
119873,lodie Ginette Thomis,F
120355,Kvin Tillie,M
120356,Kim Tillie,M
120490,Stphanie Tirode,F
120891,Petar Tomaevi,M
120975,Cyril Tommasone,M
121053,Benjamin Toniutti,M
121073,Jean-Paul Tony Helissey,M
121521,Nicolas Jean Denis Touzaint,M
121678,Ali Traore,M
121813,Jessy Trmoulire,F
121986,Sarah Troel,F
122037,Jennifer Troncy,F
122349,Jo-Wilfried Tsonga,M
122566,Gabrielle Tuleu,F
122722,Ronny Turiaf,M
123824,Virimi Vakatawa,M
123969,Manon Valentino,F
124031,Jean-Charles Valladont,M
124057,Sacha Valleau,M
124080,Thibaut Vallette,M
125136,Louise Vanhille,F
125499,Alexis Alain Vastine,M
126177,Cynthia Vanessa Vescan,F
126301,Jimmy Vicaut,M
126370,Laurent Vidal,M
126487,Sabrina Marie-Christine Viguier,F
127206,Pierre Volla,M
127679,Alexis Vuillermoz,M
129003,Marie Wattel,F
130539,Chlo Willhelm,F
132002,Yi Fang Xian,F
132134,Isabelle Yacoubou-Dehoui,F
133031,Tony Victor James Yoka,M
133577,Grce Zaadi Deuna,F
134401,Mickal-Meba Zz,M
135278,Vincent Zouaoui-Dandrieux,M
48,Abdelhak Aatakni,M
421,Mohamed Aberhoune,M
1519,Anasse At El Abdia,M
1525,Zied Ait Ouagram,M
1696,Malika Al-Akkaoui,F
2106,Samira Al-Raf,F
2169,Hicham Al-Siguni,M
2236,Salima El Ouali Al-Alami,F
2684,Lahoussine Xavier Ali,M
3533,Noureddine Amrabat,M
3542,Mohamed Amsif,M
4454,Chakir Ansari,M
4776,Rababe Arafi,F
5092,Mohamed Al-Arjaoui,M
5734,Sanaa Atabrour,F
5735,Choucri Atafi,M
5842,Safouane Attaf,M
7061,Naima Bakkal,F
7900,Ahmed Al-Barki,M
8040,Abdelaziz Barrada,M
8499,Imad Bassou,M
10420,Zakarya Bergdich,M
11322,Soufiane Bidaoui,M
13891,Kaltoum Bouaasayriya,F
14022,Kawtar Boulaid,F
14077,Soufiyan Bouqantar,M
14084,Abderrahhime Bouramdane,M
20477,Issam Al-Chernoubi,M
25396,Abdelali Darra,M
28752,Wiam Dislam,F
31891,Abdel-Karim El Haouari,M
31893,Soufian El Hassnaoui,M
31895,Omar El Kaddouri,M
31896,Abdelhamid El Kaoutari,M
31899,Amine El Manaoui,M
31901,Khalid El-Aabidi,M
31936,Soufiane El-Bakkali,M
31945,Sara El-Bekri,F
32000,Abdelati El-Guesse,M
32020,Abdelmajid El-Hissouf,M
32033,Fouad El-Kaam,M
32068,Messaoud El-Mahadi,M
33089,Youns Es-Salhi,M
33584,Zohra Ez Zahraoui,F
33607,Hamid Ezzine,M
33826,Fouad Fajari,M
34391,Zouhair Feddal,M
35100,Driss Fettouhi,M
44553,Halima Hachlaf,F
44601,Soufiane Haddi,M
44603,Badr-Eddine Haddioui,M
44604,Maha Haddioui,F
44866,Omar Hajjami,M
45385,Mohamed Hamout,M
48520,Siham Al-Hilali,F
51721,Reda Abdalaati Iguider,M
53537,Hind Jamili,F
54132,Yassine Jebbour,M
54243,Adil Jelloul,M
56487,Brahim Al-Kaazouzi,M
59099,Al-Mehdi Al-Khalsi,M
59202,Houssine Kharja,M
59213,Achraf Kharroubi,M
60831,Rachid Kisri,M
65638,Soumiya Labani,F
65695,Zakaria Labyad,M
65726,Hasnaa Lachgar,F
65911,Aziz Lahbabi,M
65942,Driss Lahrichi,M
65943,Mouhcine Lahsaini,M
66044,Btissam Boucif Lakhouad,F
66130,Hayat Lambarki,F
67467,Aboubakr Al-Seddik Al-Lbida,M
74103,El Mehdi Al-Malki,M
74276,Noura Mana,F
74900,Khadija Al-Mardi,F
79018,Yasmina Al-Mesfioui,F
82564,Yassine Moudatir,M
82671,Mohamed Moustaoui,M
84243,Imad Najah,M
85773,Assmaa Niang,F
87083,Nadia Noujani,F
87092,Abdelatif Noussir,M
90052,Abdelkebir Ouaddar,M
90058,Samira Ouass,F
90065,Mahjouba Oubtil,F
90091,Aziz Ouhadi,M
98057,Mohammed Rabii,M
98377,Yassine Al-Rahmouni,M
98578,Mohamed Ramah,M
104995,Jihane Samlal,F
110193,Fadwa Sidi Madane,F
112038,"Mostafa Al-Ismaili ""Smaili""",M
118104,Brahim Taleb,M
133752,Youssra Zakarani,F
135275,Rizlen Al-Zouak,F
51,Nstor Abad Sanjun,M
55,Antonio Abadia Beci,M
433,Pablo Abin Vicen,M
576,"Alejandro ""lex"" Abrines Redondo",M
662,Loreto Achaerandio Snchez-Marn,F
1234,Alessandra Aguilar Morn,F
1247,Iaki Aguilar Vicente,M
1254,Macarena Aguilar Daz,F
1262,Sandra Aguilar Navarro,F
1274,Julen Aguinagalde Akizu,M
1299,Mikel Aguirrezabalaga Garca,M
2210,Marina Alabau Neira,F
2266,Ricard Alarcn Tevar,M
2271,Fernando Alarza Vicente,M
2286,Jordi Alba Ramos,M
2314,Markel Alberdi Sarobe,M
2342,Nely Carla Alberto Francisca,F
2458,David Alegre Biosca,M
2460,Ramn Alegre Biosca,M
2947,Nicols Almagro Snchez,M
3029,Jessica Alonso Bernardo,F
3030,Jonathan Alonso Flete,M
3151,Eduardo lvarez Aznar,M
3193,Sergio lvarez Moya,M
3201,Miguel Alvario Garca,M
3324,"Pablo ""Pol"" Amat Escud",M
3507,Vanessa Amors Quiles,F
4247,Daniel Andjar Ponce,M
4814,Juan Jos Aramburu Amorena,M
4938,Francisco Arcilla Aller,M
5311,Antonio Arroyo Prez,M
5508,Sabina Asenjo lvarez,F
6349,Csar Azpilicueta Tanco,M
6512,Marta Bach Pascual,F
6678,Concepcin Badillo Daz,F
7314,Jos Carlos Ballb Sala,M
7610,Elsa Mara Baquerizo McMillan,F
7714,Morgan Barbanon Mestres,F
7998,Andrea Barno San Martn,F
8064,Onn Barreiros Rodrguez,M
8443,Clara Basiana Caellas,F
8833,Roberto Bautista Agut,M
9464,Ruth Beita Vila,F
9727,Concepcin Bellorin Naranjo,F
9750,Mireia Belmonte Garca,F
9958,Alfonso Benavides Lpez de Ayala,M
10117,Jenifer del Carmen Bentez Bentez,F
10656,Mara Bernabu Avomo,F
10668,Pablo Aitor Bernal Rosique,M
11035,Berta Betanzos Moro,F
11300,Nora Ada Bicet Juan,F
12122,Cecilia Blanco Garca,F
12129,Joaqun Blanco Albalat,M
12137,Oiana Blanco Echevarra,F
12173,Andrea Blas Martnez,F
12439,Anna Boada Peir,F
12909,Aauri Lorena Bokesa Abia,F
13102,Berta Bonastre Peremateu,F
13813,Isaac Botella Prez de Landazabal,M
13849,Alberto Toms Bota Rabasco,M
13852,Diego Botn Sanz de Sautuola Le Chever,M
14478,Josu Brachi Garca,M
14792,Marina Bravo Bragado,F
16876,David Bustos Gonzlez,M
17031,Igor Bychkov,M
17146,Alba Mara Cabello Rodilla,F
17158,Alexandrina Cabral Barbosa,F
17186,Rafael Cabrera Bello,M
17202,Eusebio Cceres Lpez,M
17204,Ignacio Cceres Llorca,M
17348,David Cal Figueroa,M
17402,Jos Manuel Caldern Borrallo,M
17525,Eva Calvo Gmez,F
17531,Tania Calvo Barbero,F
17892,Joan Caellas Reixach,M
18150,Ona Carbonell Ballestero,F
18384,Samuel Carmona Heredia,M
18520,Ana Carrascosa Zaragoza,F
18531,Jorge Carrera Oliva,M
18534,scar Carrera Amandi,M
18535,Pablo Abensaid Carrera Vzquez,M
18569,Javier Mario Carrin Llorens,M
18575,Fernando Carro Morillo,M
18721,Mara Casado Gonzlez,F
18741,Yennifer Frank Casaas Hernndez,M
18763,Helena Casas Roige,F
18767,lex Casasayas Carles,M
18818,Miriam Casillas Garca,F
18921,Berta Castells Franco,F
18932,Claudio Castilla Ruz,M
18936,Carles Castillejo Salvador,M
19021,Patricia Castro Ortega,F
19029,Jonathan Castroviejo Nicols,M
19219,Alicia Cebrin Martnez de Lagos,F
20043,Elisabeth Chvez Hernndez,F
21174,Maialen Chourraut Yurramendi,F
21538,Aina Cid Centelles,F
21546,Javier Cienfuegos Pinilla,M
21565,Carlota Ciganda Machiena,F
21618,Mihaela Ciobanu Ciobanu,F
21935,Vctor Claver Arocas,M
22498,Carlos Coloma Nicols,M
22584,Gloria Comerma Broto,F
22810,Yidiel Islay Contreras Garca,M
23054,Pilar Lucrecia Cordn Muro,F
23131,Brbara Cornudella Ravetllat,F
23210,"Francisco ""Quico"" Corts Juncosa",M
23303,Melania Felicitas Costa Schmid,F
23703,Sal Craviotto Rivero,M
23762,Margalida Cresp Jaume,F
24028,Anna Cruz Lebrato,F
24153,Vernica Mara Cuadrado Dehesa,F
24159,Francisco Cubelos Snchez,M
24205,Elias Miguel Cuesta Cobo,M
24673,Duane Da Rocha Marc,F
25120,Marina Damlaimcourt Uceda,F
25383,Darly Zogbi de Paula,F
25433,Claudia Dasca Romeu,F
25891,lvaro de Arriba Lpez,M
26111,David de Gea Quintana,M
26281,Jos Kelvin de la Nieve Linares,M
27129,ngela del Pan Moruno,F
27203,Miguel Delas de Andrs,M
28225,Azucena Daz Calvo,F
28261,Jorge Daz Garca,M
28266,Jos Ignacio Daz Velzquez,M
29260,lvaro Domnguez Soto,M
29275,Marta Domnguez Azpeleta,F
29282,Slvia Domnguez Fernndez,F
30788,Miguel Durn Navia,M
30992,"Galyna Volodymyrivna ""Galia"" Dvorak Khasanova",F
31296,Fernando Echavarri Erasum,M
31299,Iera Echebarra Fernndez,F
31301,Tmara Echegoyen Domnguez,F
31302,Gonzalo Echenique Saglietti,M
31613,Naiara Egozkue Extremado,F
32426,Patricia Elorza Eguiara,F
32427,Ander Elosegi Alkain,M
32723,Sergi Enrique Montserrat,M
32741,Ral Entrerros Rodrguez,M
32811,Amaia Erbina Araa,F
33080,Imanol Erviti Ollo,M
33183,Jess Espaa Cobo,M
33184,Albert Espaol Lifante,M
33185,Anna Espar Llaquet,F
33186,Clara Espar Llaquet,F
33202,Mara Elena Espeso Gayte,F
33294,Laura Ester Ramos,F
33659,"Alexandre ""Alex"" Fbregas Carne",M
34469,Pablo Feijoo Ugalde,M
34778,Alberto Fernndez Muoz,M
34788,Antonio Fernndez Fernndez,M
34793,Beatriz Fernndez Ibez,F
34794,Begoa Fernndez Molinos,F
34813,"Francisco ""Fran"" Fernndez Miranda",M
34839,Juan Fernndez la Villa,M
34850,Liliana Fernndez Steiner,F
34856,Manuel Fernndez Saro,M
34868,Nura Fernndez Domnguez,F
34876,"Rodolfo ""Rudy"" Fernndez Farrs",M
34878,Sergio Fernndez Roda,M
34887,Xabier Fernndez Gaztaaga,M
35015,David Ferrer Ern,M
35027,Beatriz Ferrer-Salat Serra de Migui,F
35213,Illias Fifa Temesmani,M
35256,Julia Figueroa Pea,F
36179,Pablo Fontes de Castro,M
36214,Judith Forca Ariza,F
36798,Sonia Franquet Calvente,F
37065,"Santiago ""Santi"" Freixa Escude",M
37214,Taimuraz Friev Naskidaeva,M
37440,Andrea Fuentes Fache,F
38113,Ftima Gallardo Carapeto,F
38194,Ftima Glvez Marn,F
38517,Begoa Garca Grau,F
38519,Berta Garca Alonso,F
38553,Estela da Covadonga Garca Villalta,F
38594,Jess ngel Garca Bragado,M
38640,"Mara del Carmen ""Maica"" Garca Godoy",F
38649,Marina Garca Urzainqui,F
38650,Mario Jos Garca Rodrguez,M
38665,Nicols Garca Hemme,M
38676,Patricia Garca Jareo,F
38697,Sergio Garca Fernndez,M
38707,Vctor Garca Blazquez,M
38711,Xavier Garca Gadea,M
38879,Francisco Garrigs Rosa,M
38959,Marc Gasol Sez,M
38960,Pau Gasol Sez,M
39142,Artemi Gavezou Castro,F
39146,Adrin Gavira Collado,M
39279,Trihas Gebre Aunoon,F
39520,Igor Genua Sistiaga,M
39769,Rodrigo Germade Barreiro,M
40243,Laura Gil Collado,F
40433,Xantal Gin Patsi,F
41280,Beatriz Gmez Corts,F
41302,Francisco Javier Gmez Noya,M
41303,Javier Gmez Fuertes,M
41323,Laura Gmez Ropion,F
41510,Fabin Gonzlez Vidal,M
41530,Hugo Gonzlez de Oliveira,M
41543,Joel Gonzlez Bonilla,M
41575,Lara Gonzlez Ortega,F
41607,Marta Gonzlez Crivillers,F
41632,Raquel Gonzlez Campos,F
42359,Iria Grandal Garca,F
42407,Marcel Granollers Pujol,M
43465,Geden Guardiola Villaplana,M
43600,Esther Guerrero Puigdevall,F
43757,Cristina Guinea Gonzlez,F
43994,Eduardo Gurbindo Martnez,M
44189,Roco Gutirrez Sierra,F
46946,Zhiwen He Cheng,M
47726,Thais Henrquez Torres,F
47965,Jos Antonio Hermida Ramos,M
47969,Albert Hermoso Farrs,M
48007,Francisco de Paula Hernndez Jimnez,M
48029,Javier Hernndez Cebrin,M
48037,Jos Carlos Hernndez Cabrera,M
48087,Vicente Hernndez Cabrera,M
48109,"Guillermo Gustavo ""Willy"" Hernangmez Geuer",M
48110,Javier Hernanz Ageira,M
48111,Samuel Hernanz Obrador,M
48122,Joan Herp Morell,M
48131,Ander Herrera Agera,M
48153,Pablo Herrera Allepuz,M
48154,Patricia Herrera Fernndez,F
48218,"Francisco Jos ""Kiko"" Hervs Jodar",M
49657,Jos Javier Hombrados Ibez,M
50040,Bruno Dominix Hortelano Roig,M
51504,Serge Jonas Ibaka Ngobila,M
51675,lvaro Iglesias Marco,M
51694,Judit Ignacio Sorribes,F
51875,"Javier ""Javi"" Illana Garca",M
52457,"Francisco Romn ""Isco"" Alarcn Surez",M
52712,Juliet Itoya Ebhomhenye,F
52987,Ion Izagirre Insausti,M
53021,Ana Mara Izurieta Garca,F
54631,Caridad Jerez Castellanos,F
54851,Luca Jimnez Vicente,F
56051,Mara del Mar Jover Prez,F
56349,Severo Jess Jurado Lpez,M
61032,Paula Klamburg Roque,F
62073,"Jorge ""Koke"" Resurreccin Merodio",M
66197,Ayad Lamdassem El Mouhcin,M
68554,Paula Leitn Arrones,F
70802,Nuria Llagostera Vives,F
70805,Jorge Len Llames Gutirrez,M
70819,"Xavier ""Xavi"" Lleonart Blanco",M
70865,Sergio Llull Meli,M
71315,Adrin Lpez lvarez,M
71326,ngel Lpez Vzquez,M
71337,Daniel Lpez Pinedo,M
71344,Elena Lpez Benaches,F
71353,Feliciano Lpez Daz-Guerra,M
71376,Iago Lpez Marra,M
71380,Javier Lpez Snchez,M
71405,Kevin Lpez Yerga,M
71407,Laura Lpez Ventosa,F
71423,Marc Lpez i Tarrs,M
71425,Mara Lpez Garca,F
71429,Marta Lpez Herrero,F
71436,Miguel ngel Lpez Nicolas,M
71460,Rubn Lpez Martnez,M
71464,Sara Lpez Ravetllat,F
71474,Mara Lpez de Eguilaz Zubiria,F
71586,Joan Losada Gifra,M
72929,Carlos David Machado Sobrados,M
72986,Isabel Macas Chow,F
73375,Alicia Magaz Medrano,F
74113,Blai Mallarach Gel,M
74441,Marta Elisabet Mangu Gonzlez,F
74604,Sergio Mantecn Gutirrez,M
74689,Jorge Maqueda Peo,M
74851,Luis Alberto Marco Contreras,M
75045,Carolina Mara Marn Marn,F
75509,Adriana Rosa Martn Lzaro,F
75516,lvaro Martn Uriol,M
75544,Carmen Dolores Martn Berenguer,F
75553,David Martn Lozano,M
75555,Diana Martn Gimnez,F
75576,Ignacio Amadeo Martn Goenaga,M
75586,Jos Manuel Martn Dockx,M
75645,Vctor Martn Martn,M
75683,Aitor Martnez Rodrguez,M
75715,Elisabet Martnez Garca,F
75740,Iker Martnez de Lizarduy Lizarribar,M
75742,Iigo Martnez Berridi,M
75748,"Javier ""Javi"" Martnez Aguinaga",M
75788,Lois Maikel Martnez Gonzlez,M
75805,Mara Jos Martnez Snchez,F
75948,Sebastin Martos Roa,M
76319,Andrs Eduardo Mata Prez,M
76324,Juan Manuel Mata Garca,M
77106,Hodei Mazquiarn Uria,M
78013,Adel Mechaal Mechaal,M
78053,Paula Medn Lpez,F
78055,"Ana Isabel ""Anabel"" Medina Garrigues",F
78457,Luis Felipe Mliz Linares,M
78732,Gemma Mengual Civil,F
78998,Abdel Aziz Merzougui Noureddine,M
79014,Ona Meseguer Flaqu,F
80163,Marc Minguell Alfrez,M
80212,Andrs Mir Bel,M
80246,Lorena Miranda Dorado,F
80294,Nikola Miroti Stajovi,M
80970,Lourdes Mohedano Snchez de Mora,F
81075,Mario Mola Daz,M
81133,Guillermo Molina Ros,M
81454,Concepcin Montaner Coll,F
81585,Martn Montoya Torralbo,M
81731,Sebastian Mora Vedri,M
81823,Lidia Morant Var,F
82301,Viran Morros de Argila,M
82895,Garbie Muguruza Blanco,F
83173,ngel Mullera Rodrguez,M
83251,Alberto Munrriz Egaa,M
83285,Iker Muniain Goi,M
83318,Azahara Muoz Guijarro,F
83329,Juan Manuel Muoz Daz,M
83346,Sergio Muoz Escribano,M
83364,Sebastin David Muntaner Juaneda,M
83620,Ainhoa Mura Zubizarreta,F
84006,Rafael Nadal Parera,M
84776,Juan Carlos Navarro Feijoo,M
84784,Silvia Navarro Jimnez,F
84788,Estela Navascus Parra,F
84943,Astou Barro Ndour Gueye,F
85808,Laura Nicholls Gonzlez,F
88032,Mikel Odriozola Domnguez,M
88541,Jean Marie Okutu Kouletio,M
88562,Leire Olaberria Dorronsoro,F
88703,Georgina Oliva Isern,F
88708,Roc Oliva Isern,M
89553,Orlando Ortega Alejo,M
89572,Beatriz Ortiz Muoz,F
89599,"Matilde ""Mati"" Ortz Reyes",F
89617,Bruno Ortiz-Caavate Ozeki,M
89618,Miguel Ortiz-Caavate Ozeki,M
90425,Tara Pacheco van Rijnsoever,F
90729,Laia Palau Alts,F
91381,"Jennifer ""Jenny"" Pareja Lisalde",F
91758,Arantxa Parra Santonja,F
91878,Mara Lucila Pascua Surez,F
91879,Beatriz Pascual Rodrguez,F
91961,Ivn Pastor la Fuente,M
92944,Iigo Pea Arriola,M
92953,Nerea Pena Abaurrea,F
92954,Mara del Pilar Pea Carrasco,F
93126,Carlos Peralta Gallego,M
93130,Juan Peralta Gascon,M
93269,Ana Prez Campos,F
93279,Beatriz Prez Lagunas,F
93327,Ivn Ernesto Prez Vargas,M
93350,Jos Miguel Prez Martnez,M
93422,Bosco Prez-Pla Alvear,M
93572,Felipe Perrone Rocha,M
93755,Mario Pestano Garca,M
93769,Carlota Petcham Bonastre,F
94690,Salvador Piera Bresca,M
94966,"Elisabeth ""Eli"" Pinedo Senz",F
95309,Brbara Pla Vegu,F
95310,Judith Pl Roig,F
95312,Pol Pla Vegu,M
95656,Marcos Gustavo Poggi Ranwez,M
96049,Joan Llus Pons Ramn,M
96050,Laia Pons Areas,F
96293,Mara Teresa Portela Rivas,F
96606,Mara Jos Povs Novella,F
97444,Albert Puig Garrich,M
97528,Angela Pumariega Menndez,F
97852,Pau Quemada Cadafalch,M
97865,Alejandra Quereda Flores,F
97884,Laura Quevedo Caizares,F
97933,Jackson Amadeo Quionez Vernaza,M
98672,Sara Ramrez Bermdez,F
98693,Alberto Ramos Violas,M
98835,Juan Miguel Rando Glvez,M
99500,Lidia Redondo Ruiz de Arvalo,F
99766,Antonio Manuel Reina Ballesteros,M
100219,Felipe Reyes Cabaas,M
100369,Ana Vanesa Rial Lpez,F
100412,Mara Ribera Garca,F
100750,Lola Riera Zuzuarregui,F
101506,Marc Roca Barcel,M
101513,Albert Rocas Comas,M
101668,Rodrigo Moreno Machado,M
101706,lvaro Rodrguez Melero,M
101711,ngel David Rodrguez Garca,M
101727,Carolina Rodrguez Ballesteros,F
101783,Joaquim Rodrguez Oliver,M
101802,Juan Ignacio Rodrguez Libana,M
101810,Leonor Rodrguez Manso,F
101830,Natalia Rodrguez Martnez,F
101854,Sergio Rodrguez Gmez,M
101866,Zurie Rodrguez Snchez,F
102078,Jos Joaqun Rojas Gil,M
102321,Leticia Romero Gonzlez,F
102349,Josep Romeu Argemi,M
102350,Oriol Romeu Vidal,M
102993,"Carolina ""Carol"" Routier Caigueral",F
103209,"Ricard ""Ricky"" Rubio Vives",M
103389,Diego Ruz Sanz,M
103429,rsula Ruz Prez,F
103431,Vicen Ruz Torruella,M
104115,Vctor Sada Remisa,M
104778,Marc Salls Esteve,M
104902,Carola Salvatella Pans,F
105094,Fernando San Emeterio Lara,M
105143,Benjamn Snchez Bermejo,M
105150,David Snchez Lpez,M
105208,Lus Len Snchez Gil,M
105209,Marc Snchez Torrens,M
105572,Ane Santesteban Gonzlez,F
105819,Aarn Sarmiento Padilla,M
105820,"Daniel ""Dani"" Sarmiento Melin",M
105849,Patricia Sarrapio Martn,F
108560,Csar Sempere Padilla,M
108885,Jess Serrano Lara,M
109554,Yanfei Shen Zhang,F
110359,"Alexander Ingvar ""lex"" Sigurbjrnsson Benet",M
111423,Youba Sissokho Ndiaye,M
112847,Eduardo Ignacio Solaeche Gmez,M
112899,Silvia Soler Espinosa,F
115009,Arpad terbik Capar,M
116082,Carla Surez Navarro,F
117536,Balazs Marton Sziranyi Somogyi,M
117820,Roger Tahull Compte,M
117887,Jlia Takcs Nyerges,F
118649,Roser Tarrag Aymerich,F
119110,Cristian Tello Herrera,M
119299,Manel Terraza Farre,M
119326,Eloy Teruel Rovira,M
120623,Carlos Tobalina Aspirez,M
120881,Vctor Toms Gonzlez,M
121064,Pau Gaspar Tonnesen Ricart,M
121200,Cristian Isaac Toro Carballo,M
121203,Sofia Toro Prieto-Puga,F
121237,Alba Torrens Salom,F
121246,Albert Torres Barcelo,M
121317,Pablo Torrijos Navarro,M
121336,Jess Tortosa Cabrera,M
121817,Xavier Castillano Trenchs,M
122113,Rafael Joaqun Trujillo Villar,M
122466,"Eduard ""Eddie"" Tubau Cutal",M
122501,Matas Tudela Perret,M
123123,Kiyoshi Uematsu Trevio,M
123149,Cristian Ugalde Garca,M
123325,Maider Unda Gonzlez de Audicana,F
123480,Sugoi Uriarte Marcos,M
123953,Lidia Valentn Prez,F
123982,David Valero Serrano,M
124022,Jessica Vall Montero,F
124078,"Xavier ""Xavi"" Valls Trias",M
124119,Alejandro Valverde Belmonte,M
125365,Mara del Monte Vasc Pes Gallardo,F
125675,Vanessa Veiga Comesaa,F
125703,Pau Vela Maggi,M
125875,Francisco Jos Ventoso Alberdi,M
125953,Fernando Verdasco Carmona,M
126540,Mara Vilas Vidal,F
126592,Erika Villacija Garca,F
126618,"Ignacio ""Iaki"" Villanueva Martn",M
126917,Borja Vivas Jimnez,M
128355,Marcus Cooper Walz,M
130407,Aschwin Wildeboer Faber,M
131976,Jordi Xammar Hernndez,M
131981,Marta Xargay Casademont,F
132168,Brigitte Yage Enrique,F
132733,Roco Ybarra Solaun,F
133879,frica Zamorano Sanz,F
133984,"Rayderley Miguel ""Ray"" Zapata Santana",M
155,Mohamed Ibrahim Abd El-Fatah Mohamed,M
159,Reem Wa'il Abdalazem Abdalazem El-Bossaty,F
161,Hossam Abdalla,M
170,Maha Abdalsalam Gouda,F
203,Ahmed Abdel Naeim,M
213,Samy Abdel Razek,M
225,Shaimaa Abdel-Latif-Hashad,F
227,Ahmed Abdelaal,M
228,Mahmoud Abdelaal,M
229,Mohamed Ali Abdelaal,M
232,Ibrahim Ramadan Ibrahim Abdelbaki,M
236,Ragab Abdelhay Saad Abdelrazek Abdallah,M
240,Leila Abdelmoez,F
241,Sayed Abdelmonem Sayed Hamed,M
242,Ahmed Abdelrahman,M
243,Ihab Abdelrahman El-Sayed Abdelrahman,M
246,Mamdouh Abdelrehim,M
315,Mona Ahmad Abdulaziz Hassanein,F
343,Abir Abdulrahman Khalil Mahmoud Khalil,F
346,Shaza Yahia Nazih Abdulrahman El-Sayed,F
350,Mohamed Abdultwab Ibrahim Abd El-Baki,M
468,Abdelhalim Muhammad Abou,M
471,Ashraf Abou El-Hassan,M
494,Mamdouh Taha Al-Husseini Abouebaid,M
495,Alaaeldin Ahmad El-Sayyid Abouelkassem,M
501,Mohamed Mohamed Mohamed Aboutrika,M
944,Haydy Morsy Adil,F
1082,Ahmed Afifi,M
1392,Esraa Ahmed El-Sayed,F
1394,Ghofran Ahmed Zaki,M
1413,Samia Mohamed Hagrass Ahmed,F
1417,Shehabeldin Ahmed Saad Ahmed Saad,M
1721,Ahmed Akram Abbas Mahmoud,M
1906,Mostafa Muhammad Hisham Muhammad Salah Abdulhamid Al-Gamel,M
2117,Abouhalima Muhammad Al-Sa'id Abdallah Abouhalima,M
2120,Omar Al-Sabahi Muhammad Muhammad Emira,M
2207,Ayman Alaa El-Din Mohamed Fayez,M
2208,Mahmoud Alaa El-Din Mahmoud Alian,M
2717,Ahmed Ali Ahmed Saleh,M
3243,Nariman Aly,F
3402,Maha Amer,F
3403,Mohamed Amer,M
3405,Mohamed Abdelraham Sayed Amer,M
3409,Nourhan Muhammad Mahmud Amer,F
5680,Khalid Assar,M
5681,Omar Muhammadi Muhammad Muhammad Assar,M
6152,Ahmed Awad Ahmed Abu Al-Khair,M
6329,Mazen Muhammad Aziz Metwaly,M
6650,Mohamed Badawy,M
7102,Hosam Bakr Hosam Abdin,M
7646,Sara Ashraf Mohamed Mohamed Baraka,F
10969,Anas Beshr,M
25413,Aya Nasr Al-Din Ibrahim Ali Darwish,F
25417,Ahmed Murad Darwish,M
25418,Ramadan Darwish Ramadan Darwish,M
29337,Franco Peru Donato,M
31705,Rabab Eid Sayed Awad,F
31780,Eslam Eissa,M
31906,Nour Ahmad Muhammad El-Afandi,F
31909,Ahmed Moustafa Nasr El-Ahmar,M
31915,Marwan Ahmed Aly Morsy El-Amrawy,M
31928,Nour El-Ayoubi,F
31937,Abdelkhalek El-Banna,M
31942,Mohamed Hashim Ahmad El-Bassiouny,M
31952,Nadeen Ahmad Ali El-Dawlatly,F
31953,Yehia El-Deraa,M
31976,Eman Abdulnabi Ismail El-Gammal,F
31977,Shaimaa Abdulnabi Ismail El-Gammal,F
31979,Dalia Muhammad Ahmad El-Gebaly,F
31982,Amro Abdulrahman Ali El-Geziry,M
31984,Omar El-Geziry,M
31987,Ashraf Mohamed El-Meligy El-Gharably,M
31989,Omar Ahmed Abdel Latif El-Ghazaly,M
31992,Doaa El-Ghobashy,F
32017,Mona Mahmud El-Hawary,F
32021,Afaf Muhammad El-Hodhod,F
32027,Rana Mohamed Tarek El-Husseiny,F
32039,Marwan Mohamed Ismail Mohamed Aly El-Kamash,M
32061,Ahmed El-Kotb,M
32065,Jomana El-Maghrabi,F
32083,Ibrahim El-Masry,M
32112,Ahmed Mahmud Muhammad Saleh El-Nemr,M
32113,Mohamed Nasir Al-Sayyid El-Neny,M
32128,Mohamed Sherif El-Saharty,M
32132,Hamdy Moustafa El-Said Abdelwahab,M
32135,Salma Mahmoud El-Said Mohamed,F
32139,Seham Muhammad Ahmad El-Sawalhy,F
32145,Karim Emad El-Sayed,M
32168,Fatma Nagib El-Sharnouby,F
32169,Islam Amru Abdallah Ahmad El-Shehaby,M
32170,Ahmed Nasir Mahmud El-Shenawi,M
32187,Abdelrahman Yahia Abdulsalam Muhammad El-Trabily,M
32204,Sherine Ahmed El-Zeiny,F
32206,Karim Ahmad Rafa't El-Zoghby,M
33257,Mohamed Essam Al-Din Hassanain,M
34002,Ibrahim Farag Abdelhakim Mohamed,M
34128,Sherif Gamal Farrag,M
34219,Mohamed Fathalla Diffalah Jawi,M
34221,Ahmed Fathi Abdulmunim Ahmed Ibrahim,M
34331,Mahmoud Fawzy Rashad Muhammad Sebie,M
36475,Tarek Fouad Muhammad Kamil Ayad,M
37775,Karam Mohamed Gaber Ibrahim,M
37778,Omar Mahmud Sayyid Gaber,M
39964,Mannad Ghazi Ibrahim Shehata Zeid,M
41234,Saleh Saleh Gomaa,M
44503,Ahmed Muhammad Ismail Kamil Habash,M
44653,Nada Hafez,F
44660,Hussein Mahmud Ismail Hafiz,M
45232,Moustafa Ismail Mahmud Hamdy,M
45408,Mohamed Hamza,M
45409,Samar Amer Ibrahim  Hamza,F
46048,Shaimaa Haridy Khalaf,F
46423,Mohamed Alaa Hashem,M
46480,Hossam Hassan Mohamed Abdallah,M
46496,Omar Hassan,M
46509,Nour El Din Muhammad Hassanein Yunis,M
46511,Dara Tamer Mahmoud Hassanien,F
46536,Samar Usama Ahmad Hassounah,F
47139,Yasser Muhammad Hefny Muhammad Mahdi,M
47146,Ahmed Al-Sayyid Ali Al-Sayyid Hegazi,M
47491,Yousra Helmy,F
47560,Karim Hendawy,M
48514,Mohamed Abdel Mawgoud Abu Al-Futuh Hikal,M
48643,Ramy Hilmi Muhammad Ibrahim El-Awady,M
50121,Amgad Muhammad Hussain Hosen,M
50148,Hadia Mohamed Hosny El-Said Mohamed Tawfiq El-Sayyid,F
51244,Mohamed Hussein,M
51727,Mohamed Ihab Youssef Ahmed Mahmoud,M
57003,Diaaeldin Kamal Gouda Abdelmottaleb,M
57012,Ahmed Kamar,M
57048,Nada Mamaduh Diyab Kamel,F
57553,Menatalla Karim Ahmad,F
57911,Reem Mohamed Hussein El-Sayed Kassem,F
59050,Ali Ahmed Mahmoud Ali Khalafalla,M
59074,Mahmoud Khalil,M
59092,Youmna Amru Nagib Khallaf,F
66951,El-Sayed Ahmad Ahmad Lashin,M
73154,Hassan Ibrahim Madani Ibrahim,M
73380,Ahmed Magdy Sa'd Mohamed,M
73381,Raghd Magdy Muhammad Mustafa,F
73569,Haithem Mahmoud Ahmed Mahmoud Fahmy,M
73570,Hassan Mohamed Mahmoud,M
73952,Hedaya Ahmad Malak Wahba,F
74587,Reem Mansour,F
74597,Esmat Mansur Al-Sayyid Ahmed,F
76180,Mohamed Masoud,M
78010,Nada Meawad,F
78025,Aya Mahmud Abdallah Muhammad Medany,F
78176,Abdel Aziz Mehelba,M
78177,Azmy Muhammad Azmy Abdulaziz Mehelba,M
78346,Hadir Mekhimar,F
79022,Dina Alaa Al-Din Wafiq Meshref,F
80007,"Eslam Muhammad ""Milo"" Ramadan Rashd",M
80318,Hesham Hasan Misbah,M
80880,Abdellatif Mohamed Ahmed Mohamed,M
80884,Ahmed Mohamed,M
80886,Ahmed Mohamed Abdalaziz Mohamed,M
80889,Ali Zein Elabedin Ali Ismail Mohamed,M
80896,Ebtissam Mohamed,F
80901,Eslam Ahmad Ali Mohamed El-Gendy,M
80903,Gaber Ahmed Farhan Mohamed,M
80906,Hamada Mohamed Mohamed Ahmad,M
80912,Mai Mas'ud Amin Fahmi Mohamed,F
80922,Noura Mohamed,F
80927,Walid Said Mohamed Sedik Mohamed,M
80996,Marwan Mohsen Fahmy Thirwat Fahmy,M
81002,Mohamed Mohyeldin,M
81004,Mohab Mohymen Ishak El-Kordy,M
82481,Anas Mahmud Mostafa Ali Mostafa,M
82482,Enas Mostafa Youssef Ahmed,F
82498,"Emad Mohamed Abdel Naby Ibrahim Mohamed ""Moteab""",M
85074,Nadia Negm,F
85075,Salma Negmeldin,F
86736,Mohamed Abdulrahman Al-Sayyid Nofel,M
89774,Farida Hisham Ahmed Osman,F
98293,Ahmed Ragab,M
98565,Mohamed Ibrahim Ramadan,M
98567,Mohamed Ramadan Mohamed Eliwa,M
98569,Nahla Ramadan Muhammad Abdulmu'ti Muhammad,F
98962,Fatma Muhammad Ahmad Rashed,F
102812,Yasmine Mohmed Abdulmagid Rostom,F
103938,Mostafa Sa'id Sa'd Sayyid Mansour,M
103941,Ahmed Ahmed Muhammad Saad,M
103942,Ahmed Mohamed Ibrahim Saad,M
103956,Nada Nabil Mohamed Elsayed Saafan,F
103957,Nehal Nabil Mohamed Elsayed Saafan,F
104595,Mohamed Salah Haamid Ghaly,M
104597,Tamer Salah Ali Abdu Bayoumi,M
104600,Abdel Rahman Salah Orabi Abdelgawwad,M
104690,Adham Ahmed Saleh Kahk,M
104989,"Saadeldin ""Saad"" Samir Saad Ali",M
104990,Sara Ahmed Samir,F
105111,Mohammad Sanad,M
108456,Youssef Selim,M
108733,Amru Ibrahim Mostafa Seoud,M
109068,Ahmed Shaban,M
109069,El-Desoky Ismail Abdulrauf Muhammad Shaban,M
109071,Iman Muhammad Shaban Muhammad Gaber,F
109448,Mohamed Shebib,M
118084,Hamada Talat,M
119469,Mohamed Thakil,M
120787,Islam Muhammad Abdulhafiz Muhammad Tolba,M
123537,Abdelrahman Usama Tawfiq Ahmed,M
127865,Karim Wagih Mustafa Mahir Ahmad,M
132173,Hesham Yahia Mahmud Abdelaal,M
132174,Tarek Yahia Fu'ad Abdelazim,M
133247,Shehab Muhammad Ahmad Muhammad Younis,M
133670,Mohamed Aly Zaghloul Mohamed,M
133694,Ahmed Tawhid Mahmud Bahij Zaher,M
133723,Salma Zain Muhammad Al-Abidin Mahran,F
128,Soulmaz Abbasi Azad,F
250,Saeid Morad Abdevali,M
383,Mojtaba Abedini Shormasti,M
1377,Elaheh Ahmadi,F
1645,Habibollah Jomeh Akhlaghi,M
2237,Nima Alamian,M
2238,Noshad Alamian Darounkolaei,M
2769,Kimia Alizadeh Zenoorin,F
4449,Sajjad Anoushiravani Hamlabad,M
5444,Mohammad Arzandeh,M
5564,Farzan Ashour Zadeh Fllah,M
5598,Rouhollah Askari Gandomani,M
6414,Bashir Asgari Babajanzadeh Darzi,M
6784,Mohammad Bagheri Motamed,M
7690,Mohammad Reza Barari,M
7899,Ebrahim Barkhordari,M
11324,Mohammad Bidarian,M
27033,Zahra Dehghan Abnavi,F
31212,Milad Ebadipour Gharahassanlou,M
33174,Masoud Esmaeilpour Jouybari,M
39917,Farhad Ghaemi,M
39923,Amir Ghafour,M
39927,Pezhman Ghalehnoei,M
39949,Komeil Nemat Ghasemi,M
39950,Reza Ghasemi,M
39951,Amin Ghasemipour,M
40037,Adel Gholami,M
42035,Sadegh Goudarzi,M
44597,Ehsan Haddadi,M
44743,Ali Reza Haghi,M
44864,Sousan Hajipour Goli,F
44901,Arezoo Hakimi Moghaddam,F
46424,Ali Hashemi,M
46426,Sajjad Hashemi Ahangari,M
53465,Mahlagha Jambozorg,F
54057,Mahsa Javer,F
57460,Yousef Karami,M
57556,Alireza Mohammad Karimimachiani,M
59277,Najmeh Khedmati,F
59333,Mahdi Khodabakhshi,M
66950,Ehsan Lashgari,M
73522,Mehdi Mahdavi,M
73548,Javad Mahjoub,M
73587,Shahram Mahmoudi,M
74710,Mahdi Marandi,M
74895,Sajjad Mardani,M
75283,Mir Saeid Marouflakrani,M
77070,Ali Mazaheri,M
80302,Mojtaba Mirzajanpour Muvizirjy,M
80625,Ghader Mizbani Iranagh,M
80728,Arvin Moazami Godarzi,M
80947,Saeid Mohammadpour Karkaragh,M
81035,Adel Mojallalimoghadam,M
81175,Saeid Mollaei,M
81737,Mohammad Jaafar Moradi,M
81738,Sajjad Moradi,M
81739,Sohrab Moradi,M
82628,Kaveh Sadegh Mousavi,M
82629,Seyed Mohammad Mousavi Eraghi,M
84617,Arya Nasimi Shad,M
84622,Meisam Abolfazl Nasiri,M
84652,Navab Nassirshalal,M
85224,Zahra Nemati,F
86192,Amin Abraham Paul Nikfar,M
86968,Omid Haji Norouzi,M
86969,Pourya Norouziyan,M
90667,Seyed Ali Pakdaman Esmaeilzadeh,M
96575,Mirsamad Pourseyedigolakhour,M
98343,Hassan Sabzali Rahimi,M
98344,Ebrahim Rahimian,M
98451,Leyla Rajabi,F
100289,Ghasem Gholamreza Rezaei,M
102805,Kianoush Rostami,M
103009,Ehsan Rouzbahani,M
104740,Behdad Salimi Kordasiabi,M
104985,Mahmoud Samimi,M
108117,Golnoush Sebghatollahi,F
109095,Mohsen Shadi Naghadeh,M
109144,Neda Shahsavari,F
109277,Mostafa Sharifat,M
112769,Mehdi Sohrabi,M
113455,Hamid Mohammad Sourian Reihanpour,M
117770,Hassan Taftian,M
117779,Mehdi Taghavi Kermani,M
118108,Ahmad Reza Talebian,M
120839,Mehdi Tolouti Bandpi,M
125566,Milad Vaziri Teymourlouei,M
132729,Hassan Aliazam Yazdanicharati,M
132730,Reza Mohammad Ali Yazdani,M
134025,Amir Zargari,M
134031,Hamzeh Zarini,M
135236,Hamid Reza Zooravand,M
2471,Aleksandar Emilov Aleksandrov,M
2474,Daniel Tihomirov Aleksandrov,M
2520,Todor Nikolaev Aleksiev,M
4299,Ivo Serafimov Angelov,M
5510,Daniel Asenov,M
6140,Ekaterina Ivanova Avramova,F
6218,Ventsislav Vasilev Aydarski,M
7574,Andriana Veselinova Banova,F
8940,Nikolay Nikolaev Bayryakov,M
8949,Leonid Anatolievich Bazan,M
13172,Antoaneta Nikolaeva Boneva,F
14398,Georgi Bozhilov,M
14734,Georgi Sashkov Bratoev,M
14735,Valentin Sashkov Bratoev,M
19656,Simeon Chamov,M
21115,Margarita Georgieva Chomakova,F
24952,Detelin Stefanov Dalakliev,M
25160,Silviya Georgieva Danekova,F
27488,Mirela Krasimirova Demireva,F
28583,Dobromir Dimitrov Dimitrov,M
28587,Grigor Dimitrov Dimitrov,M
28600,Rumen Dimitrov,M
29393,Samuil Emilov Donkov,M
30304,Vladimir Vladimirov Dubov,M
38298,Mihail Petrov Ganev,M
39702,Yanislav Gerchev,M
43252,Mariya Zdravkova Grozdeva (Grigorova-),F
43681,Anatolie Ilarionovitch Guidea,M
44005,Elis Guri,M
44407,Spas Plamenov Gyurov,M
50478,Stefan Koychev Hristov,M
50479,Mimi Nikolova Hristova,F
52793,Georgi Ivanov Ivanov,M
52795,Georgi Stoyanov Ivanov,M
52813,Ivaylo Ivanov,M
52822,Martin Ivanov Ivanov,M
52838,Tihomir Ivaylo Ivanov,M
57035,Reneta Kamberova,F
58277,Lyubomira Kazanova,F
59457,Yavor Vasilev Khristov,M
60665,Miroslav Iliev Kirchev,M
61865,Angel Kodinov,M
62197,Yoan Georgiev Kolev,M
62569,Irina Emilova Konstantinova-Bontemps,F
63070,Aleksandar Stoyanov Kostadinov,M
63786,Dimitar Krastanov,M
64923,Dimitar Angelov Kumchev,M
66092,Ivet Miroslavova Lalova-Collio,F
72174,Petya Lukanova,F
73336,Mihaela Maevska,F
74390,Milka Mikova Maneva,F
75100,Hristo Diyanov Marinov,M
75188,Ivan Markov Markov,M
76880,Radoslava Yankova Mavrodieva,F
79809,Ralitsa Todorova Mileva,F
80264,Militsa Mircheva,F
80449,Silviya Dimitrova Miteva,F
84823,Tsvetelina Biserova Naydenova,F
85010,Petya Todorova Nedelcheva,F
86283,Aleksandar Nikolov,M
86293,Nikolay Yanchev Nikolov,M
86300,Vladimir Milchev Nikolov,M
86463,Viktor Damyanov Ninov,M
87099,Borislav Stefanov Novachkov,M
91918,Pancho Paskov,M
92980,Nikolay Zharkov Penchev,M
94107,Danail Andonov Petrov,M
94132,Gabriela Petrova,F
94144,Stanimira Petrova,F
94145,Stoyka Zhelyazkova Petrova,F
95162,Tsvetana Kirilova Pironkova,F
97490,Tervel Venkov Pulev,M
98864,Nina Georgieva Rangelova,F
101190,Anton Yordanov Rizov,M
104864,Teodor Yovchev Salparov,M
111799,Todor Asenov Skrimov,M
112803,Tsvetan Nikolaev Sokolov,M
114245,Vania Emilova Stambolova,F
115345,Gabriela Stoeva,F
115347,Stefani Stoeva,F
115584,Petar Raychev Stoychev,M
119346,Kiril Stoychev Terziev,M
120685,Teodor Ivanov Todorov,M
120692,Elena Todorova,F
120693,Hristiana Todorova,F
122273,Mitko Tsenov,M
122352,Georgi Stoykov Tsonov,M
125409,Kristian Vasilev,M
125781,Radoslav Marinov Velikov,M
125796,Katrin Velkova,F
125846,Venelina Ivanova Veneva-Mateeva,F
126960,Neviana Vladinova,F
132603,Elitsa Atanasova Yankova,F
133168,Viktor Ganchev Yosifov,M
133279,Yordan Yovchev Yovchev,M
133536,Taybe Mustafa Yusein,F
134387,Linda Zetchiri,F
135154,Stanka Zlateva Khristova,F
62,Giovanni Abagnale,M
91,Emanuele Abate,M
132,Simona Abbate,F
1114,Luca Agamennoni,M
1466,Matteo Aicardi,M
1478,Rosaria Aiello,F
2824,Agnese Allegrini,F
4332,Giuseppe Angilella,M
4333,Matteo Angioletti,M
4575,Oleg Antonov,M
5299,Valentina Arrighetti,F
5400,Fabio Aru,M
5670,Valerio Aspromonte,M
6131,Giorgio Avola,M
6495,Monia Baccaille,F
6624,Diana Bacosi,F
7202,Filippo Baldassari,M
7217,Andrea Baldini,M
7439,Abdoullah Bamoussa,M
7708,Jenny Barazza,F
7753,Arianna Barbieri,F
7755,Erica Barbieri,F
7852,Andrea Bari,M
7861,Antonino Barill,M
8237,Beatrice Bartelloni,F
8452,Fabio Basile,M
8587,Noemi Batki,F
8639,Romano Battisti,M
8991,Chiara Bazzoni,F
9773,Marco Belotti,M
9957,Maximilian Benassi,M
9975,Jos Reynaldo Bencosme de Leon,M
10017,Giordano Benedetti,M
10019,Michele Benedetti,M
10020,Nicola Benedetti,M
10812,Elena Berta,F
10817,Nino Daniele Bertasio,M
10818,Liam Bertazzo,M
10882,Sara Bertolasi,F
10890,Veronica Bertolini,F
10900,Catherine Bertone,F
11254,Ilaria Bianchi,F
11273,Ilaria Bianco,F
11278,Roberta Bianconi,F
11653,Emanuele Birarelli,M
11808,Vittorio Bissaro,M
12113,Elisa Blanchi,F
12449,Lucilla Boari,F
12488,Mihai Razvan Bobocica,M
12516,Federico Bocchia,M
12593,Michal Alexandre Bodegas,M
12754,Chiara Boggiatto,F
13175,Elena Maria Bonfanti,F
13217,Charlotte Bonin,F
13219,Dante Boninfante,M
13427,Giorgia Bordignon,F
13735,Caterina Chiara Bosetti,F
13736,Lucia Bosetti,F
14432,Elisa Bozzo,F
14470,Daniele Bracciali,M
14558,Luca Braidot,M
14830,Stefano Brecciaroli,M
15351,Giorgia Bronzini,F
15788,Rachele Bruni,F
15824,Francesco Bruno,M
16846,Alberto Busnari,M
16900,Simone Buti,M
17272,Tania Cagnotto (-Parolin),F
17301,Andrea Caianiello,M
17318,Chiara Cainero,F
17473,Beatrice Callegari,F
17600,Mattia Camboni,M
17656,Roberto Cammarelle,M
17669,Giorgia Campana,F
17780,Pietro Camporesi,M
17815,Niccol Campriani,M
17937,Flavio Cannone,M
17958,Julieta Cantaluppi,F
17963,Noemi Cantele,F
18028,Vincenzo Maria Capelli,M
18058,Teodorico Caporaso,M
18066,Manuel Fabrizio Cappai,M
18113,Adrian Ignacio Carambula Raurich,M
18127,Marzia Caravelli,F
18144,Lorenzo Carboncini,M
18271,Diletta Carli,F
18511,Martina Carraro,F
18676,Damiano Caruso,M
18743,Elisa Casanova,F
18840,Andrea Cassar,M
18870,Matteo Castaldo,M
18930,Arianna Castiglioni,F
19074,Camilla Cattaneo,F
19239,Elena Cecchini,F
19333,Martina Centofanti,F
19334,Nadia Centoni,F
19427,Linda Cerruti,F
19432,Fabio Cerutti,M
19464,Claudia Cesarini,F
19643,Frank Chamizo Marquez,M
20537,Silvano Chesani,M
20645,Andrea Chiarabini,M
20706,Maria Benedicta Chigbolu,F
20826,Cristina Chirichella,F
21500,Antonio Ciano,M
21534,Jeanine Cicognini,F
21535,Greta Cicolari,F
21653,Stefano Cipressi,M
21751,Francesca Clapcich,F
22017,Valerio Cleri,M
22196,Piero Codia,M
22299,Massimo Colaci,M
22481,Simone Collio,M
22736,Rosaria Console,F
22739,Simone Consonni,M
22779,Giulia Conti,F
23318,Carolina del Pilar Costagrande,F
23387,Aleksandra Cotti,F
23755,Mauro Crenna,M
23863,Paola Croce,F
23882,Sabrina Crognale,F
24610,Enrico D'Aniello,M
24611,Francesco D'Aniello,M
24621,Andrea Mitchell D'Arrigo,M
25003,Francesca Dallap,F
25164,Anna Danesi,F
25165,Daniele Danesin,M
26114,Giovanni De Gennaro,M
26115,Monica De Gennaro,F
26396,Marco De Luca,M
26397,Riccardo De Luca,M
26417,Alessandro De Marchi,M
26442,Martina De Memme,F
26493,Marco Alessandro De Nicolo,M
26735,Manuel De Vecchi,M
27052,Francesca Deidda,F
27105,Bianca Del Carretto,F
27113,Antonella Del Core,F
27123,Marco Del Lungo,M
27335,Francesco Dell'Uomo,M
27720,Dariya Derkach,F
27768,Eseosa Fostine Desalu,M
27897,Gabriele Detti,M
28068,Marco Di Costanzo,M
28072,Elisa Di Francisca,F
28073,Francesco Di Fulvio,M
28077,Alex Di Giorgio,M
28086,Tania Di Mario,F
28101,Silvia Di Pietro,F
28110,Daniele Di Spigno,M
28115,Mirco Ametrano Di Tora,M
29336,Fabrizio Donato,M
29644,Luca Dotto,M
29993,Giulio Dressino,M
31354,Ludovico Edalli,M
31611,Paola Ogechi Egonu,F
31794,Nadia Mohamed Ejjafini,F
32516,Giulia Enrica Emmolo,F
33052,Sara Errani,F
33057,Arianna Errigo,F
33243,Federico Esposito,M
33618,Thomas Fabbiano,M
33621,Massimo Fabbrizi,M
33631,Alessandro Fabian,M
33861,Ennio Falco,M
34020,Francesco Faraldo,M
34185,Erika Fasana,F
34457,Alessandro Fei,M
34593,Maurizio Felugo,M
34727,Carlotta Ferlito,F
34928,Erika Ferraioli,F
34949,Niccol Ferrari,M
34955,Vanessa Ferrari,F
35061,Costanza Ferro,F
35134,Rossella Fiamingo,F
35147,Marco Fichera,M
35220,Pietro Figlioli,M
35336,Alessia Filippi,F
35457,Deni Fiorentini,M
35713,Manila Flamini,F
35936,Yuri Floriani,M
36034,Fabio Fognini,M
36091,Ayomide Folorunso,F
36114,Andrea Fondelli,M
36158,Marco Aurelio Fontana,M
36220,Rosalba Forciniti,F
36409,Francesco Fossi,M
36637,Sara Franceschi,F
36735,Michele Frangilli,M
36830,Simona Frapporti,F
36877,Teresa Frassinetti,F
36891,Pierpaolo Frattini,M
38045,Marco Galiazzo,M
38157,Valentino Gallo,M
38188,Matteo Galvan,M
38363,Filippo Ganna,M
38803,Arianna Garibotti,F
38841,Daniele Garozzo,M
38842,Enrico Garozzo,M
39070,Emanuele Gaudiano,M
39443,Elena Gemo,F
39484,Alessia Gennari,F
40071,Massimo Giacoppo,M
40073,Maria Clara Giai Pron,F
40102,Simone Giannelli,M
40225,Elena Gigli,F
40460,Simona Gioli,F
40462,Laura Giombini,F
40473,Giuseppe Giordano,M
40480,Alex Giorgetti,M
40485,Eleonora Anna  Giorgi,F
40511,Andrea Giovi,M
40611,Niccol Gitto,M
40617,Odette Giuffrida,F
40626,Matteo Giupponi,M
41838,Martino Goretti,M
41869,Giulia Gorlero,F
42594,Daniele Greco,M
42730,Rossella Gregorio,F
42777,Libania Grenot Martnez (-Scafetti),F
42953,Martina Grimaldi,F
43512,"Tatiana ""Tania"" Guderzo",F
43692,Martina Guiggi,F
43835,Maria Loreta Gulotta,F
44282,Michela Guzzetti,F
44319,Edwige Jeanne Gwend,F
49819,Gloria Hooper,F
49963,Stefanie Horn,F
51618,Josefa Idem-Guerrini,F
52088,Anna Carmela Incerti (-Scaini),F
52110,Fabio Infimo,M
52134,Veronica Inglese,F
52180,Marco Innocenti,M
56171,Osmany Juantorena Portuondo,M
58865,Gerhard Kerschbaumer,M
61440,Karin Knapp,F
65595,Simona La Mantia,F
65597,Livio La Padula,M
65602,Stefano La Rosa,M
66218,Francesco Lamon,M
66575,Filippo Lanza,M
66610,Allegra Lapi,F
66611,Giulia Lapi,F
66957,Michal Eryk Lasko,M
67150,Romina Laurito,F
67690,Eva Lechner,F
68790,Luca Leonardi,M
69042,Laura Letrari,F
70320,Marco Lingua,M
70379,Pia Carmen Maria Lionetti,F
70716,Emanuele Liuzzi,M
70885,Eleonora Lo Bianco,F
70985,Luigi Agostino Lodde,M
70990,Sofia Lodi,F
70992,Matteo Lodo,M
71235,Elisa Longo Borghini,F
71539,Paolo Lorenzi,M
72143,Elia Luini,M
72425,Daniele Lupo,M
73335,Riccardo Maestri,M
73420,Gianluca Maglia,M
73427,Margherita Magnani,F
73445,Filippo Magnini,M
73978,Sonia Malavisi,F
74293,Matteo Manassero,M
74338,Claudia Mandia,F
74387,Davide Manenti,M
74397,Valentino Manfredonia,M
74414,Vincenzo Mangiacapre,M
74664,Elios Manzi,M
74859,Matteo Marconcini,M
74861,Maria Elisabetta Marconi,F
75055,Luca Marin,M
75347,Francesco Marrai,M
76036,Gioia Marzocca,F
76112,Chiara Masini Luccetti,F
76283,Luigi Mastrangelo,M
76827,Alessia Maurelli,F
77137,Annamaria Mazzetti,F
77138,Riccardo Mazzetti,M
78521,Roberto Meloni,M
78673,Marta Menegatti,F
78679,Elisa Meneghini,F
79150,Daniele Meucci,M
79308,Marcello Miani,M
79414,Andrea Micheletti,M
79467,Giovanna Micol,F
79748,Laura Milani,F
80658,Alice Mizzau,F
80801,Sacha Modolo,M
80820,Nathalie Marie Moellhausen,F
81111,Carlo Molfetta,M
81161,Giulia Molinaro,F
81225,Daniele Cristoforo Molmenti,M
81456,Aldo Montano,M
81588,Domenico Montrone,M
81819,Matteo Morandi,M
81992,Elena Moretti,F
82182,Niccol Giovanni Pietro Mornati,M
82376,Valentina Moscatt,F
83401,Norma Murabito,F
84530,Elania Nardelli,F
84764,Mara Navarria,F
85360,Mauro Nespoli,M
85378,Alice Nesti,F
85785,Vincenzo Nibali,M
85871,Paolo Nicolai,M
86838,Alessandro Nora,M
87909,Diego Occhiuzzi,M
89298,Stefano Oppo,M
89527,Alessia Orro,F
89532,Marco Orsi,M
89623,Serena Ortolani,F
89993,Paolo Ottavi,M
90581,Marta Pagnini,F
90875,Antonella Palmisano,F
90906,Gregorio Paltrinieri,M
91070,Vittoria Ippolita Panizzon,F
91162,Margherita Panziera,F
91172,Luca Paolini,M
91176,Mario Paonessa,M
91268,Samuele Papi,M
91744,Simone Parodi,M
91773,Jahyn Vittorio Parrinello,M
91935,David Pasqualucci,M
91966,Giacomo Pastorino,M
92006,Alessandra Patelli,F
92065,Camilla Patriarca,F
92096,Francesca Pattaro,F
92714,Yadisleidy Pedroso Gonzlez,F
92848,Anik Pelle,F
92854,Federica Pellegrini,F
92881,Giovanni Pellielo,M
93049,Flavia Pennetta,F
93268,Amaurys Perez,M
93588,Mariangela Perrupato,F
93678,Ruggero Pertile,M
93710,Mattia Pesce,M
94079,Pier Paolo Petroni,M
94322,Aglaia Mafalda Pezzato,F
94549,Matteo Piano,M
94576,Vincenzo Picardi,M
94586,Francesca Piccinini,F
95014,Marco Pinotti,M
95169,Stefania Pirozzi,F
95294,Samuel Pizzetti,M
95296,Luca Pizzini,M
95300,Paolo Pizzo,M
95653,Giorgio Poggi,M
95830,Alessia Polieri,F
95988,Francesca Pomeri,F
96604,Lorenzo Povegliano,M
96688,Enrico Pozzo,M
96849,Danijel Premu,M
96871,Christian Presciutti,M
96872,Nicholas Presciutti,M
96923,Elisabetta Preziosa,F
97843,Elisa Queirolo,F
97955,Giulia Quintavalle,F
98148,Federica Radicchi,F
98424,Simone Raineri,M
98602,Giulia Rambaldi Guidasci,F
98851,Sebastiano Ranfagni,M
98866,Alex Ranghieri,M
99597,Michele Gino Regolo,M
100435,Alberto Ricchetti,M
100784,Elisa Rigaudo,F
100895,Tommaso Rinaldi,M
100978,Nicola Ripamonti,M
100982,Jacques Riparelli,M
101178,Matteo Rivolta,M
101195,Manfredi Rizza,M
101196,Martina Rizzelli,F
101645,Valentina Rodini,F
102149,Andrea Rolla,M
102197,Elena Romagnolo,F
102212,Luca Roman,M
102216,Pietro Roman,M
102401,Giulia Rondon,F
102495,Chiara Rosa,F
102497,Diego Rosa,M
102734,Gabriele Rossetti,M
102758,Jessica Rossi,F
102779,Salvatore Rossini,M
102781,Desiree Rossit,F
103197,Giorgio Rubino,M
103342,Simone Ruffini,M
103641,Clemente Russo,M
103673,Pietro Willy Ruta,M
104028,Simone Sabbioni,M
104759,Silvia Salis,F
104904,Ilaria Salvatori,F
104975,Luigi Samele,M
105556,Andrea Santarelli,M
105597,Yusneysi Santiusti Caballero,F
105604,Elisa Santoni,F
105666,Michele Santucci,M
105822,Mauro Sarmiento,M
105874,Alessio Sartori,M
105877,Guendalina Sartori,F
106186,Cristian Savani,M
106315,"Anzhelika ""Angelica"" Savrayuk",F
106457,Mirco Scarantino,M
106481,Michele Scartezzini,M
106817,Francesca Lizzy Schiavone,F
106920,Arianna Schivo,F
108042,Fabio Scozzoli,M
108662,Alessandra Sensini,F
108749,Andreas Seppi,M
108804,Giulia Sergas,F
109051,Sara Sgarzi,F
110144,Gianfranco Sibello,M
110172,Silvia Sicouri,F
111308,Alice Sinno,F
113334,Alice Sotero,F
113389,Daniele Pasquale Sottile,M
113620,Maria Enrica Spacca,F
113708,Brenda Spaziani,F
114647,Andreea Stefanescu,F
114660,Matteo Stefanini,M
115649,Valeria Straneo,F
117223,Miriam Fatime Sylla,F
117692,Chiara Tabani,F
117719,Carlo Tacchini,M
118189,Gianmarco Tamberi,M
118304,Wenling Tan Monfardini,F
118581,Luigi Tarantino,M
118660,Flavia Tartaglini,F
118987,Laura Teani,F
119137,Stefano Tempesti,M
119356,Luca Tesconi,M
119382,Irma Testa,F
120232,Andrea Tiberi,M
120404,Daigoro Timoncini,M
120532,Ruggero Tita,M
120645,Giovanni Tocci,M
120897,Jessica Tomasi,F
120974,Carmine Tommasone,M
121044,Andrea Toniato,M
121736,Dragan Travica,M
122023,Luisa Trombetti,F
122061,Alessia Trost,F
122138,Valentina Truppa,F
122823,Federico Turrini,M
123043,Davide Uccellari,M
123917,Natalia Valeeva,F
123967,Domenico Valentino,M
124108,Silvia Valsecchi,F
125125,Federico Vanelli,M
125608,Irene Vecchi,F
125813,Alessandro Velotto,M
125851,Simone Venier,M
125954,Elio Verde,M
126174,Maicol Verzotto,M
126248,Luca Vettori,M
126257,Maria Valentina Vezzali,F
126280,Guido Vianello,M
126330,Giuseppe Vicino,M
126721,Roberta Vinci,F
126933,Elia Viviani,M
126950,Nicola Vizzoni,M
129470,Silvia Weissteiner,F
131894,Claudia Wurzel,F
133923,Gabrio Zandon,M
134145,Ivan Zaytsev,M
134352,Silvia Zennaro,F
135192,Carlotta Zofkova Costa de Saint Genix de Beauregard,F
135350,Petra Zublasing,F
135367,Pietro Zucchetti,M
2719,Bibiro Ali Taher,F
73509,Bachir Mahamat,M
84930,Hinikissa Albertine Ndikert,F
85668,Carine Ngarlemdana,F
65,Patimat Abakarova,F
335,Abdulqdir Abdullayev,M
340,Laye Abdullayeva,F
2472,Aleksandr Aleksandrov,M
2500,Yana Ivanovna Alekseevna,F
2784,Fatim Alkrmova,F
5724,rad Suleyman Aumova,F
6094,Maksim Averin,M
6433,Nazim Tahir olu Babayev,M
6788,Prviz Barov,M
8936,Rvn Bayramov,M
8937,fqan Bayramov,M
8999,Mhmmd bdlhmidov,M
9444,Milad Beigi Hareqani,M
11175,Serhiy Oleksandrovych Bezuhliy,M
19614,Yelena Valeryevna Chalykh,F
22102,Cavid lbiyev,M
24313,Rsul unayev,M
27528,Valentin Demyanenko,M
30868,Marina Durunda,F
44582,Heybtulla Hacliyev,M
48927,Emin hmdov,M
50552,Cbrayl Hsnov,M
50553,Srdar Hsnov,M
50556,Oksana Htmxanova,F
51196,Vtn Hseynli,M
51199,Rft Hseynov,M
51577,Hayle brahimov,M
52448,Radik sayev,M
60600,Evans Chebet Kiplagat Barkowet,M
60698,Boris Kirillov,M
62072,Uangi Kokauri,M
63138,Boyanka Kostova,F
64477,Trlan Krimov,M
67445,Yevgeni Lazuka,M
69606,Nataliya Vitalivna Lialchuk-Mustafeyeva,F
70766,Hac liyev,M
70767,Hsn liyev,M
70768,rf liyev,M
72366,Ruslan Lunev,M
74686,Camalddin Maqomedov,M
75439,Dmitri Marin,M
77980,Mhmmdrsul Mcidov,M
78173,Mmmdli Mehdiyev,M
78802,Jure Meqli,M
79534,Soltan Migitinov,M
79670,Sbin Mikina,F
80698,Elvin Mmizad,M
80700,Elnur Mmmdli,M
80702,Elxan Mmmdov,M
80705,Teymur Mmmdov,M
83612,Elvin Mrsliyev,M
83685,lqar Mukiyev,M
89632,Rstm Orucov,M
89894,Inna Volodymyrivna Osypenko-Radomska,F
90968,Olqa Panarina-smaylova,F
92351,Yelena Pavluxina,F
92389,Petro Paxnyuk,M
94299,Rostislav Pevtsov,M
97170,Maksym Serhiyovych Prokopenko,M
97732,alva Qadabadze,M
97738,Aliy Qarayeva,F
97740,Elmar Qasmov,M
97743,Kifayt Qasmova,F
97745,Xetaq Qazyumov,M
99114,Yuliya Ratkevi,F
100329,Camal Rhimov,M
104327,Kamran ahsuvarl,M
108673,Olqa Senyuk,F
109048,Orxan Sfrov,M
109062,Torul sgrov,M
111288,Nataliya Siniin,F
111490,akir xliyev,M
111491,Nicat xlizad,M
111652,Anna Skidan,F
112028,Albert Slimov,M
113381,Lorenzo Sotomayor Collazo,M
114078,rif rifov,M
114079,Sabah riti,M
114160,Mariya Stadnik,F
115001,Oleq Stepko,M
117816,Hassan Saman Tahmasebi,M
126863,Yelena Vstropova,F
132050,Valentin Xristov Snezhev,M
133171,Boris Yotov,M
133551,Ramil Yusubova,F
133726,ntiqam Zairov,M
135143,Ramin zizov,M
135144,Frid zizova,F
2078,Mhasin Al-Noor Fadlalla,F
2663,Ahmed Ali,M
7048,Amina Barsham Bakhit,F
32053,Mohamed El-Khedr,M
51556,Haneen Ibrahim,F
52585,Ismail Ahmed Ismail,M
56761,Abubaker Kaki Khamis,M
80932,Abdelaziz Mohamed Ahmed,M
81358,Iszlam Monier Suliman,M
133252,Abdalla Yousif,M
133253,Rabah Yousif,M
67,Mariya Vasilyevna Abakumova (-Tarabina),F
356,Adlan Aliyevich Abdurashidov,M
455,Denis Mikhaylovich Ablyazin,M
579,Anastasiya Aleksandrovna Abrosimova,F
623,Irina Alekseyevna Abysova,F
826,Lyukman Rasakovich Adams,M
1071,Kseniya Dmitriyevna Afanasyeva,F
1093,Marina Anatolyevna Aframeyeva,F
1649,Artur Kamilevich Akhmatkhuzin,M
2306,Ruslan Vladimirovich Albegov,M
2359,Islam-Beka Said-Tsilimovich Albiyev,M
2506,Denis Sergeyevich Alekseyev,M
2755,Aleksey Aleksandrovich Alipov,M
3052,"Mikhail Surenovich ""Misha"" Aloyan",M
3655,Anton Pavlovich Anchin,M
4169,Georgy Aleksandrovich Andreyev,M
4181,Sofya Denisovna Andreyeva,F
4183,Viktoriya Olegovna Andreyeva,F
4184,Yekaterina Igorevna Andreyeva,F
4233,Vyacheslav Dmitriyevich Andrusenko,M
4442,Vadim Vladimirovich Anokhin,M
4447,Roman Sergeyevich Anoshkin,M
4577,Semyon Sergeyevich Antonov,M
4582,Aleksandra Ivanovna Antonova,F
4584,Diana Ivanovna Antonova,F
4597,Tatyana Andreyevna Antoshina,F
4613,Nataliya Nikolayevna Antyukh,F
4634,Yelena Fyodorovna Anyushina,F
4675,Nikolay Sergeyevich Apalikov,M
5353,Yevgeniya Viktorovna Artamonova-Estes,F
5366,Olga Dmitriyevna Arteshina,F
5445,Yelena Vladimirovna Arzhakova,F
5536,Andrey Viktorovich Ashchev,M
5699,Anton Viktorovich Astakhov,M
5979,Apti Khamzatovich Aukhadov,M
6073,Anton Alekseyevich Avdeyev,M
6075,Anna Mikhaylovna Avdeyeva,F
6269,David Valeryevich Ayrapetyan,M
7083,Mariya Valeryevna Baklakova,F
7107,Sergey Vasilyevich Bakulin,M
7109,Konstantin Anatolyevich Bakun,M
7132,Aleksandr Sergeyevich Balandin,M
8027,Khasan Makharbekovich Baroyev,M
8211,Dmitry Nikolayevich Barsuk,M
8212,Tatyana Valeryevna Barsuk,F
8386,Anastasiya Vladimirovna Baryshnikova,F
8607,Vitalina Igorevna Batsarashkina,F
8969,Nadezhda Valeryevna Bazhina,F
8984,Tatyana Vyacheslavovna Bazyuk,F
9602,Marina Viktorovna Belikova,F
9621,Olga Vladimirovna Belkina,F
9790,Olga Konstantinovna Belova-Gorbunova,F
9816,Daria Vasilyevna Belyakina,F
9823,Anastasiya Yevgenyevna Belyakova,F
9827,Yevgeniya Aleksandrovna Belyakova,F
9829,David Sagitovich Belyavsky,M
9836,Olga Yevgenyevna Belyayeva,F
10357,Yury Viktorovich Berezhko,M
10977,Irina Nikolayevna Bespalova,F
10978,Mariya Aleksandrovna Bespalova,F
11037,Artur Asilbekovich Beterbiyev,M
11739,Vera Leonidovna Biryukova,F
12290,Irina Valeryevna Bliznova,F
12291,Anastasiya Ilyinichna Bliznyuk,F
12496,Vladlena Eduardovna Bobrovnikova,F
12631,Lyudmila Valeryevna Bodniyeva,F
12780,"Aleksandr Aleksandrovich ""Alex"" Bogomolov, Jr.",M
13022,Sergey Vladimirovich Bolshakov,M
13044,Anzor Adamovich Boltukayev,M
13138,Yaroslava Aleksandrovna Bondarenko,F
13404,Valeriy Viktorovich Borchin,M
13508,Sergey Vladimirovich Borisov,M
13515,Mariya Olegovna Borisova,F
13577,Mariya Vladimirovna Borodakova-Borisenko,F
13687,Yury Mikhaylovich Borzakovsky,M
15885,Aleksey Sergeyevich Bryansky,M
15925,Aleksandr Aleksandrovich Bryukhankov,M
16302,Yekaterina Borisovna Bukina,F
16907,Aleksandr Anatolyevich Butko,M
19586,Davit Gochayevich Chakvetadze,M
20008,Anastasiya Eduardovna Chaun,F
20061,Nikolay Anatolyevich Chavkin,M
20085,Artyom Nikolayevich Chebotaryov,M
20427,Aleksey Borisovich Cheremisinov,M
20465,Sergey Vitalyevich Chernetsky,M
20475,Olga Igorevna Chernoivanenko,F
20486,Tatyana Sergeyevna Chernova,F
20665,Kseniya Eduardovna Chibisova,F
20671,Anna Vladimirovna Chicherova,F
20707,Vlada Aleksandrovna Chigiryova,F
20727,Darya Yaroslavovna Chikunova,F
20769,Svetlana Mikhaylovna Chimrova,F
21439,Anton Mikhaylovich Chupkov,M
21443,Yelena Anatolyevna Churakova,F
24788,Milana Kamilkhanovna Dadasheva,F
25257,Yelena Igorevna Danilochkina (-Kirillova),F
25448,Tuyana Norpolovna Dashidorzhiyeva,F
25751,Nikolay Vladimirovich Davydenko,M
25753,Yekaterina Yevgenyevna Davydenko,F
25762,Anastasiya Semyonovna Davydova,F
25763,Irina Andreyevna Davydova,F
27025,Yegor Andreyevich Degtyaryov,M
27095,Tatyana Valeryevna Dektyareva,F
27424,Andrey Yuryevich Demanov,M
27601,Aleksey Alekseyevich Denisenko,M
27604,Kirill Georgiyevich Denisov,M
27713,Inna Vasilyevna Deriglazova,F
28002,Darya Sergeyevna Deyeva,F
28903,Denis Sergeyevich Dmitriyev,M
28906,Darya Yevgenyevna Dmitriyeva,F
28907,Darya Andreyevna Dmitriyeva,F
28908,Lyudmila Vladimirovna Dmitriyeva,F
29171,Mariya Sergeyevna Dolgikh (Zelenova-),F
29177,Irina Yuryevna Dolgova,F
29434,Ulyana Vyacheslavovna Donskova,F
29435,Yevgeny Yevganyevich Donskoy,M
29754,Mikhail Dzhavanshirovich Dovgalyuk,M
29939,Yevgeny Yuryevich Drattsev,M
30138,Ilya Andreyevich Druzhinin,M
30155,Aleksey Nikolayevich Dryomin,M
30394,Kseniya Pavlovna Dudkina,F
30615,Vitaly Vladimirovich Dunaytsev,M
31021,Aleksandr Igorevich Dyachenko,M
31023,Yekaterina Vladimirovna Dyachenko,F
31030,Vladimir Fyodorovich Dyatchin,M
31064,Maksim Sergeyevich Dyldin,M
32254,Stefaniya Aleksandrovna Elfutina,F
33572,Pavel Pavlovich Eygel,M
34407,Nikita Viktorovich Fedorenko,M
34410,Aleksandra Andreyevna Fedoriva,F
34415,Sergey Anatolyevich Fedorovtsev,M
34652,Svetlana Yevgenyevna Feofanova,F
35081,Sergey Vasilyevich Fesikov,M
35092,Irina Andreyevna Fetisova,F
35480,Tatyana Pavlovna Firova,F
36043,Vitaly Vitalyevich Fokeyev,M
37168,Vitaly Valeryevich Fridzon,M
37769,Teymuraz Beysikovich Gabashvili,M
37851,Abdusalam Mamatkhanovich Gadisov,M
37877,Kamilla Yusufovna Gafurzyanova (-Vaksman),F
38077,Yekaterina Viktorovna Galitskaya,F
38087,Lyubov Vladimirovna Galkina,F
38174,Gleb Sergeyevich Galperin,M
38177,Arsen Zhorayevich Galstyan,M
38255,Yekaterina Aleksandrovna Gamova,F
38301,Renal Ramilevich Ganeyev,M
38302,Vera Aleksandrovna Ganeyeva (Karmishina-),F
38804,Emin Nadirovich Garibov,M
39095,Albert Aleksandrovich Gaun,M
39168,Yuliya Petrovna Gavrilova,F
39312,Aniuar Borisovich Geduyev,M
40838,Nadezhda Sergeyevna Glyzina-Fedotova,F
40871,Yekaterina Valeryevna Gnidenko,F
41039,Alan Kazbekovich Gogayev,M
41212,Olga Gennadyevna Golovkina,F
41388,Vladimir Aleksandrovich Goncharov,M
41393,Nataliya Olegovna Goncharova-Obmochayeva,F
41784,Irina Andreyevna Gordeyeva,F
42401,Sergey Yuryevich Grankin,M
42591,Andrey Vladimirovich Grechin,M
42592,Yelizaveta Andriyanovna Grechishnikova,F
42593,Yevdokia Yuryevna Grechishnikova,F
42814,Denis Belyanovich Gribanov,M
42924,Kirill Akopovich Grigoryan,M
43009,Anna Sergeyevna Grinyova,F
43022,Nadezhda Sergeyevna Grishayeva,F
43031,Anastasiya Nikolayevna Grishina,F
43102,Mariya Igorevna Gromova,F
43103,Mariya Sergeyevna Gromova,F
43483,Gulnaz Radikovna Gubaydullina,F
44014,Viktoriya Vladimirovna Gurova-Valyukevich,F
44051,Anna Sergeyevna Guseva,F
44061,Yuliya Aleksandrovna Gushchina,F
45350,"Rebecca Lynn ""Becky"" Hammon",F
51805,Kirill Gennadiyevich Ikonnikov,M
51921,Yekaterina Fyodorovna Ilyina,F
51924,Dmitry Sergeyevich Ilyinykh,M
51925,Kristina Alekseyevna Ilyinykh,F
52419,Vladimir Vyacheslavovich Isakov,M
52444,Vladimir Yevgenyevich Isaychev,M
52447,Mansur Mustafayevich Isayev,M
52471,Nataliya Sergeyevna Ishchenko,F
52554,Yelena Gadzhiyevna Isinbayeva,F
52773,Aleksandr Konstantinovich Ivanov,M
52847,Vladimir Aleksandrovich Ivanov,M
52875,Yevgeniya Andreyevna Ivanova,F
52880,Albina Gennadyevna Ivanova-Mayorova,F
52895,Yelena Viktorovna Ivashchenko,F
53007,"Danila Sergeyevich ""Dan"" Izotov",M
56506,Yekaterina Vladimirovna Kabeshova (-Ulanova),F
56527,Yuliya Nikolayevna Kachalova,F
56826,Irina Nikolayevna Kalentyeva,F
56873,Viktoriya Viktorovna Kalinina,F
57058,Aleksey Igorevich Kamensky,M
57060,Sergey Igorevich Kamensky,M
57156,Yevgeniya Olegovna Kanayeva,F
57157,Vladimir Alekseyevich Kanaykin,M
57247,Olga Nikolayevna Kaniskina,F
57309,Anastasiya Aleksandrovna Kapachinskaya,F
57494,Sergey Vasilyevich Karasyov,M
57559,Elvina Khaydaryanovna Karimova,F
57677,Anna Olegovna Karnaukh,F
57816,Darya Sergeyevna Kasatkina,F
57850,Tatyana Yuryevna Kashirina,F
58082,Aleksandr Olegovich Kaun,M
59032,Artyom Aleksandrovich Khadzhibekov,M
59097,Khasan Magometovich Khalmurzayev,M
59126,Pyotr Mukhamedovich Khamukov,M
59178,Gulfiya Raifovna Khanafeyeva,F
59200,Marta Nikolayevna Kharitonova,F
59225,Elvira Ramilevna Khasyanova,F
59263,Tagir Kamalutdinovich Khaybulayev,M
59329,Tatyana Yevgenyevna Khmyrova,F
59341,Sergey Viktorovich Khodos,M
59365,Ilya Andreyevich Khomenko,M
59369,Yekaterina Vladimirovna Khomyakova-Birlova,F
59399,Aleksey Igorevich Khovansky,M
59472,Viktor Vladimirovich Khryapa,M
59480,Taras Yuryevich Khtey,M
59493,Alan Anatolyevich Khugayev,M
59497,Yekaterina Vasilyevna Khuraskina,F
59515,Dmitry Grigoryevich Khvostov,M
60108,Kristina Aleksandrovna Kim,F
60686,Sergey Aleksandrovich Kirdyapkin,M
60687,Anisya Byasyrovna Kirdyapkina (Kornikova-),F
60695,Andrey Gennadyevich Kirilenko,M
60696,Mariya Yuryevna Kirilenko,F
60701,Alisa Andreyevna Kirilyuk,F
61263,Aleksey Vasilyevich Klimov,M
61312,Darya Igorevna Klishina,F
61405,Yegor Vasilyevich Klyuka,M
61729,Igor Andreyevich Kobzar,M
61795,Pavel Sergeyevich Kochetkov,M
61806,Olga Aleksandrovna Kochneva,F
62145,Lyudmila Sergeyevna Kolchanova,F
62169,Svetlana Konstantinovna Kolesnichenko,F
62253,Aleksandr Viktorovich Kolobnev,M
62254,Violetta Vitalyevna Kolobova,F
62258,Yevgeniya Nikolayevna Kolodko,F
62293,Yuliya Nikolayevna Koltunova,F
62318,Yevgeny Viktorovich Komarov,M
62332,Sergey Anatolyevich Komissarov,M
62351,Viktoriya Aleksandrovna Komova,F
62382,Yuliya Andreyevna Kondakova,F
62405,Nataliya Vladimirovna Kondratyeva,F
62591,Sofiya Yevgenyevna Konukh,F
62715,Yevgeny Nikolayevich Koptelov,M
62841,Larisa Viktorovna Korobeynikova,F
62846,Darya Sergeyevna Korobova,F
62880,Ilya Yevgenyevich Korotkov,M
62885,Yevgeny Yevgenyevich Korotyshkin,M
62887,Aleksey Igorevich Korovashkov,M
62900,Andrey Vladimirovich Korshunov,M
62902,Yekaterina Viktorovna Korshunova,F
62907,Ilona Kalyuvna Korstin,F
62950,Maksim Sergeyevich Kosaryev,M
62982,Tatyana Sergeyevna Kosheleva,F
63058,Artyom Vyacheslavovich Kosov,M
63108,Yekaterina Aleksandrovna Kostetskaya,F
63160,Yekaterina Vadimovna Kosyanenko (Pankova-),F
63447,Sergey Anatolyevich Kovalenko,M
63463,Ivan Aleksandrovich Kovalyov,M
63464,Nikolay Anatolyevich Kovalyov,M
63466,Yevgeny Aleksandrovich Kovalyov,M
63495,Mariya Igorevna Kovtunovskaya,F
63749,Anastasiya Sergeyevna Krapivina,F
63755,Vyacheslav Borisovich Krasilnikov,M
63775,Vladimir Aleksandrovich Krasnov,M
63778,Aleksandr Vladimirovich Krasnykh,M
63911,Andrey Sergeyevich Kraytor,M
63992,Nataliya Mikhaylovna Kresova-Rusakova,F
64152,Antonina Vladimirovna Krivoshapka,F
64157,Andrey Anatolyevich Krivov,M
64442,Svetlana Valentinovna Kryuchkova,F
64587,Sergey Vyacheslavovich Kucherov,M
64588,Sergey Mikhaylovich Kucheryanu,M
64658,Yana Alekseyevna Kudryavtseva,F
64660,Besik Serodinovich Kudukhov,M
64787,Nikolay Yulyevich Kuksenkov,M
64798,Denis Aleksandrovich Kulakov,M
65084,Zaur Ismatulayevich Kuramagomedov,M
65094,Olga Ivanovna Kurban,F
65103,Aleksey Yuryevich Kurbatov,M
65354,Marina Vyacheslavovna Kuzina,F
65384,Andrey Aleksandrovich Kuznetsov,M
65393,Mikhail Nikolayevich Kuznetsov,M
65410,Yevgeny Vladimirovich Kuznetsov,M
65411,Polina Viktorovna Kuznetsova (Vyakhireva-),F
65413,Svetlana Aleksandrovna Kuznetsova,F
65424,Nataliya Yuryevna Kuzyutina,F
65649,Ibragim Suleymanovich Labazanov,M
65905,Yevgeny Aleksandrovich Lagunov,M
66710,Dmitry Olegovich Larionov,M
66954,Yelena Anatolyevna Lashmanova,F
67619,Viktor Nikolayevich Lebedev,M
67625,Tatyana Romanovna Lebedeva,F
69026,Aleksandr Leonidovich Lesun,M
69151,Yuliya Aleksandrovna Levina,F
69152,Olga Sergeyevna Levina-Akopyan,F
70391,Aleksandr Yevgenyevich Lipatov,M
70480,Igor Giyevich Lisovenko,M
70922,Nikita Konstantinovich Lobintsev,M
70937,Nataliya Aleksandrovna Lobova,F
70940,Artyom Yuryevich Lobuzov,M
71060,Tatyana Yuryevna Logunova,F
71777,Nataliya Vladimirovna Lovtsova,F
72176,Yevgeny Vyacheslavovich Lukantsov,M
72208,Yevgeniy Yuryevich Lukyanenko,M
72588,Nikita Andreyevich Lyamin,M
72591,Kirill Igorevich Lyapunov,M
72681,Tatyana Viktorovna Lysenko (-Beloborodova),F
73475,Islam Kurbanovich Magomedov,M
73804,Alina Andreyevna Makarenko,F
73822,Yekaterina Valeryevna Makarova,F
73864,Bilyal Valeryevich Makhov,M
73908,Semyon Vladimirovich Makovich,M
73925,Anastasiya Ivanovna Maksimova,F
74108,Vladimir Vadimovich Malkov,M
74193,Anna Nikolayevna Malova,F
74221,Darya Nikolayevna Malygina,F
74270,Margarita Abdullayevna Mamun,F
74930,Yekaterina Aleksandrovna Marennikova,F
75177,Aleksandr Ivanovich Markov,M
75178,Aleksey Mikhaylovich Markov,M
75970,Yana Valeryevna Martynova,F
75971,Yekaterina Mikhaylovna Martynova (-Sharmina),F
76132,Vladimir Anatolyevich Maslennikov,M
76293,Anna Aleksandrovna Mastyanina,F
76476,Anna Anatolyevna Matiyenko (Levchenko-),F
78104,Ilya Leonidovich Medvedev,M
78350,Yegor Leonidovich Mekhontsev,M
78508,Angelina Romanovna Melnikova,F
78741,Aleksandr Aleksandrovich Menkov,M
78772,Denis Nikolayevich Menshov,M
78913,Inessa Viktorovna Merkulova (Poturayeva-),F
78915,Yuliya Viktorovna Merkulova,F
79629,Aleksandr Vyacheslavovich Mikhaylin,M
79638,Maksim Mikhaylovich Mikhaylov,M
79649,Polina Yuryevna Mikhaylova,F
80167,Viktor Eduardovich Minibayev,M
80456,Andrey Valentinovich Mitin,M
80869,Musa Khozh-Akhmatovich Mogushkov,M
81027,Andrey Sergeyevich Moiseyev,M
81595,Sergey Aleksandrovich Monya,M
82005,Nikita Andreyevich Morgachov,M
82063,Sergey Sergeyevich Morgunov,M
82221,Vladimir Viktorovich Morozov,M
82428,Vasily Aleksandrovich Mosin,M
82429,Veronika Alekseyevna Mosina (-Semeshko),F
82437,Vera Sergeyevna Moskalyuk,F
82730,Kira Vladimirovna Mozgalova,F
82731,Timofey Pavlovich Mozgov,M
82859,Beslan Zaudinovich Mudranov,M
83024,Darya Vasilvyevna Mullakayeva,F
83456,Nadezhda Konstantinovna Muravyova,F
83657,Dmitry Aleksandrovich Musersky,M
83715,Aliya Farkhatovna Mustafina,F
84138,Nikita Vladimirovich Nagorny,M
84139,Yelena Stanislavovna Nagovitsyna,F
84630,Rozaliya Khaydyarovna Nasretdinova,F
84664,Mikhail Vladimirovich Nastenko,M
84839,Anastasiya Konstantinovna Nazarenko,F
84854,Anna Sergeyevna Nazarova (-Klyashtornaya),F
84856,Nataliya Viktorovna Nazarova,F
85376,Margarita Nikolayevna Nesterova,F
86144,Ivan Vitalyevich Nifontov,M
86217,Vladimir Olegovich Nikitin,M
86256,Aleksandr Nikolayevich Nikolayenko,M
86259,Pavel Sergeyevich Nikolayev,M
86263,Yegor Vladimirovich Nikolayev,M
87039,Yana Sergeyevna Noskova,F
87718,Maksim Vladimirovich Oberemko,M
87800,Yelena Aleksandrovna Oblova,F
87801,Aleksey Aleksandrovich Obmochayev,M
87919,Sofya Albertovna Ochigava,F
89054,Magomed Shakhbanovich Omarov,M
89314,Arina Pavlovna Opyonysheva,F
89471,Yelena Nikolayevna Orlova (Sidorchenkova-),F
89764,Irina Viktorovna Osipova (-Minayeva),F
89945,Dzhamal Sultanovich Otarsultanov,M
90161,Yevgeniya Aleksandrovna Ovchinnikova,F
90469,Nataliya Fyodorovna Paderina (Akhmertdinova-),F
90674,Igor Alekseyevich Pakhomenko,M
90675,Daniil Pavlovich Pakhomov,M
91085,Larisa Olegovna Pankova,F
91146,Yekaterina Andreyevna Pantyulina-Lisunova,F
91887,Mariya Valeryevna Paseka,F
92089,Aleksandra Vyacheslavovna Patskevich,F
92329,Yana Vladimirovna Pavlova,F
92353,Anastasiya Sergeyevna Pavlyuchenkova,F
92555,Yevgeny Yuryevich Pechenin,M
93228,Mariya Nikolayevna Perepyolkina (Duskryadchenko-),F
93490,Nataliya Andreyevna Perminova,F
93516,Kseniya Vitalyevna Perova,F
93700,Ilya Alekseyevich Pervukhin,M
94015,Anna Viktorovna Petrakova,F
94096,Aleksandr Vladimirovich Petrov,M
94139,Mayya Andreyevna Petrova (Kaverina-),F
94140,"Nadezhda Viktorovna ""Nadiya"" Petrova",F
94151,Tatyana Valeryevna Petrova-Arkhipova,F
94277,Yekaterina Ilyinichna Petukhova,F
95191,Bogdan Vitalyevich Pishchalnikov,M
95192,Darya Vitalyevna Pishchalnikova,F
95619,Nataliya Yuryevna Podolskaya,F
95670,Vasily Vladimirovich Pogreban,M
95741,Yekaterina Ivanovna Poistogova (Zavyalova-),F
95843,Dmitry Igorevich Polishchuk,M
95846,Mikhail Mikhaylovich Polishchuk,M
95958,Dmitry Andreyevich Polyansky,M
95959,Igor Andreyevich Polyansky,M
96033,Anton Aleksandrovich Ponkrashov,M
96158,Aleksandr Yevgenyevich Popkov,M
96203,Veronika Andreyevna Popova,F
96420,Lyudmila Grigoryevna Postnova,F
96424,Yury Viktorovich Postrigay,M
96437,Yaroslav Vladimirovich Potapov,M
96672,Anastasiya Yuryevna Pozdnyakova,F
96995,Kirill Gennadyevich Prigoda,M
97152,Yekaterina Valeryevna Prokofyeva,F
97153,Yelena Gennadyevna Prokofyeva,F
97167,Anastasiya Yuryevna Prokopenko,F
97176,Sergey Sergeyevich Prokopyev,M
97526,Mikhail Sergeyevich Pulyayev,M
98033,Yekaterina Borisovna Rabaya,F
98692,Soslan Lyudvikovich Ramonov,M
99302,Aleksandra Germanovna Razaryonova,F
100090,Veniamin Sergeyevich Reshetnikov,M
100139,Aleksey Mikhaylovich Reunkov,M
100888,Donata Rimait,F
102270,Yevgeniya Sergeyevna Romanyuta,F
102276,Svetlana Alekseyevna Romashina,F
103761,Vladislav Vadimovich Ryabtsev,M
103764,Anton Petrovich Ryakhov,M
103877,Yevgeny Mikhaylovich Rylov,M
104160,Aleksandr Sergeyevich Sadovnikov,M
104166,Abdul-Rashid Bulayevich Sadulayev,M
104227,Timur Marselevich Safin,M
104244,Dmitry Olegovich Safronov,M
104357,Renat Malikovich Saidov,M
104527,Vyacheslav Viktorovich Sakayev,M
104605,Yevgeny Aleksandrovich Salakhov,M
104606,Yuliana Bulatovna Salakhova,F
104992,Gulnara Iskanderovna Samitova-Galkina,F
105018,Anastasiya Sergeyevna Samoylenko (Shlyakhovaya-),F
106194,Anastasiya Vasilyevna Savchenko,F
106220,Yelena Vladimirovna Savelyeva,F
106272,Mariya Sergeyevna Savinova (-Farnosova),F
106278,Kristina Nikolayevna Savitskaya,F
106285,Yelizaveta Valeryevna Savlinis,F
106386,Svetlana Vladimirovna Saykina (Ivanova-),F
108186,Anna Sergeyevna Sedoykina,F
108572,Konstantin Sergeyevich Semyonov,M
108577,Mingiyan Arturovich Semyonov,M
108579,Sergey Viktorovich Semyonov,M
108586,Anna Sergeyevna Sen,F
108851,Aleksandr Sergeyevich Serov,M
108970,Karolina Andreyevna Sevastyanova,F
109078,Konstantin Georgiyevich Shabanov,M
109082,Andrey Dmitriyevich Shabasov,M
109174,Albina Ildusovna Shakirova,F
109215,Aida Vladimirovna Shanayeva,F
109269,Mariya Yuryevna Sharapova,F
109413,Yana Valeryevna Shcherban,F
109594,Maksim Sergeyevich Sheremetyev,M
109595,Mikhail Sergeyevich Sheremetyev,M
109706,Aleksandr Igorevich Shibayev,M
109857,Nataliya Borisovna Shipilova,F
109900,Alla Anatolyevna Shishkina,F
109927,Svetlana Vladimirovna Shkolina,F
109930,Ilya Yuryevich Shkurenyov,M
109938,Nikita Dmitriyevich Shleykher,M
109946,Darya Mikhaylovna Shmelyova,F
109960,Svetlana Sergeyevna Shnitko,F
109964,Liliya Bulatovna Shobukhova (Volkova-),F
109975,Valery Kimovich Shomin,M
109986,Mariya Sergeyevna Shorets,F
110034,Ilya Anatolyevich Shtokalov,M
110038,Ivan Aleksandrovich Shtyl,M
110046,Sergey Vladimirovich Shubenkov,M
110085,Mariya Vladimirovna Shurochkina,F
110087,Nikita Aleksandrovich Shurshin,M
110092,Aleksandr Andreyevich Shustov,M
110096,Lyubov Andreyevna Shutova,F
110105,Aleksey Viktorovich Shved,M
110212,Maksim Viktorovich Sidorov,M
110221,Mariya Igorevna Sidorova,F
110475,Andrey Aleksandrovich Silnov,M
110624,Anastasiya Dmitriyevna Simanovich,F
111296,Vyacheslav Igorevich Sinkevich,M
111322,Anton Sergeyevich Sintsov,M
111477,Anna Vitalyevna Sivkova,F
111563,Kirill Sergeyevich Skachkov,M
111744,Eduard Mikhaylovich Skornyakov,M
111826,Yekaterina Yuryevna Skudina,F
111849,Nikolay Valeryevich Skvortsov,M
112000,Roman Andreyevich Sludnov,M
112143,Aleksey Grigoryevich Smirnov,M
112638,Vera Valeryevna Sobetova,F
112658,Yevgeniya Viktorovna Soboleva-Khokhriakova,F
112790,Aleksandr Sergeyevich Sokolov,M
112791,Aleksandr Viktorovich Sokolov,M
112796,Denis Viktorovich Sokolov,M
112814,Yelena Petrovna Sokolova,F
112815,Yelena Aleksandrovna Sokolova (Kremnyova-),F
112817,Lyubov Vladimirovna Sokolova-Shashkova (-Kl),F
113276,Valeriya Mikhaylovna Sorokina,F
113535,Ivan Andreyevich Sozonov,M
113537,Pavel Valeryevich Sozykin,M
113892,Darya Sergeyevna Spiridonova,F
114437,Dmitry Andreyevich Starodubtsev,M
114458,Yevgeniya Aleksandrovna Startseva,F
114956,Inna Yakovlevna Stepanova,F
114957,Kira Valeryevna Stepanova,F
115758,Ivan Alekseyevich Stretovich,M
116165,Marina Vladimirovna Sudakova (Yartseva-),F
116301,Aleksandr Nikolayevich Sukhorukov,M
116303,Pavel Vladimirovich Sukhov,M
117004,Sergey Petrovich Sviridov,M
117007,Aleksey Vladimirovich Svirin,M
117295,Yelena Vladimirovna Syuzeva,F
118473,Yekaterina Ivanovna Tankeyeva,F
118591,Grigory Arkadyevich Tarasevich,M
118604,Irina Ivanovna Tarasova,F
118724,Anastasiya Alekseyevna Tatareva,F
119411,Sergey Yuryevich Tetyukhin,M
120310,Anna Valeryevna Tikhomirova,F
120315,Aleksandr Andreyevich Tikhonov,M
120369,Anzhelika Igorevna Timanina,F
120398,Anna Viktorovna Timofeyeva,F
120400,Kristina Vladimirovna Timofeyeva,F
120413,Yuliya Vladimirovna Timoshinina,F
120511,Yevgeny Andreyevich Tishchenko,M
120582,Yelena Anatolyevna Tkach,F
120817,Mariya Yuryevna Tolkachova,F
120894,Tatyana Ivanovna Tomashova,F
121108,Gelena Dmitriyevna Topilina,F
121172,Nadezhda Viktorovna Torlopova,F
121430,Rustam Stanislavovich Totrov,M
121749,Inna Vyacheslavovna Trazhukova,F
121823,Pavel Aleksandrovich Trenikhin,M
122218,Denis Igorevich Tsargush,M
122222,Svetlana Kaspolatovna Tsarukayeva,F
122323,Soslan Kerimbekovich Tsirikhov,M
122533,Vladimir Petrovich Tuganov,M
122557,Ivan Yuryevich Tukhtachov,M
122713,Emiliya Khalsberiyevna Turey,F
122829,Dmitry Igoryevich Tursunov,M
122858,Seda Gurgenovna Tutkhalyan,F
123205,Ivan Sergeyevich Ukhov,M
123214,Yevgeniya Nikolayevna Ukolova,F
123300,Gadzhi Magomedovich Umarov,M
123493,Anzor Suadinovich Urishev,M
123552,Dmitry Arkadyevich Ushakov,M
123600,Darya Konstantinovna Ustinova,F
123617,Anna Vladimirovna Ustyukhina,F
124020,Yekaterina Igorevna Valkova,F
125434,Anton Aleksandrovich Vasilyev,M
125440,Ivan Mikhaylovich Vasilyev,M
125456,Anastasiya Gennadyevna Vasina,F
125597,Darya Olegovna Vdovina,F
125779,Sofiya Aleksandrovna Velikaya,F
125935,Aleksey Igoryevich Verbov,M
125945,Maria Vitalyevna Verchenova (-Balikoeva-),F
126199,Yelena Sergeyevna Vesnina,F
126233,Vera Aleksandrovna Vetrova (Ulyakina-),F
126448,Nataliya Stanislavovna Vieru,F
126833,Nina Gennadyevna Vislova,F
126981,Fyodor Vladimirovich Vlasov,M
126983,Roman Andreyevich Vlasov,M
127016,Sergey Vladimirovich Vodopyanov,M
127017,Nataliya Aleksandrovna Vodopyanova,F
127183,Aleksandr Aleksandrovich Volkov,M
127189,Dmitry Aleksandrovich Volkov,M
127235,Lyubov Mikhaylovna Volosova,F
127251,Artyom Aleksandrovich Volvich,M
127491,Nataliya Vitalyevna Vorobyova,F
127504,Viktoriya Aleksandrovna Voronina,F
127512,Irina Andreyevna Voronkova,F
127515,Yevgeny Sergeyevich Voronov,M
127585,Anastasiya Sergeyevna Voynova,F
127588,Anna Valeryevna Vozakova,F
127738,Arkady Arkadyevich Vyachanin,M
127739,Anna Viktorovna Vyakhireva,F
132192,Aleksey Andreyevich Yakimenko,M
132232,Yaroslava Ivanovna Yakushina,F
132662,Denis Nikolayevich Yartsev,M
132673,Lyubov Ilyinichna Yaskevich,F
132765,Yuliya Andreyevna Yefimova,F
132787,Vasily Mikhaylovich Yegorov,M
132795,Yana Karapetovna Yegoryan,F
132805,Leonid Aleksandrovich Yekimov,M
132881,Artyom Sergeyevich Yermakov,M
132898,Igor Nikolayevich Yerokhin,M
132899,Tatyana Vladimirova Yerokhina,F
132939,Nadezhda Aleksandrovna Yevstyukhina,F
132947,Yelena Igorevna Yezhova (Kuzmina-),F
133418,Andrey Dmitriyevich Yudin,M
133568,Mikhail Mikhaylovich Yuzhny,M
133592,Olga Sergeyevna Zabelinskaya (Sukhoruchenkova-),F
133600,Irina Aleksandrovna Zabludina,F
133601,Nataliya Aleksandrovna Zabolotnaya,F
133675,Aleksey Sergeyevich Zagorny,M
133777,Ilya Leonidovich Zakharov,M
133865,Andrey Viktorovich Zamkovoy,M
133957,Vsevolod Vladimirovich Zanko,M
134034,"Yuliya Mikhaylovna Zaripova (Ivanova-, -Zarudneva-)",F
134057,Anton Sergeyevich Zarutsky,M
134058,Irina Vladimirovna Zaryazhko,F
134704,Nataliya Valeryevna Zhedik,F
134749,Oleg Aleksandrovich Zhestkov,M
134759,Viktoriya Yuryevna Zhilinskayte,F
134776,Valeriya Sergeyevna Zholobova-Koblova,F
135489,Anastasiya Valeryevna Zuyeva-Fesikova,F
135508,Vera Igorevna Zvonaryova,F
74,Mara Laura Abalo,F
726,Tanya Acosta,F
742,Roberto Acua,M
1281,Gabriela Aguirre,F
2299,Matas Albarracn,M
2335,Agustina Albertario,F
3074,Julio Alsogaray,M
3191,Santiago lvarez Fourcade,M
3391,Sabrina Ameghino,F
4291,Juan Diego Angeloni,M
5314,Gabriel Adrin Arroyo,M
5491,Santiago Ascacibar,M
6256,"Luciana Paula ""Lucha"" Aymar",F
7809,Georgina Bardach Martin,F
7810,Virginia Bardach Martn,F
8133,Mara Noel Barrionuevo,F
8394,Miguel ngel Brzola,M
9771,Mara Amelia Belotti,F
10535,Ignacio Ricardo Bergner,M
10631,Carlos Alberto Berlocq,M
10650,Patricia Alejandra Bermdez,F
11004,Mara Gabriela Best Palazzolo,F
11232,Cecilia Elizabeth Biagioli,F
11267,Valeria Bianchi,F
12101,Leandro Yamil Blanc,M
13442,Fernando Borello,M
13712,Leticia Boscacci,F
14697,Mara Branz,F
15770,Manuel Brunet,M
15823,Federico Bruno,M
15828,Nicols Martn Bruno,M
15852,Nicols Brussino,M
15879,Nicols Bruzzone,M
16849,Florencia Natasha Busquets Reyes,F
17208,Juan Ignacio Cceres,M
17351,Lucas Calabrese,M
17482,Jonathan Calleri,M
17489,Facundo Callioni,M
17584,Lucas Hernn Camareri,M
17677,Facundo Campazzo,M
17767,Roco Campigli,F
17791,Hctor Fernando Campos Bermudez,M
17814,Mara Pilar Campoy,F
17897,Mariano Andres Cnepa,M
17943,Juan Manuel Cano Ceres,M
18435,Gonzalo Matas Carou,M
18500,Cecilia Carranza Saroli,F
18522,Marisol Carrat,F
18537,Gonzalo Carreras,M
18571,Javier Adolfo Carriqueo Inostroza,M
18795,Beln Adaluz Casetta,F
18898,Ivn Castellani,M
18929,Yael Castiglione,F
19132,Martina Cavallero,F
19283,Mario Cejas,M
19421,Juan Ignacio Cerra,M
20057,Viviana Micaela Chvez,F
20647,Germn Pablo Chiaraviglio Ermcora,M
22575,Brbara Roco Comba,F
22765,Facundo Conte,M
23050,Nicols Crdoba,M
23155,ngel Martn Correa Martnez,M
23164,Miguel Antonio Correa,M
23758,Pablo Crer,M
23820,Sebastian Eduardo Crismanich,M
23855,Victoria Crivelli,F
24212,Vctor Leandro Cuesta,M
24872,"Jennifer ""Jenny"" Dahlgren Fitzner",F
24944,Daniel Alfredo Dal Bo,M
25836,Mara Silvina D'Elia,F
26033,Luciano de Cecco,M
26265,Juan Mara de la Fuente,M
26721,Pablo Martn de Torres,M
26913,Gabriel Alejandro Deck,M
27132,Juan Martn del Potro,M
27221,Federico Delbonis,M
27256,Carlos Francisco Delfino,M
27307,Marcos Nicols Dela,M
28228,Daniel Ricardo Daz,M
28245,Mara Gabriela Daz,F
30540,Gisela Alejandra Dulko (-Gago),F
30783,Guillermo Durn,M
33234,Cristian Omar Espinoza,M
33290,Juan Pablo Estelles,M
33346,Rodrigo Etchart,M
33588,Bautista Ezcurra,M
33840,Lucia Falasca,F
34809,Federico Gastn Fernndez,M
34837,Josefina Fernndez,F
34843,Juan Pablo Fernndez,M
34877,Santiago Fernndez,M
36517,Amelia Rosa Fournel,F
37095,Luca Fresco,F
38121,Ana Mara Gallay,F
38290,Macarena Gandulfo,F
38559,Fernando Gabriel Garca,M
38810,Patricio Garino Gullotta,M
38887,Maria Magdalena Garro,F
40088,Lautaro Gianetti,M
40238,Federico Gil,M
40245,Melisa Gil,F
40252,Juan Ignacio Gilardi,M
40451,"Emanuel David ""Manu"" Ginbili Maccari",M
40983,Rosa Liliana Godoy,F
41263,Julia Mailn Gomes Fantasia,F
41293,Fabin Gmez,M
41316,Jos Lus Gmez,M
41467,Alexis Rubn Gonzlez,M
41495,Demin Gonzlez,M
41561,Jos Lus Gonzlez,M
41610,Mximo Gonzlez Mereira,M
42166,Federico Grabich,M
42351,Mara Jos Granatto,F
42463,Santiago Grassi,M
42944,Emiliano Grillo,M
44179,Juan Pedro Gutirrez Llanas,M
44181,Leonardo Martn Gutirrez,M
44528,Agustina Paula Habif,F
44529,Florencia Martina Habif,F
46106,Luca Haro,F
51473,Xoana Soledad Iacoi,F
51517,Isidoro Ibarra,M
51519,Pedro Ibarra,M
52028,Juan Jos Imhoff,M
53990,Hernn Emilio Jasen Cicarelli,M
57097,Guillermo Federico Kammerichs,M
57741,Elke Josselinne Karsten,F
58803,Alexandra Keresztesi,F
59351,Iryna Viktorivna Khokhlova (-Zapata),F
61374,Georgina Klug,F
61929,Valentina Kogan,F
61937,Andrs Kogovsek,M
63704,Milka Kraljev,F
66429,Klaus Lange Saubidet,M
66437,Santiago Ral Lange Roberti,M
66441,Yago Lange Saubidet,M
66653,Nicols Laprovittola,M
66736,Jos Mara Larocca,M
67155,Germn Lujn Lauro,M
67429,Julieta Constanza Lazcano Colodrero,F
68556,Martn Dario Leiva,M
69909,Bruno Lima Basolu,M
70642,Song Liu,M
70887,Giovani Lo Celso,M
71333,Carola Malvina Lpez Rodrguez,F
71381,Jazmin Lpez Becker,F
71399,Juan Martn Lpez,M
72026,Emmanuel Lucenti,M
72033,Rosario Luchetti,F
72229,Fernando Luna,M
72848,Sofa Maccari,F
73231,Alejandro Madorno,M
73365,Lisandro Magllan,M
73680,"Leonardo Andrs ""Leo"" Mainoldi",M
75723,Fernando Daniel Martnez,M
75809,Mauricio Martnez,M
75816,Morena Martnez Franchi,F
76242,Luca Masso,M
76286,Mariano Nicols Mastromarino,M
76326,Marcos Daniel Mata,M
77029,Miguel Alberto Mayol,M
77139,Agustn Alejandro Mazzilli,M
78431,Alberto Ezequiel Melin,M
78549,Antonela Luca Mena,F
78652,Luciana Mendoza,F
78735,Joaqun Menini,M
78890,Delfina Merino,F
79550,Damin Emmanuel Migueles,M
81132,Gonzalo Molina,M
81145,Lus Ariel Molina,M
81157,Federico Mart Molinari,M
81289,Juan Mnaco,M
81415,Consuelo Monsegur,F
81499,Santiago Miguel Montelli,M
82204,Matas Moroni,M
83043,Axel Mller Aranda,M
83761,"Mara Florencia ""Flor"" Mutio",F
84215,Martn Naidich,M
84414,David Pablo Nalbandian,M
86599,Paula Yamila Nizetich,F
86706,Andrs Marcelo Nocioni Roux,M
88675,Facundo Olezza Bazan,M
89583,Ignacio Ortz,M
90699,Ezequiel Palacios,M
90702,Joana Palacios,F
90749,Luca Fernanda Palermo,F
90871,Alberto Ignacio Palmetta,M
91379,Matas Enrique Paredes,M
91398,Paula Beln Pareto,F
91943,Bruno Passaro,M
92355,Cristian David Pavn,M
92763,Gonzalo Peillat,M
92842,Guido Pella,M
93132,Mara de los ngeles Peralta,F
93139,Yamil Alberto Peralta Jara,M
93254,Federico Hernn Pereyra,M
93256,Juan Martn Pereyra,M
93261,Valeria Pereyra,F
93280,Mara Beln Prez Maurice,F
93409,Walter Fernando Prez,M
93564,Ignacio Perrn,M
95283,Ernesto Gabriel Pizarro,M
95284,Federico Pizarro,M
95299,Manuela Pizzo,F
95660,Cristian Gabriel Poglajen,M
96289,Adrin Portela,M
96291,Pablo Sebastin Portela,M
96993,Pablo Prigioni,M
97868,Leonardo Facundo Querin,M
97942,Ramiro Quintana,M
97989,Rodrigo Daniel Quiroga,M
98728,Martn Ramos,M
99381,Carla Rebecchi,F
100147,Mariano Daniel Reutemann,M
100175,Gastn Revol,M
100192,Lucas Martn Rey,M
100193,Matas Rey,M
100444,Guido Riccobelli,M
100582,Maximiliano Ariel Richeze,M
101207,Tatiana Soledad Rizzo,F
101813,Ana Macarena Rodrguez Prez,F
102031,Mara Clara Rohner,F
102067,Brenda Rojas,F
102074,Javier Rojas,M
102323,Lucas Daniel Romero,M
102762,Lucas Rafael Rossi,M
102769,Sebastin Maximiliano Rossi,M
102790,Brian Rosso,M
102791,Cristian Alberto Rosso,M
103454,Gernimo Rulli,M
103643,Fernanda Mara Russo,F
104022,Franco Sbato,M
104257,Clarisa Sagarda,F
104587,Juan Manuel Saladino,M
104887,Luciana Yael Salvad,F
105159,Etel Snchez,F
105242,Roco Mara Snchez Moccia,F
105249,Sofa Snchez,F
105516,Macarena Sans,F
106086,Bautista Saubidet Birkner,M
106473,"Mariela Carla ""Maru"" Scarone",F
107084,Cristian Schmidt,M
107685,Germn Schulz,M
107692,Matas Carlos Schulz,M
107835,Eduardo Schwank,M
107958,Luis Alberto Scola Balvoa,M
108105,Julia Sebastin,F
108752,Eduardo Seplveda,M
108944,Mara Fernanda Sesto,F
110661,Giovanni Simeone Baldini,M
110819,Diego Esteban Simonet Moldes,M
110822,Pablo Ariel Simonet Moldes,M
110823,Sebastin Simonet Moldes,M
112885,Sebastin Rodrigo Sol,M
113299,Emilce Sosa,F
113357,Alexis Soto,M
113359,Catriel Andrs Soto,M
114075,"Daniela Lucia ""Dani"" Sruoga",F
114076,"Mara Josefina ""Jose"" Sruoga",F
116081,Osvaldo Juan Ariel Surez,M
116112,Paola Lorena Surez,F
116139,Mara Beln Succi,F
116347,Alex Misael Suligoy,M
117720,Luciano Taccone,M
119065,Mara Tejerina Mackern,F
119093,Gonzalo Ral Tellechea,M
120795,Braian Ezequiel Toledo,M
121729,Victoria Travascio,F
123479,Nicols Uriarte,M
123805,Pablo Vainstein,M
123941,Ailen Valente,F
125583,Juan Manuel Vzquez,M
125651,Leandro Sebastin Vega,M
126355,Agustn Vidal,M
126455,Federico Matas Vieyra,M
126521,Lucas Martn Vila,M
126522,Matas Damin Vila,M
126524,Rodrigo Nicols Vila,M
126915,Juan Manuel Vivaldi,M
127122,Rubn Oscar Voisard Rzola,M
127301,Lucina von der Heyde,F
133980,Emmanuel Zapata,M
135232,Mara Virginia Zonta,F
135413,Mara Victoria Zuloaga Arcodia,F
400,Yaritza Abel Rojas,F
638,Raidel Acea Morales,M
1265,Yulenmis Aguilar Martnez,F
1283,Jeinkler Ernesto Aguirre Manso,M
2289,Rafael Yunier Alba Castillo,M
2405,Dailenys Alcntara Pacheco,F
2410,Arnold Alcolea Nez,M
2952,Rose Mary Almanza Blanco,F
3174,Lzaro Jorge lvarez Estrada,M
3195,Sergio lvarez Boulet,M
3271,Darisleydis Amador Rodrguez,F
4975,Humberto Daniel Arencibia Martnez,M
5023,Joahnys Oscar Argilagos Prez,M
5139,Jos Alexis Armenteros Surez,M
7141,Gustavo Eddy Balart Marin,M
8140,Yarelis Barrios Castaeda,F
9515,Alexei Bel,M
9749,Dailn Belmonte Torres,F
10641,Yanet Bermoy Acosta,F
11036,Yoandri Betanzos Francis,M
13240,Daisurami Bonne Rousseau,F
13242,Yowlys Bonne Rodrguez,M
13463,Lzaro Eduardo Borges Ried,M
13547,Yaneisi Borlot Simn,F
13623,Ismael Borrero Molina,M
14569,Oscar Ren Braison Vidal,M
16394,Jos Carlos Bulnes Farias,M
17124,Dailis Caballero Vega,F
17125,Denia Caballero Ponce,F
17593,Ivn Cambar Rodrguez,M
17794,Jorge Moiss Campos Valds,M
18542,Yaniel Carrero Zambrano,M
18712,Nelkis Teresa Casabona Gonzlez,F
18745,Gilda Isabelis Casanova Aguilera,F
18970,Yalennis Castillo Ramrez,F
19528,Adrin Chacn Muoz,M
21689,Omar Cisneros Bonora,M
22131,Yariulvis Cobas Garca,F
22409,Williams Collazo Gutirrez,M
22627,Javier Octavio Concepcin Rojas,M
22976,Alexis Copello Snchez,M
23208,Onix Corts Aldama,F
23226,Javier Cortina Lacerra,M
24036,Eglis Yaima Cruz Farfn,F
24062,Yanet Cruz Cruz,F
27833,Oreidis Despaigne Terry,M
27834,Robelis Despaigne Sanquet,M
28143,Sahily Diago Mesa,F
28284,Nivaldo Nadhir Daz Gmez,M
29283,Yoslaine Domnguez Cedeo,F
33226,Maricet Espinosa Gonzlez,F
33318,Reinier Estpinan Gmez,M
33330,Magdiel Estrada Cala,M
33335,Yunior Estrada Falcn,M
34833,Jorge Yadin Fernndez Hernndez,M
35014,Darienn Ferrer Dels,M
35255,Jos Ricardo Figueroa,M
36242,Yirisleydi Lisbet Ford Carnonell,F
36524,ngel Fournier Rodrguez,M
38239,Elisbet Gmez Matos,F
38275,Dayexi Gandarela Sosa,F
38291,Arialis Josefa Gandulla Martnez,F
38497,Alex Maxwell Garca Mendoza,M
38573,Hanser Garca Hernndez,M
38600,Jorge Antonio Garca Rodrguez,M
38714,Yonder Romn Garca lvarez,M
38715,Yordanis Garca Barrisonte,M
38964,Jos Lus Gaspar Hernndez,M
40521,"Arnie David Giralt Rivero, Jr.",M
41073,Adrin Eduardo Goide Arredondo,M
41337,Roxana Gmez Caldern,F
41476,Andy Gonzlez Nez,M
41484,Asley Gonzlez Montero,M
41619,Misleydis Gonzlez Tamayo,F
41652,Sergio Reynaldo Gonzlez Bayard,M
41662,Yosvani Gonzlez Nicols,M
41663,Yumari Gonzlez Valdinieso,F
42477,Jorge Grau Potrille,M
43581,Jos Antonio Guerra Oliva,M
43583,Lisandra Guerra Rodriguez,F
43606,Osleini Guerrero Velasco,M
47033,Zurian Hechavarra Martn,F
48015,Glenhis Hernndez Horta,F
48044,Licet Hernndez Licea,F
48045,Liosbel Lzaro Hernndez Lazaga,M
48071,Ral Hernndez Hidalgo,M
48090,Yislena Hernndez Guzmn,F
48094,Yoelmis Hernndez Paumier,M
48097,Yurisandy Hernndez Ros,M
48151,Michael Herrera Flores,M
51688,Roniel Iglesias Sotolongo,M
52355,Yoandry Iriarte Glvez,M
53599,Roberto Janet Durruty,M
54846,Javier Ernesto Jimnez Scull,M
55908,Fernando Dayn Jorge Enrquez,M
65585,Julio Csar La Cruz Peraza,M
66689,Jos Larduet Gmez,M
66690,Manrique Larduet Bicet,M
66991,Yunio Lastre Hechavarra,M
68935,Randy Jos Ler Bell,M
68951,Yoandys Alberto Lescay Prado,M
71328,Arlen Lpez Cardona,M
71408,Livn Lpez Azcuy,M
71434,Miguel ngel Lpez Castro,M
71437,Mijan Lpez Nez,M
71471,Yaniuvis Lpez Sago,F
72126,Yasmany Daniel Lugo Cabrera,M
72417,Yurisleidy Lupetey Cobas,F
75697,Ayme Martnez Viart,F
75733,Guillermo Martnez Lpez,M
75782,Lzaro Martnez Santrayu,M
75813,Miguel Martnez Palacios,M
76243,Maykel Demetrio Mass Bavastro,M
77034,Lesyan Mayor Gil,F
78038,Pedro Luis Medel Aguilera,M
78335,Marlies Mejias Garca,F
78423,Osniel Lzaro Melgarejo Hernndez,M
78557,Reynier Mea Berenguer,M
78695,Yulitza Meneses Prieto,F
78721,Yusmari Mengana Rodrguez,F
78797,Hanser Lenier Meoque Lugoes,M
79076,Dayaris Rosa Mestre lvarez,F
81106,Alexander Molerio Quintana,M
81979,Yipsi Moreno Gonzlez,F
82706,Leydi Laura Moya Lpez,F
82712,Vctor Rafael Moya Carvajal,M
83005,Pedro Isaac Mulns Herrera,M
83338,Nidia Muz Alemn,F
88087,Yordan Luis O'Farril Olivera,M
89316,Adrin Oquendo Ibez,M
89582,Idalys Ortz Bocourt,F
89791,Livn Osoria Rodrguez,M
92879,Osmaidel Pellicier Lescay,M
92939,Diosmely Pea Contreras,F
93179,Andy Mariano Pereira Diez,M
93300,Dianelys Prez Medina,F
93395,Richer Prez Cobas,M
93411,Yaime Prez Tellez,F
93415,Yunior Prez Aguilera,M
93504,Leinier Eunice Per Justiz,M
96330,Jhoanis Carlos Portilla Cardenas,M
96603,Liadagmis Povea Rodrguez,F
97413,Adrian Andrs Puentes Prez,M
97561,Leuris Pupo Requejo,M
98669,Robeisy Eloy Ramrez Carrazana,M
99967,Osniel Cecilio Rendn Gonzlez,M
100161,Ernesto Rev Serrano,M
100375,Josleidy Ribalta Alfonso,F
100384,Yainelis Ribeaux Rustafull,F
101116,Annia Rivera Rovira,F
101138,Mario Lus Rivera Snchez,M
101483,Dayron Robles Planes,M
101806,Juan Miguel Rodrguez Martnez,M
101819,Marina de la Caridad Rodrguez Mitjan,F
101835,Orestes Rodrguez William,M
101863,Yorgelis Rodrguez Garca,F
102342,Yasmani Jess Romero Rodrguez,M
103202,Eduardo Rubio Rodrguez,M
103386,Csar Yuniel Ruz Speck,M
103419,Noel Ruz Campanioni,M
104637,Reineris Salas Prez,M
106250,Yargelis Savigne Herrera,F
106301,Erislandy Savn Cotilla,M
109987,Pablo Enrique Shorey Hernndez,M
110307,Arlenis Sierra Caadilla,F
110520,Ivn Felipe Silva Morales,M
110565,Yarisley Silva Rodrguez,F
111853,Roberto Skyers Prez,M
115080,Juan Carlos Stevens Caminero,M
116102,Leonel Surez Fajardo,M
116106,Manuel Surez Barrios,M
120018,Arasay Mara Thondike Santovenia,F
120801,Yasnier Toledo Lpez,M
121269,Guillermo Alfredo Torres Rodrguez,M
121295,Reinier Torres Riveaux,M
121300,Serguey Torres Madrigal,M
123884,Alejandro Enrique Valds Tobier,M
124039,Amaurys Ral Valle Mencia,M
125284,Fidel Antonio Vargas Duany,M
125298,Mailn Vargas Escalona,F
125652,Lus Emigdio Vega Torres,M
125689,Lisneidy Ins Veita Crdova,F
125690,Yosbany Veita Soto,M
125739,Yaima Velzquez Falcn,F
125791,Carlos Vliz Wilburt,M
126288,Saily Viart Despaigne,F
126328,Ariannis Vichy Saladre,F
126386,Katerina Vidiaux Lpez,F
126387,Marcia Theresa Vidiaux Jimnez,F
533,Yelena Vasilyevna Abramchuk (Kopets-),F
2523,Ilya Leonidovich Aleksiyevich,M
3631,Anis Viktorovich Ananenko,M
5098,Anna Arkhipenko,F
5443,Marina Aleksandrovna Arzamasova (Katovich-),F
5474,Dmitry Sergeyevich Asanov,M
5485,Pyotr Petrovich Asayonok,M
6296,"Viktoriya Fyodorovna ""Vika"" Azarenko",F
6762,Dmitry Anatolyevich Baga,M
7415,Yuliya Vladimirovna Balykina,F
9320,Yevgeny Aleksandrovich Bedulin,M
9549,Yekaterina Vladimirovna Belanovich (Artyukh-),F
10810,Aleksandr Nikolayevich Bersanov,M
11304,Yuliya Valentinovna Bichik,F
12741,Aleksandr Viktorovich Bogdanovich,M
12742,Andrey Viktorovich Bogdanovich,M
13130,Artyom Yuryevich Bondarenko,M
13445,Pavel Gennadyevich Boreysha,M
13496,Konstantin Igorevich Borichevsky,M
14970,Renan Bardini Bressan,M
15983,Vitaly Ivanovich Bubnovich,M
16785,Aleksandr Ivanovich Bury,M
16992,Aleksandr Nikolayevich Buykevich,M
20066,Viktoriya Vladimirovna Chayka,F
20439,Ilya Vladimirovich Chergeyko,M
20446,Lyubov Viktorovna Cherkashina,F
21394,Iosif Ivanovich Chugoshvili,M
21460,Andrey Viktorovich Churilo,M
25519,Soslan Tamazovich Daurov,M
27479,Oksana Yevgenyevna Demidova,F
28005,Timofey Aleksandrovich Deynichenko,M
28371,Kylie Rei Dickson,F
29173,Mikhail Viktorovich Dolgolevets,M
29174,Yury Viktorovich Dolgopolov,M
29222,Marina Frantsevna Domantsevich,F
29854,Anna Ivanovna Drabenya,F
29893,Stanislav Eduardovich Dragun,M
30107,Tatyana Yevgenyevna Drozdovskaya,F
30268,Alyona Viktorovna Dubitskaya (Grishko-),F
30306,Olga Aleksandrovna Dubovskaya,F
30387,Anna Sergeyevna Dudenkova,F
31066,Yelena Nikolayevna Dylko,F
36109,Aleksandr Aleksandrovich Fominov,M
37667,Yelena Mikhaylovna Furman,F
38090,Yekaterina Aleksandrovna Galkina,F
38258,Dzhavid Shakirovich Gamzatov,M
38464,Denis Olegovich Garazha,M
39054,Soslan Magometovich Gattsiyev,M
39170,Aleksey Viktorovich Gavrilovich,M
39672,Aleksandra Viktorovna Gerasimenya,F
41382,Yekaterina Gennadyevna Gonchar,F
41389,Vladislav Olegovich Goncharov,M
41390,Marina Sergeyevna Goncharova,F
41780,Anna Yuryevna Gorchyonok,F
41781,Timofey Dmitriyevich Gordeychik,M
41782,Mikhail Nikolayevich Gordeychuk,M
44140,Yevgeny Eduardovich Gutarovich,M
44199,Aleksandr Petrovich Gutor,M
45986,Lindsey Marcie Harding,F
52765,Anastasiya Vladimirovna Ivankova,F
52881,Anastasiya Vasilyevna Ivanova-Shvedova,F
56591,Mariya Vladimirovna Kadobina,F
57369,Vadim Aleksandrovich Kaptur,M
57897,Dmitry Levonovich Kasperovich,M
58257,Andrey Georgiyevich Kazak,M
59307,Yuliya Petrovna Khitraya,F
59319,Irina Nikolayevna Khlyustova,F
59337,Pavel Vladimirovich Khodasevich,M
59342,Yekaterina Anatolyevna Khodotovich-Karsten,F
59352,Svetlana Anatolyevna Khokhlova,F
59361,Tatyana Vladimirovna Kholodovich,F
59383,Nataliya Valeryevna Khoronenko-Mikhnevich,F
59487,Olga Sergeyevna Khudenko,F
59676,Aleksandr Fyodorovich Kikinyov,M
60707,Vasily Vasilyevich Kiriyenko,M
60966,Yelena Nikolayevna Kiyevich,F
62256,Vanessa Valeryevna Kolodinskaya,F
62267,Sergey Viktorovich Kolomoyets,M
62767,Nataliya Stanislavovna Koreyvo,F
62828,Sergey Ivanovich Korneyev,M
62832,Sergey Aleksandrovich Kornilenko,M
62853,Yuliya Vladimirovna Korol,F
62861,Yevgeny Aleksandrovich Korolyov,M
62933,Tatyana Aleksandrovna Korzh,F
63143,Pavel Olegovich Kostromin,M
63241,Mariya Vasilyevna Kotyak,F
63440,Andrey Sergeyevich Kovalenko,M
63482,Svetlana Petrovna Kovgan (Klimkovich-),F
63586,Aleksey Petrovich Kozlov,M
63594,Vladimir Vladimirovich Kozlov,M
63616,Aleksandr Aleksandrovich Kozubovsky,M
64147,Pavel Eduardovich Krivitsky,M
64629,Svetlana Mikhaylovna Kudelich,F
64768,Tatyana Aleksandrovna Kukhta,F
64817,Irina Mikhaylovna Kulesha,F
65380,Igor Andreyevich Kuzmyonok,M
65727,Asadulla Sabziyevich Lachinov,M
66623,Dmitry Moiseyevich Lapkes,M
68827,Yuliya Sergeyevna Leontyuk,F
68961,Nataliya Valeryevna Leshchik,F
69115,Yelena Stepanovna Levchenko,F
69839,Aleksey Igorevich Likhachevsky,M
69842,Andrey Sergeyevich Likhovitsky,M
69844,Tatyana Aleksandrovna Likhtarovich,F
69928,Irina Igorevna Limanovskaya,F
72181,Konstantin Leonidovich Lukashik,M
72584,Aleksandr Petrovich Lyakhovich,M
72586,Vadim Nikolayevich Lyalin,M
72651,Maksim Aleksandrovich Lynsha,M
72711,Pavel Konstantinovich Lyzhin,M
73477,Omargadzhi Abdulgadzhiyevich Magomedov,M
73803,Aleksandr Aleksandrovich Makarenko,M
73813,Igor Viktorovich Makarov,M
73862,Vadim Gennadyevich Makhnyov,M
73927,Yana Eduardovna Maksimova,F
74224,Anna Aleksandrovna Malyshchik (Zinchuk-),F
74264,Mariya Ruslanovna Mamoshuk,F
74698,Anastasiya Igorevna Marachkovskaya,F
75966,Sergey Anatolyevich Martynov,M
76032,Vasilisa Aleksandrovna Marzalyuk,F
76502,Yelena Viktorovna Matoshko,F
77127,Olga Sergeyevna Mazuryonok,F
78533,Dmitry Nikolayevich Melyakh,M
78744,Oksana Vladimirovna Menkova,F
79529,Denis Aleksandrovich Migal,M
79616,Anastasiya Aleksandrovna Mikhalenko,F
79625,Eduard Viktorovich Mikhan,M
79660,Andrey Anatolyevich Mikhnevich,M
80274,"Maksim Nikolayevich ""Max"" Mirnyi",M
80282,Anastasiya Sergeyevna Mironchik-Ivanova,F
80783,Vyacheslav Borisovich Model,M
83208,Yekaterina Nikolayevna Mulyuk-Timofeyeva,F
83959,Aleksey Vladimirovich Mzhachik,M
83991,Dmitry Sergeyevich Nabokov,M
84554,Aleksandra Sergeyevna Narkevich,F
84737,Darya Sergeyevna Naumova,F
85370,Maksim Sergeyevich Nesterenko,M
85541,Yelena Vladimirovna Nevmerzhitskaya-Danilyuk,F
86323,Inna Yuryevna Nikulina,F
87140,Marina Mikhaylovna Novik,F
87146,Nikolay Anatolyevich Novikov,M
87157,Anastasiya Aleksandrovna Novikova,F
89071,Yelena Vasilyevna Omelyusik,F
89819,Nadezhda Nikolayevna Ostapchuk,F
91895,Igor Petrovich Pashevich,M
92338,Viktoriya Vladimirovna Pavlovich,F
94034,Tatyana Olegovna Petrenya,F
94189,Roman Ivanovich Petrushenko,M
95193,Valeriya Igorevna Pishchelina,F
95501,Dmitry Anatolyevich Plotnitsky,M
95565,Darya Vatslavna Pochobut,F
95848,Sergey Eduardovich Politevich,M
95933,Marina Viktorovna Poltoran-Litvinchuk,F
95947,Denis Aleksandrovich Polyakov,M
95987,Irina Vladimirovna Pomelova,F
96157,Oksana Vladimirovna Popko,F
96162,Yekatarina Viktorovna Poplavskaya,F
96166,Nadezhda Mikhaylovna Popok-Lepeshko,F
96196,Mariya Vladimirovna Popova,F
97004,Anton Mikhaylovich Prilepov,M
97071,Aleksandra Valentinovna Privalova,F
97075,Valery Viktorovich Priyemko,M
97076,Kseniya Aleksandrovna Priyemko-Detsuk,F
97246,Yanina Dislavovna Provalinskaya-Karolchik,F
97301,Vladislav Dmitriyevich Pryamov,M
97683,Anastasiya Sergeyevna Puzakova,F
101997,Stepan Valeryevich Rogovtsov,M
103818,Andrey Anatolyevich Rybakov,M
103901,Yuliya Sergeyevna Rytikova (Dureyko-),F
104219,Vazgen Grigoryevich Safaryants,M
104355,Ibragim Magomed-Saidovich Saidov,M
105020,Bronislav Olegovich Samoylov,M
105045,Vladimir Viktorovich Samsonov,M
105089,Anastasiya Valeryevna Samusevich-Prokopenko,F
105478,Kseniya Andreyevna Sankovich,F
105479,Pavel Pavlovich Sankovich,M
106398,Dina Viktorovna Sazanovets,F
108458,Alim Maksimovich Selimov,M
108811,Olga Aleksandrovna Sergeyenko-Sudareva,F
108854,Svetlana Viktorovna Serova,F
109076,Ali Shabanovich Shabanov,M
109263,Tatyana Valeryevna Sharakova,F
109294,Nikolay Vasilyevich Sharlap,M
109407,Stanislav Grigoryevich Shcherbachenya,M
109414,Yury Aleksandrovich Shcherbatsevich,M
109522,Aleksey Nikolayevich Shemarov,M
109625,Dmitry Anatolyevich Shershan,M
109663,Ruslan Shamilovich Sheykhov,M
109924,Marina Ivanovna Shkermankova,F
110095,Veronika Dmitriyevna Shutkova,F
110625,Denis Vaslyevich Simanovich,M
111481,Konstantin Viktorovich Sivtsov,M
111621,Maksim Petrovich Skavysh,M
111814,Darya Sergeyevna Skrypnik,F
112600,Yekaterina Andreyevna Snytina,F
112657,Yelena Soboleva (Novogrodskaya-),F
112985,Artyom Viktorovich Solovey,M
114386,Melitina Dmitriyevna Stanyuta,F
114448,Anastasiya Nikolayevna Starovoytova-Ivanova,F
114467,Viktor Vladimirovich Staselovich,M
115750,Vadim Nikolayevich Streltsov,M
116779,Yury Yuryevich Suvorov,M
117041,Valery Vitalyevich Svyatokho,M
118089,Alina Gennadyevna Talay,F
118602,Aleksandra Yevgenyevna Tarasova,F
119078,Yelena Ivanovna Telepushkina,F
120312,Ivan Grigoryevich Tikhon,M
120513,Margarita Grigoryevna Tishkevich-Makhneva,F
120561,Stanislav Vladimirovich Tivonchik,M
121577,Elbek Khudoynazarovich Tozhiyev,M
122002,Tatyana Vladimirovna Troina,F
122068,Ivan Antonovich Trotsky,M
122326,Nikita Denisovich Tsirkun,M
122332,Arina Aleksandrovna Tsitsilina,F
122336,Nikita Dmitriyevich Tsmyg,M
122411,Yevgeny Nikolayevich Tsurkin,M
122604,Alina Arturovna Tumilovich,F
123587,Ilona Viktorovna Usovich,F
123588,Svetlana Viktorovna Usovich,F
125460,Irina Leonidovna Vaskovskaya,F
125987,Anastasiya Vladimirovna Veremeyenko,F
127509,Andrey Nikolayevich Voronkov,M
127740,Nataliya Aleksandrovna Vyatkina,F
132197,Irina Gennadyevnya Yakoltsevich (-Zhuk),F
132707,Anastasiya Aleksandrovna Yatsevich,F
132917,Veronika Anatolyevna Yesipovich,F
133520,Oleg Olegovich Yurenya,M
134153,Alesya Mikhaylovna Zaytseva,F
134748,Yevgeny Viktorovich Zhernosek,M
134755,Vladimir Gennadyevich Zhigaryov,M
134886,Nikolay Yuryevich Zhukovets,M
134887,Aleksandr Petrovich Zhukovsky,M
134899,Stanislav Leonidovich Zhuravlyov,M
135356,Yegor Vyacheslavovich Zubovich,M
135568,Olga Igorevna Zyuzkova,F
1097,Georgios Afroudakis,M
1098,Khristos Afroudakis,M
1196,Anna Agrafioti,F
2604,Khaido Alexouli,F
3619,Ioanna Anagnostopoulou,F
3620,Khrysoula Anagnostopoulou,F
3640,Mikhailis Anastasakis,M
4293,Dionysios Angelopoulos,M
4557,Dimitrios Antoniadis,M
4844,"Kalliopi ""Kelly"" Araouzou",F
5416,"Vasiliki ""Viky"" Arvaniti",F
5647,Sofia Asoumanaki,F
7532,"Konstantinos ""Kostas"" Baniotis",M
9479,Sofia Bekatorou (-Kosmatopoulos),F
9603,Maria Belimpasaki,F
14016,Ioulieta Boukouvala,F
27176,"Evangelos Ioannis ""Vangelis"" Delakas",M
27319,Nikolaos Deligiannis,M
27756,Georgios Dervisis,M
28569,Stefanos Dimitriadis,M
28574,Dimitrios Dimitriou,M
28625,Dionisis Dimou,M
29132,Eleni Doika,F
29720,Athina Douka,F
29737,"Konstantinos Alexandros ""Kostas"" Douvalidis-Ricks",M
29914,Theodora Drakou,F
30154,Ioannis Drymonakos,M
35284,Eleni Filandra,F
35313,Varvara Filiou,F
35338,"Konstantinos ""Kostas"" Filippidis",M
35759,Konstantinos Flegkas,M
36507,Ioannis Fountoulis,M
37999,Stefanos Galanopoulos,M
39480,Konstantinos Genidounias,M
40099,"Spyridon Khristos ""Spyros"" Giannaros",M
40104,"Spyridon ""Spyros"" Gianniotis",M
40122,Theodora Giareni,F
40130,Khristina Giazitzidou,F
40466,Panagiotis Gionis,M
41076,Apostolos Gointoulas,M
41077,"Nikolaos ""Nikos"" Gointoulas",M
41196,Kristian Golomeev,M
42080,Alexandros Gounas,M
42912,Aristidis Grigoriadis,M
51482,Periklis Iakovakis,M
51483,Theodoros Iakovidis,M
51652,Sofia Ifantidou,F
51829,Ilias Iliadis,M
51834,Periklis Ilias,M
56643,Pavlos Kagialis,M
56801,Ioannis Kalargaris,M
56954,Mikhailis Kalomoiris,M
57117,Panagiotis Kampouridis,M
57463,Filippos Karampetsos,M
58019,Khristos Katrantzis,M
58130,David Kavelasvili,M
58399,Konstantina Kefala,F
59256,Theodoros Khatzitheodorou,M
59278,Evangelos Kheimonas,M
59430,Apostolos Khristou,M
59431,Ioannis Khristou,M
62083,Vyron Kokkalanis,M
62085,Konstantinos Kokkinakis,M
62268,Khristodoulos Kolomvos,M
62550,Levteris Konsolas,M
62579,Zoi Kontogianni,F
62582,Aikaterini-Maria Kontokhristopoulou,F
62725,Anna Korakaki,F
63287,Dimitrios Koulouris,M
63918,Kallinikos Kreangka,M
65556,Nikoleta Kyriakopoulou,F
65558,Alexia Kyriazi,F
67740,Stella-Iro Ledaki,F
68678,"Spiridon ""Spyros"" Lempesis",M
69835,"Voisava ""Savva"" Lika",F
71681,Evdokia Loukangou,F
72617,Marianna Lymberta,F
73377,Panagiotis Magdanis,M
74621,Panagiotis Mantis,M
74717,Vlasis Maras,M
76887,"Nikolaos ""Nikos"" Mavrommatis",M
78366,Odysseus Meladinis,M
78944,Khristoforos Merousis,M
79096,Mikhaela Metallidou,F
79967,Vasiliki Millousi,F
80224,Andreas Miralis,M
80387,"Efthimios ""Makis"" Mitas",M
80508,Giannis Mittakis,M
82525,Oleg Motsalin,M
82619,"Konstantinos ""Kostas"" Mourikis",M
82673,Roman Moustopoulos,M
83909,Emmanouil Mylonakis,M
85777,Nery Mantey Niangkouara,F
86244,Alexandros Nikolaidis,M
86249,Aikaterini Nikolaidou,F
87290,Anna Ntountounaki,F
87291,Stefanos Ntouskos,M
87292,Antigoni Ntrismpioti,F
91032,Niki Panetta,F
91189,Alexandros Papadimitriou,M
91200,"Efstathio ""Stathis"" Papadopoulos",M
91221,Stergios Papakhristos,M
91223,Paraskevi Papakhristou,F
91234,Alexandros Papamikhail,M
91248,Stefanos Paparounas,M
91253,Aimilios Papathanasiou,M
91257,Evangelia Papazoglou,F
91290,Alexia Pappas,F
92007,"Mikhalis ""Mike"" Pateniotis",M
93522,Athanasia Perra,F
93731,Elisavet Pesiridou,F
94093,Ioannis Petrou,M
94094,Eleftherios Petrounias,M
95389,Evangelia Platanioti,F
96071,Kyriakos Pontikeas,M
96541,"Konstantinos ""Kostas"" Poulios",M
96912,Maria Prevolaraki,F
97338,Evangelia Psarra,F
99907,Ourania Rempouli,F
100777,Sofia Riga,F
104942,Stavroula Samara,F
104982,Panagiotis Samilidis,M
111603,"Angeliki ""Gelly"" Skarlatou",F
111615,Nikolas Skarvelis,M
112973,Despoina Solomou,F
114240,Mikhalis Stamatogiannis,M
114658,"Aikaterini ""Ekaterini"" Stefanidi",F
115016,Antonia Stergiou,F
118234,Giannis Tamouridis,M
119186,Miltiadis Tentoglou,M
119583,Argyris Theodoropoulos,M
122197,Khristos Tsakmakis,M
122199,Likourgos-Stefanos Tsakonas,M
122225,Louis Tsatoumas,M
122296,Maria Tsiartsiani,F
122297,Alexandra Tsiavou,F
122308,Giannis Tsilis,M
122312,Panagiota Tsinopoulou,F
122343,Vasilis Tsolakidis,M
122357,Antonis Tsotras,M
123012,Giorgos Tziallas,M
125400,Eirini Vasileiou,F
125563,Andreas Vazaios,M
126953,Panagiota Vlachaki,F
126954,Angelos Vlachopoulos,M
127164,Khristos Volikakis,M
127165,Zafeiris Volikakis,M
127566,Vasiliki Vougiouka,F
127569,"Matthaios ""Manthos"" Voulgarakis",M
127572,Kristel Vourna,F
133656,Marianthi Zafeiriou,F
133794,Vasiliki Zakhou,F
133991,Despina Zapounidou,F
262,Yhyacinthe Mewoli Abdon,M
269,Fawziya Abdoulkarim,F
457,Thorine Christelle Aboa Mbeza,F
764,Idrissa Adam,M
959,Christian Donfack Adjoufack,M
2685,Annabel Laure Ali,F
3351,Serge Ambomo,M
5770,Delphine Bertille Atangana Bodo,F
9663,Franoise Josphine Bella,F
11129,"Ariane ""Bby"" Beyene",F
12635,Madeleine Samantha Bodo Essissima,F
29149,Dieudonne Dolassem,M
29383,Auriol Dongmo Mekemnang,F
31789,Augustine Silvia Ejangue Siliki,F
31805,Paul Edingue Ekane,M
32611,Gaelle Deborah Enganamouit,F
33275,Thomas Essomba,M
33277,Joseph milienne Essombe Tiako,F
33364,Paul Etia Ndoumb,M
35104,Raissa Feudjio Tchuanyo,F
35884,Berthrade Simone Flore Bikatal,F
36471,Simplice Fotsala,M
36473,Stphanie Fotso Mogoung,F
36508,Arcangeline Fouodji Sonkbou,F
43528,Antoinette Joyce Guedia Mouafo,F
45574,Sarah Hanffou,F
52902,Adrienne Natacha Iven Mihamle,F
63285,Henriette Nadege Koulla,F
69073,Yvonne Patrice Leuko Chibosso,F
74459,Christine Patience Manie,F
77185,Hortence Vanessa Mballa Atangana,F
77213,Jolle Sandrine Mbumi Nkouindjin,F
78093,Bibi Balbine Laure Medoua,F
78142,Claudine Falone Meffometou Tcheno,F
78636,Blaise Yepmou Mendouo,M
80178,Petit David Minkoumba,M
81276,Latitia Crescence Moma Bassoko,F
82827,Rebecca Ndolo Muambo,F
84644,Rassa Nasser,F
84880,Njoya Ajara Nchout,F
84883,Hassan N'Dam N'Jikam,M
85683,Annette Flore Ngo Ndom,F
85690,Victoire Pauline L'or Ngon Ntame,F
85691,Madeleine Michele Ngono Mani,F
87585,Madias Dodo Nzesso Ngake,F
89163,Gabrielle Aboudi Ongun,F
109024,Dieudonn Wilfred Seyi Ntsengue,M
112037,Mahaman Smaila,M
113174,Ysis Amarielle Sonkeng,F
118975,Christelle Nana Tchoudjang,F
119021,Frdric Fokejou Tefot,M
132581,Jeannette Grace Ngock Yango,F
135281,Francine Zouga Edoa,F
864,Yasemin Adar,F
1599,Meryem (Mirriam Jepchirchir-) Akda (Mayo-),F
1600,Tark Langat Akda,M
1602,Ahmet Akdilek,M
1634,Taha Akgl,M
1697,Halil Akka,M
2309,Il Alben,F
3622,Yasemin Ecem Anagz,F
4674,Eref Apak,M
5056,Ferhat Arcan,M
5065,Polat Kemboi Arkan,M
5738,Hurit Atak,M
5803,Hseyin Atc,M
5835,Mert Atl,M
5836,Sleyman Atl,M
6062,Fatih Avan,M
6130,Nazmi Avluca,M
6219,Esma Aydemir,F
6220,Naz Aydemir (-Akyol),F
6221,Sema Aydemir-Apak,F
6222,Merve Aydn,F
6242,Burcu Ayhan (-Yksel),F
6259,Duygu Aynac,F
7186,Serhat Balc,M
7267,Onur Balkan,M
7952,Emre Zafer (Winston-) Barnes,M
8931,zge Bayrak,F
11503,Erol Bilgin,M
11508,Rahman Bilici,M
11585,Mete Binay,M
11687,Onur Cavit Biriz,M
13048,brahim Blkba,M
16402,Gamze Bulut,F
16997,ala Bykakay,F
16998,Derya Bykuncu,M
17266,Bahar alar,F
17338,Asl akr (-Alptekin),F
17339,Mustafa akr,M
17340,Olcay akr,F
17836,Yasemin Can,F
17918,Tue Cantez,F
17954,Bra Cansu,F
19216,Seluk ebi,M
21602,Ate nar,M
21603,Deniz nar,M
22978,Yasmani Copello Escobar,M
23005,Aye Cora,F
24976,Yasemin Begm Dalgalar,F
25389,Neslihan Demir Darnel,F
25441,Aylin Dadelen,F
27489,Ali Eren Demirezen,M
27495,Soner Demirta,M
27699,Emel Dereli,F
28522,Yusuf Dike,M
29086,Bahar Doan,F
29211,Burcu Dolunay,F
29359,Nazl ala Dnerta,F
31824,Seluk Eker,M
32659,"Birsen Engin (Bekgz-, -Yavuz-)",F
32835,Eda Erdem Dndar,F
32852,"Meryem (Mariam-) Erdoan (Tanga-, Hana Dingo-)",F
39227,Mete Gazoz,M
42147,Batuhan Gzge,M
43817,Ramil Guliyev,M
43858,Esra Gm,F
43860,Bediha Gn,F
43868,Dilara Buse Gnaydn,F
43898,Viktoria Zeynep Gne,F
43996,Kemal Arda Grdal,M
44001,Gizem Green (-Karaday),F
44226,Tuba Gven,F
46356,Jak Ali (Jacques Montgomery-) Harvey,M
46825,Sultan Haydar,F
49353,Kuanitra Holingsvorth,F
49892,Yasemin Horasan,F
50569,Melek Hu,F
51344,Sezer Huysuz,M
51818,Cenk ldem,M
51897,Yavuz lnam,M
52317,Assiya pek,F
52602,Daniar Ismailow,M
52901,aziye vegin ner,F
56786,Mira Kal,M
57170,Hseyin Kandemir,M
57276,Nihan Kantarc,F
57407,Nagihan Karadere,F
57412,mer Karaevli,M
57430,Nurdan Karagz,F
57442,Dudu Karakaya,F
57443,Tuba Karakaya (-Koyuncu),F
57446,Ayhan Karaku,M
57447,Nimet Karaku,F
57458,rem Karamete,F
57472,Nezir Karap,M
57504,Bekir Karayel,M
57749,Nilay Kartaltepe (Yiit-),F
57976,Bra Katipolu,F
58227,Ali (Stanley Kiprotich-) Kaya (Mukche-),M
58228,Aras (Amos-) Kaya (Kibitok-),M
58230,Kvlcm Kaya Salman,F
58231,Mustafa Kaya,M
58232,zlem Kaya,F
58233,Rza Kayaalp,M
58234,Glden Kayalar Kuzubaolu,F
58250,Alican Kaynar,M
58339,Erdin Kebap,M
58484,Fatih Kele,M
58485,smail Kele,M
59723,Adem Kl,M
60430,ebnem Nezahat Kimyacolu,F
60645,mm Kiraz,F
60684,Gzde Krdar Sonsrma,F
60685,zge Krdar emberci,F
61739,Glah Kocatrk,F
64618,Kemal Kkbay,M
65152,Mehtap Kurnaz,F
69301,Ahmet Li,M
69765,Lasma Liepa,F
71111,Begl Lklolu,F
71112,Dilara Lokmanhekim,F
78451,Karin Melis (Mey-),F
80160,Glcan Mngr,F
83689,Ercan Muslu,M
83765,Semiha Mutlu,F
83783,Bahram Muzaffer,M
88684,Ercment Olgundeniz,M
89442,Ahmet rken,M
89780,eref Osmanolu,M
90296,lham Tanui zbilen,M
90297,Kaan Kigen (Mike Kipruto-) zbilen (Kigen-),M
90328,Bekir zl,M
90347,Neriman zsoy,F
90358,idem zyaman (-zemir),F
90360,lke zyksel,F
90733,Emine Tuba Palazolu,F
92756,Ferhat Pehlivan,M
92790,Ahmet Peker,M
99477,Meliz Redif,F
104222,zzet Safer,M
104280,Nezir Sar,M
104309,Hafize ahin,F
104310,Ramazan ahin (rbayhanov-),M
104330,Tue ahutolu,F
104468,Pnar Saka,F
105319,"LaToya Antoinette ""Lara"" Sanders (Pringle-)",F
105797,Hazal Sarkaya,F
106384,Kayra Sayt,F
108612,Yakup ener,M
108674,Tilbe enyrek,F
109039,Bnyamin Sezer,M
110906,Sibel imek,F
111342,nder ipal,M
111343,Onur ipal,M
117730,Ersin Tacir,M
118498,Bahri Tanrkulu,M
118720,Nur Tatar,F
118959,Servet Tazegl,M
120768,Bahar Toksoy,F
121373,Buse Tosun,F
122615,Bediha Tunada,F
122619,Esmeral Tunluer,F
122886,Ouzhan Tzn,M
123069,Gksu ta (-anl),F
123322,Mehmet Nadir nal,M
123404,Dilara Uralp,F
123575,Binnaz Uslu,F
123577,Polen Uslupehlivan,F
123608,Nida Eliz stnda,F
125126,Bora Vang,M
125218,Birsel Vardarl Demirmen,F
132588,Nevin Yant,F
132665,Selim Yaar,M
132912,Elif Jale Yeilrmak,F
132962,Neslihan Yiit,F
132968,Ediz Yldrmer,M
132975,Cem Ylmaz,M
132979,Nevriye Ylmaz,F
132980,Tutya Ylmaz,F
133435,Atakan Yksel,M
510,Melita Isidora Abraham Schssler,F
715,Julio Csar Acosta Gonzlez,M
1244,Felipe Aguilar Schler,M
4869,Vctor Aravena Pincheira,M
4871,Edward Ignacio Araya Corts,M
4874,Yerko Ignacio Araya Corts,M
6279,Andrs Antonio Ayub Valenzuela,M
8143,Gonzalo Barroilhet Costabal,M
14789,Cterin Bravo Arnguiz,F
15046,Thomas Felipe Briceo Gonzlez,M
16879,Esteban Bustos Rodrguez,M
18174,Felipe Crdenas Morales,M
18519,Rodrigo Cristin Carrasco,M
19025,Simona Castro Lazo,F
22809,Yeny Contreras Loyola,F
23527,Toms Cristbal Couve Correa,M
23981,Francisca Crovetto Chadid,F
27151,Matas Andrs del Solar Goldsmith,M
30323,Andrs Claudio Ducasse Rojas,M
30324,Francisco Ducasse Rojas,M
30357,Natalia Duc Soler,F
33323,Daniel Estrada Coz,M
38115,Karen Pamela Gallardo Pinto,F
38604,Jorge Eduardo Garca Bustos,M
38868,Gonzalo Andrs Garrido Zenteno,M
41496,Diego Gonzlez Parro,M
41655,Enrique Toms Gonzlez Seplveda,M
42810,Benjamn Grez Ahrens,M
42811,Cristbal Grez Ahrens,M
42954,Esteban Mauricio Grimalt Fuster,M
42955,Marco Alfonso Grimalt Krogh,M
43596,Bernardo Guerrero Daz,M
43856,Francisca Arantza Gumucio Jaras,F
43857,Begoa Gumucio Jaras,F
50110,Nadja Horwitz von Appen,F
52191,Paris Alonso Inostroza Budinich,M
54844,Isidora Andrea Jimnez Ibacache,F
61717,Kristel Arianne Kbrich Schmipl,F
70936,Carlos Lobos Muoz,M
74577,Luis Miguel Mansilla Almonacid,M
79483,Sofa Middleton Zaartu,F
80044,Carlos Alfredo Milthaler Allende,M
81781,Ignacio Alfonso Morales Puentes,M
83342,Paola Andrea Muoz Grandn,F
88769,rika Alejandra Olivera de la Fuente,F
91749,Samuel Parot Ugarte,M
93131,Julio Leonardo Peralta Martnez,M
95607,Hans Podlipnik Castillo,M
100212,Cristin Eduardo Reyes Troncoso,M
101157,Brbara Catalina Riveros Daz,F
101720,Berta Antonia Rodrguez Olate,F
101798,Jos Luis Rodrguez Aguilar,M
102330,Natalia del Carmen Romero Jaramillo,F
113377,Ricardo Soto Pedraza,M
118533,Felipe Tapa Salinas,M
123892,Mara Fernanda Valds Paris,F
124283,Felipe van de Wyngard,M
124726,Denisse Astrid van Lamoen Gmez,F
125477,scar Mauricio Vsquez Ochoa,M
126520,Josefa Vila Betancourt,F
132460,Enzo Diego Yez Jhonson,M
135432,Alejandro Sebastin Ziga Villaroel,M
405,Jos Javier Abella Fanjul,M
660,Karem Faride Achach Ramrez,F
719,Luz Mercedes Acosta Valdez,F
1271,Tomas Alonso Aguilera Armendariz,M
1279,rick Germain Aguirre Tafolla,M
2463,Jannet Alegria Pea,F
3139,Alberto lvarez Muoz,M
3177,Luis Antonio lvarez Murillo,M
4757,Javier Ignacio Aquino Carmona,M
5277,Tania Karina Arrayales Macas,F
6126,Mariana Avitia Martnez,F
6198,Julin Ayala Navarrete,M
6302,Jaime Azcrraga Romandia,M
7643,Jorge Alejandro Barajas Gonzlez,M
8136,Juan Luis Barrios Nieves,M
8876,Ana Gabriela Bayardo Chan,F
12446,Ernesto Horacio Boardman Lpez,M
16183,Marco Antonio Bueno Ontiveros,M
17181,Juan Carlos Cabrera Prez,M
17824,Daniela Campuzano Chvez Pen,F
18554,Edna Guadalupe Carrillo Torres,F
18877,Patricia Midori Castaeda Miyamoto,F
18962,Nabor Castillo Prez,M
18969,Yahel Ernesto Castillo Huerta,M
19196,Rodolfo Eduardo Cazaubn Rincn,M
20036,Arantxa Elizabeth Chvez Muz,F
20042,Darvin Francisco Chvez Ramrez,M
21686,Carlos Ernesto Cisneros Barajas,M
23034,Carlos Cordero Gmez,M
23058,Samuel Crdova Arvizu,M
23137,Jos de Jess Corona Rodrguez,M
23149,Daniel Corral Barrn,M
23206,Javier Corts Granados,M
23838,Jos Everardo Cristbal Quirino,M
27136,Diego Alan del Real Galindo,M
27275,Blanca Isabel Delgado Plancarte,F
27280,Lindolfo Delgado Garza,M
28417,Rodrigo Diego Lpez,M
28714,Nuria Lidn Diosdado Garca,F
28783,Erica Dittmer Kane,F
29276,Mnica Patricia Domnguez Lara,F
29580,Giovani dos Santos Ramrez,M
30007,Ingrid Drexel Clouthier,F
32274,Tania Elas Calles Wolf,F
32494,Elas Eliseo Emigdio Abarca,M
32728,Jorge Enrquez Garca,M
32784,Mnica Equihua Solarzano,F
33127,Charetzeni Susana Escobar Torres,F
33227,Paola Milagros Espinosa Snchez,F
33238,Mara del Rosario Espinoza Espinoza,F
33324,Juan Diego Estrada Constantino,M
33636,Marco Jhonfai Fabin de la Mora,M
34808,Federico Carlos Fernndez Senderos,M
35205,Carlos Eduardo Fierro Guerrero,M
35897,Brenda Eunice Flores Muoz,F
38540,Diego Garca de Len,M
38545,Elsa Garca Rodrguez Blancas,F
38584,Ivn Alejandro Garca Navarro,M
38914,Alejandra Garza Garza,F
39516,Yanic Arno Gentry Torfer,M
41285,Daniel Gmez Tanamachi,M
41328,Pedro Daniel Gmez Cruz,M
41483,Arturo Alfonso Gonzlez Gonzlez,M
41511,Mara Fernanda Gonzlez Ramrez,F
41597,Mara Guadalupe Gonzlez Romero,F
41642,Rodrigo Gonzlez Lpez,M
41647,Santiago Gonzlez Torre,M
41656,rsula Sarah Gonzlez Garate,F
42316,Crisanto Grajales Valencia,M
43573,Carlos Fernando Guerra Arias,M
44019,Eva Alicia Gurrola Ortz,F
44159,rick Gabriel Gutirrez Galaviz,M
44182,Long Yuan Miguel Gutirrez Feng,M
44191,Sal Gutirrez Macedo,M
44275,Victor Alfonso Guzmn Guzmn,M
47998,Dolores Hernndez Monzon,F
48025,Ismael Marcelo Hernndez Uscanga,M
48051,Margarita Hernndez Flores,F
48055,Melany Michelle Hernndez Torres,F
48144,Hctor Miguel Herrera Lpez,M
48147,Jos Carlos Herrera Vargas,M
51507,Liliana Ibez Lpez,F
52570,Alejandro Daniel Islas Arroyo,M
54845,Israel Sabdi Jimnez Naez,M
54860,Ral Alonso Jimnez Rodrguez,M
67694,Kenia Vanessa Lechuga Alanis,F
68686,Lus Enrique Lemus Dvila,M
69283,Alfonso Antonio Leyva Ypez,M
70809,Alejandra Llaneza Gmez,F
71117,Patrick Alexandre Ernst Loliger Salas,M
71361,"Mara Gabriela ""Gaby"" Lpez Butron",F
71454,Ral Lpez Gmez,M
71461,Sandra Lpez Reyes,F
71847,Hirving Rodrigo Lozano Bahena,M
73236,Marcos Madrid Mantilla,M
73966,Arturo Malaquias Delgado,M
74467,Itzel Adilene Manjarrez Bastidas,F
75687,Alexis Gabriela Martnez Macas,F
75757,Jos Manuel Martnez Rebollar,M
78097,Rita Medrano Muoz,F
78642,Carolina Mendoza Hernndez,F
79374,Alberto Michn Halbinger,M
79400,Nataly de la Luz Michel Silva,F
79503,David Mauricio Mier y Tern Cuevas,M
79504,Hiram Ricardo Mier Alans,M
81149,scar Molina Casillas,M
81501,Ricardo Montemayor Valds,M
81513,Victoria Eugenia Montero Enrquez,F
81519,Csar Jasib Montes Castro,M
81521,Jos Lino Montes Gngora,M
81946,Alexa Citiali Moreo Medina,F
83334,Lino Muoz Mandujano,M
84748,Horacio Nava Reza,M
84767,Carlos Rubn Navarro Valdez,M
87633,Debora Oakley Gonzlez,F
87901,Jahir ngel Ocampo Marroquin,M
88365,Jos Leyver Ojeda Blas,M
89213,Rodolfo Lombardo Ontiveros Gmez,M
89404,Nestor Emmanuel Orellana Hernndez,M
89505,Alejandra Orozco Loza,F
89542,Alejandra Ortega Sols,F
89796,Erick Osornio Nuez,M
90424,Rommel Agmed Pacheco Manrufo,M
90822,Ever Jair Palma Olivares,M
90823,Isaac Antonio Palma Olivares,M
92957,Rosa del Carmen Pea Rocamontes,F
93124,Jess Alberto Perales Gonzlez,M
93134,Oribe Peralta Morones,M
93289,Cecilia Gabriela Prez Flores,F
93324,Irving Adrin Prez Pineda,M
93357,Karina Prez Delgado,F
93367,Madai Prez Carrillo,F
93379,Michael Prez Ortz,M
93420,Arturo Perez Prez Vertti Ferrer,M
95286,Nicols Alejandro Pizarro Surez Martnez,M
95287,Rodolfo Gilbert Pizarro Thomas,M
96011,Miguel ngel Ponce Briseo,M
96716,Ignacio de Jesus Prado Jurez,M
97457,Bernadette Pujals Cavallo,F
97497,Marcos Heliud Pulido Rodrguez,M
97927,Jorge Lus Quiones Jazo,M
98735,Ricardo Ramos Vargas,M
98858,Jess Reynold Rangel Hernndez,M
98859,Pedro Abraham Rangel Hernndez,M
100215,Diego Antonio Reyes Rosales,M
100227,Miguel ngel Reyes Varela,M
101099,Claudia Rivas Vega,F
101120,Edgar Alejandro Rivera Morales,M
101135,Luis Alberto Rivera Morales,M
101726,Carolina Rodrguez Gutirrez,F
101778,Javier Rodrguez Segovia,M
101829,Misael Uziel Rodrguez Olivas,M
102201,Ada Nabila Romn Arroyo,F
102320,Juan Pablo Romero Marn,M
102329,Marisol Guadalupe Romero Rosales,F
102477,Bredni Roque Mendoza,M
103314,Lizeth Rueda Santos,F
103395,Gonzalo Ruz de la Cruz,M
103404,Jesse Prudente Ruz Flores,M
104200,Stephen Christopher Saenz Villareal,M
104656,Julio Csar Salazar Enrquez,M
104667,Carlos Joel Salcedo Hernndez,M
104676,Carlos Arnoldo Salcido Flores,M
105154,Heraclio Eder Snchez Tern,M
105173,Germn Sal Snchez Snchez,M
105198,Julin Isaac Snchez Gallegos,M
105202,Laura Aleida Snchez Soto,F
105215,Mara Guadalupe Snchez Magaa,F
107754,Christian Alexander Schurr Voight,M
108888,"Juan Ren ""Juanjo"" Serrano Gutirrez",M
110564,Yadira Silva Llorente,F
113375,scar Soto Carrillo,M
118085,Alfredo Talavera Daz,M
119235,Alejandra Tern Eligio,F
120797,Julieta Isabel Toledo Ames,F
121264,rick Estefno Torres Padilla,M
121270,Guillermo Torres Cervantes,M
121278,Jorge Emmanuel Torres Nilo,M
121866,Yvonne Trevino Hayek,F
123907,scar Rafael Valdz Fierro,M
123920,Alejandra Valencia Trujillo,F
125278,Daniel Vargas Osorio,M
125279,Daniel de Jess Vargas Snchez,M
125304,Ricardo David Vargas Jacobo,M
125648,Demita Vega de Lille,F
125659,Tamara Vega Arroyos,F
125738,Joselito Velzquez Altamirano,M
125760,Luis Eduardo Vlez Snchez,M
126410,Nstor Vicente Vidrio Serrano,M
126779,Juan Ramn Virgen Pulido,M
133853,Hector Hugo Zamarron Rangel,M
133858,Vanessa Martina Zambotti Barreto,F
134097,Alejandra Zavala Vzquez,F
134358,Omar Zepeda de Lon,M
135421,Goretti Alejandra Zumaya Flores,F
149,Mara Katherine Abbott,F
256,"Abdihakim ""Abdi"" Abdirahman",M
737,"Amelia Lynn ""Amy"" Acuff (-Harvey)",F
811,Natalie Cammile Adams (-Brannan),F
837,Rachael Alexis Adams,F
961,"Bradley Don ""Brad"" Adkins",M
1017,Nathan Ghar-Jun Adrian,M
1453,Nicole Ahsinger,F
1682,Morolake Akinosun,F
1683,Foluke Antinuke Akinradewo,F
1730,Monica Aksamit,F
2412,Kyle Scott Alcorn,M
2695,Nia Sifaatihii Ali,F
2838,Devon Allen,M
3141,Anita Alvarez,F
3792,Alyssa Jean Anderson,F
3820,Haley Danita Anderson,F
3845,"Matthew John ""Matt"" Anderson",M
4159,"Robert Adrian ""Robby"" Andrews",M
4505,Carmelo Kyan Anthony,M
5152,"Elizabeth ""Betsey"" Armstrong",F
5167,Kristin Ann Armstrong (-Savola),F
5372,Jenny Lyvette Arthur,F
5523,Ronnie Ash,M
5560,Whitney Jordan Ashley,F
5943,Haley Ruth Augello,F
5971,Seimone Delicia Augustus,F
6317,"Anthony Lawrence ""Tony"" Azevedo",M
6507,Howard Bach,M
6905,Ryan Bailey,M
6906,Ryan Bailey,M
6911,Tavis Bailey,M
7013,Brian Richard Baker,M
7020,Kathleen Baker,F
7021,Keshia Chantay Baker (-Kirtz),F
7030,Perry Baker,M
7208,"Carlos Zenon Balderas, Jr.",M
7545,David Banks,M
7590,Kayla Banwarth,F
7666,"Matthew ""Matt"" Baranoski",M
7705,"Akalaini ""Bui"" Baravilala",F
7956,Harrison Bryce Jordan Barnes,M
8008,McQuin Baron,M
8088,Brigetta LaShea Barrett,F
8093,Danny Barrett,M
8128,"Jennifer Mae ""Jenny"" Barringer-Simpson",F
8151,Trevor Barron,M
8173,Thomas Barrows III,M
8442,Kayla M. Bashore-Smedley,F
8818,"Dorothy Lee ""Dotsie"" Bausch (Cowden-)",F
9058,Ronald Layne Beaubien,M
9460,Elizabeth Lyon Beisel,F
9643,"Katherine ""Katie"" Bell",F
9953,"Christopher Anthony ""Chris"" Benard",M
9988,Garrett Bender,M
10175,Laura Marie Bennett (Reback-),F
10257,"Joseph ""Gunnar"" Bentz",M
10337,"Richard ""Ricky"" Berens",M
10390,Lindsey Napela Berg,F
10585,Boris Berian,M
10676,Ali Sue Bernard,F
10802,Gwen Berry,F
10876,"Kathleen ""Kate"" Bertko",F
11077,"Charles Edward ""Chas"" Betts",M
11146,Jamie Lynn Beyerle-Gray (-Corkish),F
11358,Graham Porter Biehl,M
11495,Simone Arianne Biles,F
11527,"Gregory ""Greg"" Billington",M
11618,Amanda Yvette Bingson,F
11671,"Suzanne Brigit ""Sue"" Bird",F
11769,"Andrew Thomas ""Andy"" Bisek",M
12164,"Benjamin Floyd ""Ben"" Blankenship",M
13092,Bret Bonanni,M
13322,Brent Bookwalter,M
13369,Rachel Kristine Bootsma,F
13379,Hillary Bor,M
13549,Brittany Borman,F
13969,David Alasdair Boudia,M
14250,Alex Bowen,M
14266,"Frentorish ""Tori"" Bowie",F
14287,Dennis Chester Bowsher,M
14299,Shannon Leigh Boxx,F
14489,Marvin Bracy,M
14827,Dominic Angelo Breazeale,M
15029,Morgan Paige Brian,F
15227,Allison M. Brock,F
15325,Trayvon Jaquez Bromell,M
15374,"Christopher Dean ""Chris"" Brooks",M
15385,Lance Brooks,M
15392,Tia Ra'shone Brooks,F
15493,Colton Brown,M
15560,Mackenzie Brown,F
15591,T'erea Brown,F
15604,Will Brown,M
15606,Stephanie Karenmonica Brown-Trafton,F
15614,Marcus Browne,M
15880,"Robert Charles ""Bob"" Bryan",M
15882,"Michael Carl ""Mike"" Bryan",M
15890,Kelci Marie Bryant,F
15891,Kobe Bean Bryant,M
16087,Charlie Buckingham,M
16110,Shea Martin Buckner,M
16173,Rachel Marie Buehler (-Van Hollebeke),F
16480,"Christopher Clark Burckle, Jr.",M
16733,Jordan Ernest Burroughs,M
16923,Jimmy Butler III,M
17050,Dremiel Deshon Byers,M
17159,"Donald ""Donn"" Cabral",M
17258,Erin Jane Cafaro (-McKenzie),F
17583,"Jillian Mary ""Jill"" Camarena-Williams",F
17679,Amber Campbell,F
17680,"Andrew Campbell, Jr.",M
17725,Kelsey Rene Campbell,F
17985,Christian Cantwell,M
18062,"Deborah ""Debbie"" Capozzi",F
18167,Kelsey Card,F
18354,Ryan Carlyle,F
18653,Michelle Denee Carter,F
18811,"Swintayla Marie ""Swin"" Cash",F
18976,Kristi Castlin,F
19044,Tamika Devonne Catchings,F
19057,Kelly Catlin,F
19335,"Matthew Gerald ""Matt"" Centrowitz, Jr.",M
19547,Louisa Chafee,F
19644,Miles Cleveland Chamley-Watson,M
19736,Tyson Cleotis Chandler,M
19901,Tina Alexandria Charles,F
20133,Paul Kipkemboi Chelimo,M
20351,Lauren Nicole Cheney (-Holiday),F
20503,Janet Cherobon-Bawcom,F
20599,Phillip Hung Chew,M
21270,Micah Makanamaikalani Christenson,M
21423,Clarissa Kyoko Mei Ling Chun,F
21775,Amanda Clark,F
21817,"Caroline Archer ""KK"" Clark",F
21900,Scott Tyler Clary,M
21954,"William Bundu ""Will"" Claye",M
21990,Kerron Stephon Clement,M
22002,Kyle Clemons,M
22143,Emma Jane Coburn,F
22242,Corey Cogdell-Unrein,F
22324,"Charles ""Charlie"" Cole",M
22342,Christian Coleman,M
22345,Ellis E. Coleman,M
22358,"William ""Will"" Coleman, III",M
22557,"Christopher ""Chris"" Colwill",M
22662,"John ""Jack"" Conger",M
22675,"Kimberley Frances ""Kim"" Conley",F
22829,Charles Albert Shone Conwell,M
22857,Kassidy Leigh Cook,F
23040,Kevin Cordes,M
23100,"Jacob ""Jake"" Cornelius",M
23242,Jessica Charmoore Cosby (-Toruga),F
23416,Tiana Michelle Coudray,F
23426,Natalie Anne Coughlin (-Hall),F
23497,DeMarcus Amir Cousins,M
23585,J'den Michael Tbory Cox,M
23616,"Amelia ""Amy"" Cozad",F
23640,Morgan Craft,F
23657,"Kameryn Louise ""Kami"" Craig",F
23665,Brooke Leeann Crain,F
23680,Lauren Crandall,F
23681,"Robert ""Rob"" Crane",M
23974,Ryan Crouser,M
23975,"Samuel ""Sam"" Crouser",M
24273,Julie Culley,F
24339,Logan Perry Cunningham,M
24344,Vashti Cunningham,F
24352,Luca Cupido,M
24584,"Abigail ""Abbey"" D'Agostino",F
24981,"Phillip Peter ""Phil"" Dalhausser",M
25040,"Jacob ""Jake"" Dalton",M
25609,Caryn Davies,F
25663,Desiree Nicole Davila-Linden,F
25667,"Anthony Marshon Davis, Jr.",M
25709,Lucy Davis,F
25716,Nicole Marie Davis,F
25738,Lea Davison,F
25799,Rachel Dawson,F
25817,Sharon Day (-Monroe),F
27263,Angelica Delgado,F
27330,Natalie Dell,F
27357,Elena Delle Donne,F
27380,"Cynthia ""Janay"" DeLoach (-Soukup)",F
27393,"Nicholas ""Nick"" Delpopolo",M
27513,"Jeffery ""Jeff"" Demps",M
27524,Lashinda Monique Demus,F
27630,Daniel Paul Dennis-Kengott,M
27743,DeMar Darnell DeRozan,M
27750,Eli Dershwitz,M
28305,"Joseph Pedroza Diaz, Jr.",M
28734,"Madeline Jane ""Maya"" DiRado",F
28746,Michael DiSanto,M
28820,Diamond Brittany Dixon,F
28878,Tervel Ivaylov Dlagnev,M
29292,Sam Dommer,M
29317,Claire Christine Donahue,F
29444,Logan Dooley,M
29520,Sam Dorman,M
29686,"Gabrielle Christina Victoria ""Gabby"" Douglas",F
29817,Lauren Doyle,F
29989,Caeleb Remel Dressel,M
30028,Annika Elise Madsen Dries,F
30478,"Timothy ""Timmy"" Duggan",M
30548,Troy Matthew Bek Dumais,M
30676,Crystal Alyssia Dunn,F
30713,Thomas Dunstan,M
30807,Kevin Wayne Durant,M
30869,Andrew Durutalo,M
30918,Phillip Peter Dutton,M
31012,Conor James Dwyer,M
31055,Chlo Dygert (-Owen),F
31205,Ashton James Eaton,M
31228,Jan Ebeling,M
31277,Nate Ebner,M
31687,Casey Eichfeld,M
31708,Kiana Eide,F
31782,Tracy Eisser,F
32316,"Walton Glenn Eller, III",M
32382,Taylor Ellis-Watson,F
32384,Brady Lee Ellison,M
32404,Amanda Elmore,F
32517,"Matthew D. ""Matt"" Emmons",M
32652,Whitney Elizabeth Engen,F
32779,Christina Epps,F
33079,Anthony Lee Ervin,M
33192,Marlen Esparza Puentes,F
33426,Andrew Evans,M
33610,"Joanne ""Nana"" Fa'avesi",F
33749,Anthony Louis Fahden,M
33875,Katelyn Falgowski,F
34099,Carmen Farmer,F
34131,Tyler Farrar,M
34164,Kent Farrington,M
34168,Kendrick James Farris,M
34225,Brian Fatih,M
34233,Rachel Fattal,F
34433,Stefanie Fee,F
34467,"James ""Jimmy"" Feigen",M
34551,Allyson Michelle Felix,F
34578,"Richard ""Rich"" Fellers",M
34598,Lauren Fendrick,F
34620,"Yijun ""Tom"" Feng",M
35194,Connor Evan Fields,M
35426,Mason Finley,M
35496,Aria Fischer,F
35523,Makenzie Fischer,F
35721,Shalane Flanagan (-Edwards),F
35839,Hali Flickinger,F
36056,Victoria Folayan,F
36506,Hyleas Christine Fountain,F
36557,"Rick Yutaka ""Rickie"" Fowler",M
36558,Sylvia Shaqueria Fowles,F
36650,"Zsuzsanna ""Susan"" Francia",F
36677,Phyllis Chanez Francis,F
36731,Bridget Franek,F
36785,"Melissa Jeanette ""Missy"" Franklin",F
36900,Jared Frayer,M
37090,Courtney Frerichs,F
37654,Sean Patrick Furey,M
37677,Amanda Furrer,F
38094,Geena Gall (-Lara),F
38162,"Jacqueline ""Jackie"" Galloway",F
38761,English Gardner,F
38864,Zach Garrett,M
39035,Justin Alexander Gatlin,M
39092,Scott Hunter Gault,M
39102,Terrell Gausha,M
39191,Tyson Lashane Gay,M
39440,Andrew Douglas Gemmell,M
39561,Paul George,M
39877,Andrea Geubelle,F
40132,"Jacob Spiker ""Jake"" Gibb",M
40279,Kaleigh Gilchrist,F
40709,Alisha Rebecca Glass,F
40827,Steven Lawrence Gluckstein,M
40904,Tessa Gobbo,F
41613,Melissa Ann Gonzalez,F
41720,Marquise Derell Goodwin,M
42032,"Kara Goucher (Grgas-, Wheeler-)",F
42059,Georgia Gould,F
42192,Kate Grace,F
42506,Laura Graves,F
42507,Peter Graves,M
42517,Adeline Maria Gray,F
42622,Draymond Jamal Green,M
42803,"Matthew ""Matt"" Grevers",M
42849,Kelly Griffin,F
42994,Brittney Yevette Griner,F
43081,Sarah Brooke Groff-True,F
43226,Howard Grotts,M
43470,Megan Guarnier,F
43786,Bora Gulari,M
43865,Tony Gunawan,M
43999,Nareg Guregian,M
44479,Francis Townley Haas,M
44559,Austin Hack,M
44638,Annie Haeger,F
44993,Arman Hall,M
45006,Farrah Hall,F
45017,Jonathan Hall,M
45026,Marielle Hall,F
45031,Ryan Hall,M
45098,"Benjamin ""Ben"" Hallock",M
45332,Sarah Kathryn Hammer (-Sparks),F
45525,Vincent Hancock,M
45560,Tayyiba Mumtaz Haneef-Park,F
45648,Molly Hannis,F
45684,Brendan Joseph Hansen,M
45967,"James Edward ""Trey"" Hardee, III",M
45970,"James Edward Harden, Jr.",M
46015,Jessica Adele Hardy (-Meichtry),F
46091,Christa Deanne Harmotto-Dietzen,F
46113,"Dawn Harper (-Everhart, -Nelson)",F
46207,Kayla Harrison,F
46219,Ryan Harrison,M
46266,"Michael ""Mike"" Hartfield",M
46542,Natasha Monique Hastings,F
46543,Amy Elizabeth Hastings-Cragg,F
46842,Chelsea Alicia Hayes,F
46905,"Samuel ""Sam"" Hazewinkel",M
46999,Tobin Powell Heath,F
47108,Kristin Hedstrom,F
47384,Ryan Held,M
47564,Sara Hendershot (-Lombardi),F
47578,"Jeffrey ""Jeff"" Henderson",M
47632,Paris Henken,F
47835,Jake Herbert,M
47921,David Herman,M
48041,"Lauren Zoe ""Laurie"" Hernandez",F
48058,Nico Miguel Hernandez,M
48169,Jamel Herring,M
48202,Kathleen Elizabeth Hersey,F
48478,David Higgins,M
48562,Darrell Hill,M
48581,"Kimberly ""Kim"" Hill",F
48595,"Samantha ""Sami"" Hill",F
48608,Aretha Dawn Hill-Thurmond,F
48869,"Michael ""Mike"" Hixon",M
49031,Megan Hodge,F
49109,Michael Reese Hoffa,M
49221,"Margaret ""Maggie"" Hogan",F
49394,"Rebecca ""Becky"" Holliday",F
49497,Katharine Holmes,F
49506,Russell Kenneth Holmes,M
49581,"Maxwell Philip ""Max"" Holt",M
49661,Daryl Homer,M
49807,Destinee Dante Hooker,F
49891,Lindsey Michelle Horan,F
49967,Liezel Horn-Huber,F
49980,"Christopher ""Chris"" Horner",M
49998,Tim Hornsby,M
50052,Jonathan Alan Horton,M
50176,Cyrus Dean Hostetler,M
50211,"Charles ""Charlie"" Houchin",M
50240,Shelby Houlihan,F
50288,Elliot Meyer Hovey,M
50337,Chaunte LaTasha Howard-Lowe,F
50528,Ariel Yenhua Hsing,F
50778,Molly Huddle (-Benninger),F
50788,Peter Hudnut,M
50819,"Manuel ""Manny"" Huerta Cardeas",M
50861,"David ""Dave"" Hughes",M
50875,Madison John Hughes,M
51087,Michael S Hunter,M
51120,Eric Hurd,M
51133,Courtney Lyn Hurley,F
51134,Kelley Anne Hurley,F
51304,"Timothy Julien ""Tim"" Hutten",M
51724,Andre Tyler Iguodala,M
52020,Race Alick Reid Imboden,M
52109,Emily Infeld,F
52302,Martin Iosefo,M
52321,Kristian Bettega Ipsen,M
52383,Kyrie Andrew Irving,M
52427,Isabella Isaksen (-El-Geziry),F
52429,Margaux Isaksen,F
52577,Carlin Russell Isles,M
52605,John Robert Isner,M
53283,Connor Jaeger,M
53289,"Thomas ""Tom"" Jaeschke",M
53305,Evan Reese Jager,M
53479,Grant James,M
53494,LeBron Raymone James,M
53505,Ross James,M
53789,Lacy Janson,F
54056,Jessica Javelet,F
54319,Terrence DeAndre Jennings,M
54695,Carmelita Jeter,F
54731,Kanak Jha,M
55052,Charles Jock,M
55332,Ashleigh Johnson,F
55345,Carrie Ann Johnson (-Gubser),F
55372,Felisha Johnson,F
55406,Kathryn Johnson,F
55416,Kibw Rasheid Johnson,M
55461,Steele Alexander Johnson,M
55463,Steve Johnson,M
55486,Alysia Johnson-Montao,F
55498,"Abigail Louise ""Abby"" Johnston",F
55515,Julie Beth Johnston (-Ertz),F
55616,Asjha Takera Jones,F
55640,Cullen Andrew Jones,M
55695,"Lori ""Lolo"" Jones",F
55874,"Hyland DeAndre Jordan, Jr.",M
55916,Gwen Rosemary Jorgensen (-Lemieux),F
56076,Kara Lynn Joyce,F
56401,"Kenneth ""Ken"" Jurkowski",M
56887,Chase Tyler Kalisz,M
56934,Megan Elizabeth Kalmoe,F
57081,"Jacob Robert ""Jake"" Linde-Kaminski ",M
57265,Alisa Kano,F
57297,Ben Kanute,M
57777,"Alexander ""Alex"" Karwoski",M
57788,Devery Karz,F
57878,Michelle Plourde Kasold,F
57905,"Stephen ""Steve"" Kasprzyk",M
58405,"Mebrahtom R. ""Meb"" Keflezighi",M
58607,Weston Seth Kelsey,M
58608,Leyla Alev Kelter,F
58654,Hunter Craig Kemper,M
58688,Sam Kendricks,M
58933,Reed Kessler,F
58936,"Jennifer Anne ""Jen"" Kessy",F
58994,Madison Keys,F
59588,Lee Kiefer,F
59596,Lauren Kieffer,F
59744,Mary Killman,F
60405,"David Pretrell ""Trell"" Kimmons",M
60479,Edward King,M
60494,Lilly King,F
60499,Morghan Whitney King,F
60565,Craig Kinsley,M
60572,"Jaclyn Elisabeth ""Jackie"" Kintzer-Briggs",F
60588,Shadrack Kipchirchir,M
60606,Shalaya Kipp,F
60917,"George Washington Kitchens, Jr.",M
61293,Meghan Elizabeth Klingenberg,F
61494,Bianca Knight,F
61812,Madison Taylor Kocian,F
61977,Kara Michelle Kohler,F
62260,Kelsey Kolojejchick,F
62449,Josh Konieczny,M
62604,Tina Magdalena Konyot,F
62791,Leonard Essau Korir,M
62854,Mariya Koroleva,F
63392,"Joseph Mathias ""Joe"" Kovacs",M
63560,Lucas Kozeniesky,M
64032,"Alexandra Blaire ""Ali"" Krieger",F
64310,Cassidy Krug,F
64316,"Alfred George ""A. G."" Kruger",M
64576,"Matthew Gregory ""Matt"" Kuchar",M
64637,Denis Kudla,M
64786,Ariana Kukors,F
65464,Khatuna Kvrivishvili-Lorig,F
65542,"Erik Kynard, Jr.",M
65704,"Nicholas ""Nick"" LaCava",M
65854,Bernard Kipchirchir Lagat,M
66131,Stephen Lambdin,M
66177,"Richard Edward ""Rich"" Lambourne",M
66589,Giuseppe Lanzone,M
66615,Chay Thomas Burdet Lapin,M
66707,"Jeffrey ""Jeff"" Larimer",M
66853,Breeja Larson,F
66861,Jordan Quinn Larson-Burbach,F
67047,Grace Latz,F
67059,Claire Laubach,F
67326,Maya Lawrence,F
67327,Micah Lawrence,F
67357,Jarrion Lawson,M
67558,"Robert ""Bobby"" Lea",M
67746,"Kathleen Genevieve ""Katie"" Ledecky",F
67839,David Cameron Lee,M
67867,Eva Lee,F
68232,Miranda Leek,F
68693,Karen Lende O'Connor,F
68843,Varvara Petrovna Lepchenko,F
68844,Amy Elizabeth LePeilbet,F
68847,Marion Lepert,F
68921,Sydney Rae Leroux (-Dwyer),F
69016,Justin Dashaun Lester,M
69134,Caitlin Leverenz,F
69258,Stacy Lewis (-Chadwell),F
69271,Gia Gerisha Lewis-Smallwood,F
69285,Danell Johan Leyva Gonzalez,M
69288,Jason Edward Lezak,M
69819,Sarah G. Lihan,F
70035,Caroline Lind,F
70498,Jay Litherland,M
70843,Carli Anne Lloyd (-Hollins),F
70844,Carli Ellen Lloyd,F
70965,Ryan Steven Lochte,M
71013,Esther Ruth  Lofgren,F
71034,"Eleanor ""Elle"" Logan",F
71169,Lopez (Lopepe-) Lomong,M
71191,"Alexandra Linsley ""Allie"" Long",F
71205,"Nicholas James ""Nic"" Long",M
71341,Diana Lopez,F
71467,Steven Lopez,M
71621,Paul Michael Lotman,M
71682,Christina Loukas,F
71729,Kevin Wesley Love,M
71788,"Daniel ""Dan"" Lowe",M
71799,Karsta Lowe,F
71822,Kyle Lowry,M
72023,"Nicholas ""Nick"" Lucena",M
72072,Grace Luczak,F
72612,Adrienne Lyle,F
73175,"Elizabeth ""Beezie"" Madden (Patton-)",F
73221,Tianna Madison-Bartoletta,F
74135,"Martilou ""Marti"" Malloy",F
74177,Maggie Malone,F
74197,Joe Maloy,M
74297,"Ronell Joshua ""Josh"" Mance",M
74434,Spenser Thomas Mango,M
74435,Holley Mangold,F
74477,Alyssa Manley,F
74485,John Devlin Mann,M
74639,Simone Ashley Manuel,F
74659,"Leonel Ernesto ""Leo"" Manzano",M
74950,Melanie Margalis,F
75262,McKayla Rose Maroney,F
75285,Helen Louise Maroulis,F
75468,Adrienne Elizabeth  Martelli,F
75538,Boyd Martin,M
75698,Brenda Martinez,F
76230,Alexander Chen Massialas,M
76407,Courtney Lynn Kaiulani  Mathewson,F
76644,Bethanie Lynn Mattek-Sands,F
76947,Misty Erie May-Treanor,F
76993,Mikaela Joslin Mayer,F
77390,Francena Lynette McCorory,F
77394,Angel Lajuane McCoughtry,F
77416,"Nicholas Montgomery ""Nick"" McCrory",M
77425,Conor McCullough,M
77508,Devin McEwan,M
77543,Natalie McGiffert,F
77547,Tyler Tennant McGill,M
77607,Christina McHale,F
77730,David William McKienzie,M
77782,Sydney McLaughlin,F
77797,"Matthew ""Matt"" McLean",M
77870,Chantae McMillan,F
77907,"Stuart ""Stu"" McNay",M
77932,Michael McPhail,M
77939,Inika McPherson,F
77940,Paige Arielle McPherson,F
77950,Tony McQuay,M
77983,Hassan Mead,M
78267,"Catherine Michelle ""Katie"" Meili",F
78281,Gerek Lin Meinhardt,M
78531,Miranda Melville,F
78583,Mark Stephen Mendelblatt,M
78962,Aries D'Andre Merritt,M
78964,LaShawn Merritt,M
79184,"Alexander ""Alex"" Meyer",M
79447,Maria Lynn Michta-Coffey,F
79722,"Samuel Anthony ""Sam"" Mikulak",M
79793,Derek H. Miles,M
79803,Emil Ivanov Milev,M
79881,Cody Miller,M
79922,"Matthew ""Matt"" Miller",M
79943,"William ""Will"" Miller",M
79945,Heather Miller-Koch,F
80419,Manteo Mitchell,M
80421,Maurice Mitchell,M
80522,Heather Blaine Mitts (-Feeley),F
80597,Tamari Miyashiro,F
81160,Frank Aniello Molinaro,M
81162,Georganne Rochelle Moline,F
81538,Clark Montgomery,M
81671,Maya April Moore,F
81684,Trevor Walton Moore,M
81902,"Timothy Frank ""Tim"" Morehouse",M
82008,"Alexandra Patricia ""Alex"" Morgan",F
82257,"Joseph ""Joe"" Morris",M
82271,Sandi Morris,F
82418,Merrill Moses,M
82697,"Nickolaus ""Nick"" Mowrer",M
82865,Felice Mueller,F
82900,Dalilah Muhammad,F
82901,Ibtihaj Muhammad,F
83307,"Robert ""Rob"" Munn",M
83514,Clayton Murphy,M
83534,Kelly Murphy,F
83545,Ryan Murphy,M
83692,Meghan Musnicki,F
83703,"Madeline ""Maddie"" Musselman",F
84014,"Alexander Michael ""Alex"" Naddour",M
84586,Tyler Nase,M
84965,Lia Neal,F
84982,Amber L. Neben (Parkinson-),F
85037,Ashley Nee,F
85178,Bryshon Lorenzo Nellum,M
85507,Kiley Neushul,F
85564,"William ""Will"" Newell",M
85574,Brett Patrick Newlin,M
85814,Caroline Nichols,F
85816,Jennifer L. Nichols,F
85817,"Julia Kathryn ""Julie"" Nichols",F
86113,"James Earl ""Jamie"" Nieto",M
86571,Folau Moeloa Niua,M
87356,John Hamilton Nunn,M
87436,Barbara Udoezi Nwaba,F
87691,Paula Lynn Parrocho  Obanana,F
87764,Alex Obert,M
87911,Glenn Ochal,M
87956,"Kathleen ""Katie"" O'Donnell-Bam",F
88226,Kelley Maureen O'Hara,F
88373,"Samuel ""Sam"" Ojserkis",M
88474,Courtney Okolo,F
88555,Meghan O'Leary,F
88638,Shelley Olds (-Evans-),F
89324,Heather Ann OReilly (-Werry),F
89439,Keturah Orji,F
89509,John Orozco,M
89700,"Alexander Rahnasto ""Alex"" Osborne",M
90604,Caleb Paine,M
91649,Candace Nicole Parker (-Williams),F
91663,Jason Alan Parker,M
91769,Jessica Parratto,F
91812,Scott Parsons,M
91882,Pedro Pascual Suitt,M
92027,Lydia Paterson,F
92105,Casey Patterson,M
92125,Kara Estelle Patterson-Winger,F
92134,Darvis Darell Patton,M
92158,"Christopher Emmanuel ""Chris"" Paul",M
92507,Christie Patricia Pearce-Rampone,F
92531,Jacob Pebley,M
93163,Lauren Perdue,F
93605,Kasey Perry-Glass,F
93765,"Thomas ""Tom"" Peszek",M
93840,Steffen Peters,M
94040,Heather Petri,F
94406,"Michael Fred Phelps, II",M
94505,Taylor Phinney,M
94712,"Wesley ""Wes"" Piermarini",M
94713,Blake Pieroni,M
94882,Gerina Michelle Piller (Mendoza-),F
95002,Ben Pinkelman,M
95168,Elena Sergeyevna Pirozhkova,F
95532,David Edward Plummer,M
95862,Amanda Polk,F
96020,Sattawat Pongnairat,M
96315,"Jeffrey Issack ""Jeff"" Porter",M
96399,Alise Rose Post,F
96488,Jillion Paige  Potter,F
96651,"Jeffrey Brian ""Jeffy"" Powers",M
96737,Jenna Prandini,F
96857,Robin Prendes,M
96858,Josh Prenot,M
96874,Nzingha Prescod,F
96878,Christen Annemarie Press,F
96938,DeAnna Marie Price,F
96957,William Reid Priddy,M
97249,Briana Provancha,F
97256,"Benjamin Errol ""Ben"" Provisor",M
97313,Jason Pryor,M
97428,Mallory Diane Pugh,F
97840,Caroline Queen,F
97895,Colleen Quigley,F
98410,Paige Railey,F
98411,"Zachary Scott ""Zach"" Railey",M
98437,"Alexandra Rose ""Aly"" Raisman",F
98552,Rajeev Ram,M
98652,Jose Carlos Ramirez,M
98926,Megan Anna Rapinoe,F
99273,Lisa Raymond,F
99516,Jennie Idell Reed (-Madden),F
99522,Patrick Nathaniel Reed,M
99538,Brittney Davon Reese,F
99568,Emily Regan,F
99815,Julia Reinprecht,F
99816,"Katherine ""Katie"" Reinprecht",F
100315,"Kimberly Susan ""Kim"" Rhode (-Harryman)",F
100516,Sanya Richards-Ross,F
100537,Jason Alexander Richardson,M
100588,Joshua Richmond,M
101075,Taylor Ritzel,F
101077,Dathan James Ritzenhein,M
101292,Gil Roberts,M
101381,Ricky Robertson,M
101421,Byron Robinson,M
101454,Kelsey Robinson,F
101455,Khadevis Kekoai Tobi Robinson,M
101488,Sarah Elizabeth Robles,F
101602,"Andrew Stephen ""Andy"" Roddick",M
101632,"Michael ""Mike"" Rodgers",M
101708,Amy Joy Rodriguez (-Shilling),F
101894,Alex Roelse,M
101972,Todd Jonathan Rogers,M
102103,Monica Rokhman,F
102175,Brianna Rollins,F
102289,Jarred Daniel Rome,M
102441,Sean Michael Rooney,M
102621,Sean Michael Rosenthal,M
102679,April Elizabeth Ross,F
102697,Kyla Briana Ross,F
102703,Nicole Ross,F
103025,Shannon Nicole Rowbury,F
103456,Kelly Kristen Rulon,F
103469,Henrik Rummel,M
103490,Cierra Runge,F
103528,Galen Rupp,M
103595,Aaron Russell,M
103608,Gary Antuanne Russell,M
103801,Sean Ryan,M
105061,"Joshua ""Josh"" Samuels",M
105311,Taylor Sander,M
105334,Keith Sanderson,M
106107,"Rebecca Elizabeth ""Becky"" Sauerbrunn",F
106138,Raven Saunders,F
106446,"Susannah ""Susie"" Scanlan",F
106765,Sarah Scherer,F
107024,Lauren Schmetterling,F
107073,Alice Schmidt (-Kehaya),F
107185,Allison Rodgers Schmitt,F
107528,Nathan Schrimsher,M
107670,"Samuel ""Sam"" Schultz",M
107983,Coleman Lewis Scott,M
108008,Jeremy Richard Scott,M
108033,Danielle Raquel Scott-Arruda,F
108063,Helena Scutt,F
108313,Melissa Seidemann,F
108440,Paige Selenski,F
109186,Kristen Shaldybin,F
109240,Eric Lee Shanteau,M
109289,Kathleen Sharkey,F
109336,Corben Sharrah,M
109476,"Enkelejda Shehu (-Xhakaj, -Bekurti)",F
109673,Jay Shi,M
109724,Claressa Maria Shields,F
109727,"Thomas Allen ""Tom"" Shields",M
109967,Erik Thomas Shoji,M
109968,Kawika Shoji,M
110041,Howard Shu,M
110079,Margot Shumway,F
110718,Kerry Simmonds,F
110724,Cale Simmons,M
112220,Clark Smith,M
112232,David Michael Smith,M
112302,Jesse Aaron Smith,M
112334,Leah Smith,F
112378,"Robert Timothy David ""Robby"" Smith",M
112448,Keli Smith-Puzo,F
112458,Amanda Jo Smock (Thieschafer-),F
112471,Michal Smolen,M
112475,Olivia Smoliga,F
112592,Katelin Snyder (-Guregian),F
112593,Kyle Frederick Snyder,M
112686,Jack Sock,M
112953,Hope Amelia Solo (-Stevens),F
112965,Duane Renard Solomon,M
113169,Rebecca Soni,F
113711,"Jeffrey Kimball ""Jeff"" Spear",M
113712,"Wallace Spearmon, Jr.",M
113747,Errol Spence,M
113763,Ashley Spencer,F
114172,Silas Newby Stafford,M
114352,"Clayton Iona ""Clay"" Stanley",M
114707,Jessica Marie Steffens,F
114708,"Margaret Ann ""Maggie"" Steffens",F
114990,Richelle Stephens,F
114991,Sloane Stephens,F
115043,Suzanne Stettinius,F
115071,Deajah Stevens,F
115074,Evelyn Lee Stevens (-Baker),F
115095,Travis Stevens,M
115113,Shakur Stevenson,M
115132,Breanna Mackenzie Stewart,F
115459,"Genevra ""Gevvie"" Stone",F
115487,Erik Storck,M
115894,Hans Struzyna,M
115949,"Jennifer ""Jenn"" Stuczynski-Suhr",F
116121,Jamie Chen Subandhi,F
116742,Chloe Elizabeth  Sutton,F
116791,Donald Suxho,M
117088,Brooke Sweat (Youngquist-),F
117246,"Nicholas ""Nick"" Symmonds",M
117402,Daryl Lee Szarenski,M
117854,Jeremy Taiwo,M
118183,Lauren Tamayo (Franges-),F
118634,Jeneba Sylvia Tarmoh,F
118668,Davis Edward Tarwater,M
118778,Diana Lurena Taurasi,F
118855,"Angelo F. Taylor, Jr.",M
118870,Christian Taylor,M
118943,Shannon Taylor,F
119024,"Matthew ""Matt"" Tegenkamp",M
119377,"Zachary ""Zack"" Test",M
119672,Jesse David Thielke,M
119755,"Nicholas Brewer ""Nick"" Thoman",M
119895,Courtney Lynn Thompson,F
119906,Frank Thompson,M
119932,Klay Alexander Thompson,M
119934,"Alexis ""Lexi"" Thompson",F
119955,Soren Hunter Miles Sussman Thompson,M
120076,Brian Charles Thornton,M
120121,"Virginia ""Ginny"" Thrasher",F
120451,Michael DeLorean Tinsley,M
120849,Logan Maile Lei Tom,F
120928,Ellen Tomek,F
121655,Amy Tran-Swensen,F
122077,"De'Hashia Tonnek ""DeeDee"" Trotter",F
122089,Sarah Trowbridge,F
122093,Murphy Edward Troy,M
122163,Katarzyna Trzopek,F
122634,Anna Tunnicliffe (-Funk),F
122784,Jason Turner,M
123046,Morgan Uceny,F
123173,Lisa Uhl (Koll-),F
123331,"Quanita ""Queen"" Underwood",F
123370,"Kisi Keomaka ""Maka"" Unufe",M
123392,Eric Allan Uptagrafft,M
123393,Sandra Uptagrafft (Utasy-),F
123943,Jennifer Valente,F
124590,Tejay van Garderen (Vangarderen-),M
124914,Caitlin Van Sickle,F
125057,Molly Brigid Vandemoer (O'Bryan-),F
125083,Peter William Vanderkaay,M
125106,"Colleen Mullarkey (Colleen Hutchins-) ""CoCo"" Vandeweghe (-Mullarkey)",F
125236,Peter Dale Varellas,M
125276,Antonio Vargas,M
125337,"Jacob Stephen ""Jake"" Varner",M
125382,"Kirill ""Kyle"" Vashkulat",M
125532,Shelbi Vaughan,F
125943,David Verburg,M
126580,Brenda Villa,F
126759,Savannah Vinsant,F
126767,Brittany Ann Viola,F
126899,Michelle Vittese,F
126963,"Zachary ""Zach"" Vlahos",M
127216,Dana Whitney Vollmer (-Grant),F
127624,Shannon Vreeland,F
128088,Brad Walker,M
128285,Kerri Lee Walsh Jennings,F
128361,"Mary Abigail ""Abby"" Wambach",F
128473,Iris Wang,F
128548,Rena Wang,F
128574,Timothy Aaron Wang,M
128717,Jared Ward,M
128724,McLain Ward,M
128796,Rau'Shee Warren,M
128935,"James David ""Jimmy"" Watkins",M
128954,"Gerry Lester ""Bubba"" Watson, Jr.",M
129082,Ameer Kenneth Webb,M
129231,"Alexis ""Lexi"" Weeks",F
129349,Seth Weil,M
129402,Amanda Jo Weir (-Davis),F
129450,Anders Weiss,M
129476,Abbey Weitzeil,F
129536,Kellie Wells,F
129548,Todd Wells,M
129580,Scott William Weltz,M
129627,Lauren Ashley Wenger (-Trapani),F
129792,"Russell Westbrook, Jr.",M
129913,Lindsay Marie Whalen,F
129924,Andrew Wheating,M
129959,Mary Rebecca Whipple,F
130066,Ryan Keith Whiting,M
130188,Jordyn Marie Wieber,F
130442,Jordan Wilimovsky,M
130535,Doris Eva Willette,F
130566,Chrishuna Williams,F
130580,Deron Michael Williams,M
130607,James Leighman Williams,M
130612,Jesse Daniel Williams,M
130623,Kendell Williams,F
130626,Lauryn Chenet Williams,F
130667,Serena Jamika Williams,F
130696,Venus Ebony Starr Williams,F
130730,"Robert ""Bob"" Willis",M
130774,Aje Wilson,F
130957,Elsie Windes,F
131006,Rudy Winkler,M
131151,Jill Witmer,F
131532,Chloe Woodruff,F
131614,Kelsi Worrell,F
131654,Dagmara Wozniak (Woniak-),F
131681,Adam Perry Wright,M
131783,Erica Wu,F
131789,"Yue ""Jennifer"" Wu",F
131856,Jacob Wukie,M
131937,"Christopher Thomas ""Chris"" Wyles",M
133199,"Donald Oliver Young, Jr.",M
133211,Isiah Young,M
133213,Jason Edwin Young,M
133218,Katrina Young,F
133528,Rachel Yurkovich,F
133659,Katie Zaferes (Hursey-),F
133685,Mariel Leigh Zagunis,F
134271,Sarah Zelenka,F
134337,Laura Yihan Zeng,F
134388,Julie Ashley Zetlin,F
134508,Lily Ann Zhang,F
134730,Jiaqi Zheng,F
134938,Kate Marie Ziegler,F
134960,"Zachery ""Zach"" Ziemek",M
14795,Osmar Bravo Amador,M
18884,Lucia Castanyeda Gomez,F
23217,Edgar Alejandro Cortez Espinoza,M
65705,Rafael Antonio Lacayo Paladino,M
78553,Miguel ngel Mea Peralta,M
78826,Scarleth Elizabeth Mercado Lpez,F
87350,Yasser Omar Nez Mungua,M
101747,Erick Rodrguez Lezcano,M
121308,Dalia Masiel Trrez Zamora,F
132179,Ingrid Yahoska Narvaez,F
4479,Dra Antal,F
6482,Tmea Babos,F
6629,Pter Bcsi,M
6633,Imre Balzs Bacskai,M
6969,Balzs Baji,M
7354,Gbor Balog,M
8222,Nra Barta,F
10133,Barbara Benk,F
10326,Zsombor Berecz,M
10614,Krisztin Berki,M
10737,Pter Bernek,M
11319,Bence Bicz,M
11725,Pter Biros,M
12574,Gbor Gyula Boczk,M
12575,Dorina Bczg,F
12771,Richrd Bognr,M
12846,Richrd Bohus,M
13016,Flra Bolonyai,F
13378,Barna Bor,M
16280,Barbara Bujka,F
19281,Benjmin Ceiner,M
21112,Sra Cholnoky,F
21673,Mikls Cirjenics,M
24067,Dra Csabai,F
24083,Gbor Csszr,M
24093,"Lszl Cseh, Jr.",M
24103,Gspr Csere,M
24111,va Csernoviczki,F
24125,Tamara Csipes,F
24134,Lszl Csoknyai,M
24138,Zsfia Katalin Csonka,F
24542,Eszter Czkus,F
24564,Dra Czigny,F
25340,Eszter Dara,F
26826,Marcell Dek Nagy,M
26827,Mihly Dek-Brdos,M
26919,dm Jozsef Decker,M
26922,Attila Decker,M
26949,Tams Decsi,M
27464,Bence Demeter,M
27893,Dina Detre,F
29229,Rudolf Dombi,M
29663,Natasa Douchev-Janics,F
29942,Rita Drvucz,F
30380,Mikls Duds,M
31617,Viktria Egri,F
32830,Balzs Erdlyi,M
32833,Zsfia Erdlyi,F
32842,Mria rdi,F
33870,Gbor Faldum,M
34354,Nndor Fazekas,M
34357,Krisztina Fazekas Zur,F
36063,Dvid Fldhzi,M
36064,Zsfia Fldhzi,F
37855,ron Gdorfalvi,M
38351,Edina Gangl,F
39704,Csaba Gercsk,M
41406,Flra Piroska Gondos,F
42475,Benjmin Grtz,M
43845,Pter Gulys,M
44380,Rka Gyrgy,F
44410,Dniel Gyurta,M
44411,Gergely Gyurta,M
44855,Jonatn Dniel Hajdu,M
45922,Balzs Hrai,M
45957,Zoltn dm Harcsa,M
46238,Gergely Jnos Harsnyi,M
46581,Gbor Hatos,M
47389,Mt Helebrandt,M
48442,Vid Hidvgi,M
48788,Zsolt Hirling,M
49538,Pter Holoda,M
50080,Dvid Horvth,M
50149,Norbert Hosnynszky,M
50170,Katinka Hossz,F
50838,Tibor Hufngel,M
51877,Anna Krisztina Ills,F
51911,Ferenc Ilys,M
52053,Gza Imre,M
52751,Gerg Ivncsik,M
53373,"Zsuzsanna ""Zsu"" Jakabos",F
53666,Rka Luca Jani,F
55853,Abigl Jo,F
56090,Gbor Jzsa,M
56211,Adrin Juhsz,M
56218,Vanda Juhsz,F
56964,Anik Klovics,F
57096,Zoltn Kammerer,M
57315,Boglrka Kaps,F
57437,Hedvig Karakas,F
57814,Tams Kss,M
57877,Orsolya Kas,F
57943,Rbert Kasza,M
57964,Gyula Kt,M
58291,Tams Kazi,M
58684,Tams Kenderesi,M
58894,Ajna Evelin Ksely,F
58947,Rita Keszthelyi,F
60793,Gbor Kis,M
60794,Gerg Kis,M
60834,Balzs Kiss,M
60837,Dniel Kiss,M
60844,"Gergely ""Gerg"" Kiss",M
60864,Szofi Kiss,F
60874,Hanna Anna Kisteleki,F
61435,Edina Monika Knapek,F
62076,Roland Kkny,M
62650,Blint Kopasz,M
62807,Vill Gyngyvr Kormos,F
63373,Barbara Kovcs,F
63400,Katalin Kovcs,F
63413,Sarolta Kovcs,F
63414,Tams Kovcs,M
63419,Zsfia Kovcs,F
63420,Zsfia Kovcs,F
63428,Zoltn Kvg,M
63543,Danuta Kozk,F
63600,Dominik Kozma,M
64134,Garda Krisztina,F
64184,Xnia Krizsn,F
64682,Attila Kugler,M
64835,Tams Kulifai,M
65194,Lajos Imre Krthy,M
66095,Balzs Laluska,M
68571,Mt Lkai,M
69795,Dniel Ligeti,M
71566,Tams Lrincz,M
71567,Viktor Lrincz,M
71717,Petra Lovas,F
71718,Krisztin Lovassy,M
73160,Norbert Madaras,M
73164,Tams Madarsz,M
73165,Viktria Madarsz,F
74445,Krisztin Pter Manhercz,M
75266,dm Marosi,M
75934,Anita Mrton,F
75935,Anna Mrton,F
78579,"Katalin Mria ""Kata"" Menczinger",F
79081,Anett Mszros,F
79604,Rbert Mike,M
79694,Roland Mikler,M
80128,Albert Minczr,M
80353,Julianna Miskolczi,F
80778,Tams Mocsai,M
80802,Pter Mdos,M
80887,Aida Gabriella Mohamed,F
81226,kos Molnr,M
81238,Flra Molnr,F
81251,Pter Molnr,M
83759,gnes Mutina,F
84177,Lszl Zoltn Nagy,M
84185,Pter Nagy,M
84194,Viktor Nagy,M
85269,Zsanett Nmeth,F
88600,Anna Greta Olasz,F
89358,va Orbn,F
91280,Krisztina Papp,F
91285,Mrk Papp,M
91787,Krisztin Pars,M
91827,Andrs Parti,M
92093,dm Pattantys,M
92228,Dniel Pauman,M
93018,Istvn Pni,M
93285,Carlos Enrique Reinaldo Prez,M
93945,Bendegz Pl Ptervri-Molnr,M
96427,Georgina Pta,F
96600,Eszter Povzsay,F
97481,Bence Pulai,M
97649,Barna Putics,M
98096,Sndor Rcz,M
98512,Beta Rakonczai,F
99057,Kristf Rasovszky,M
99444,Rita Rcsei,F
99485,Andrs Rdli,M
101041,va Risztov,F
105840,Laura Srosi,F
105962,Marianna Sastin,F
107598,Timuzsin Schuch,M
108114,Dalma Sebestyn,F
110192,Pter Sidi,M
110763,Bla Simon,M
113034,Pter Somfai,M
113062,Tams Somorcz,M
114071,Mikls Srp,M
114845,dm Steinmetz,M
117308,Norbert Szabin,M
117312,Attila Szab,M
117315,Barbara Szab,F
117322,Gabriella Timea Szab,F
117354,Tnde Szab,F
117407,Emese Judit Szsz,F
117414,gnes Szvay,F
117444,Zoltn Szcsi,M
117460,Dorina Szekeres,F
117474,Domonkos Szll,M
117523,ron Szilgyi,M
117529,Lilina Szilgyi,F
117540,Mrton Szivs,M
117610,Anna Sztankovics,F
117624,Gabriella Szcs,F
117890,Krisztin Takcs,M
117891,Orsolya Takcs,F
118750,Mikls Ttrai,M
119073,dm Tams Telegdy,M
120622,Renta Tobai Sike,F
121378,Adrienn Tth,F
121384,Dvid Tth,M
121397,Ildik Tth,F
121407,Krisztin Tth,M
121408,Krisztina Tth,F
121416,Tams Tth,M
121424,Sndor Ttka,M
123355,Mikls Ungvri,M
123744,Attila Vadkerti,M
123747,Benjamin Vadnai,M
123816,Attila Sandr Vajda,M
124125,Mrton Gyrgy Vmos,M
125122,Margit Vanek,F
125245,Dniel Rudolf Varga,M
125247,Dnes Andor Varga,M
125262,Mikls Varga,M
125267,Tams Varga,M
125268,Tams Varga,M
125363,Henrik Vasbnyai,M
125894,Bence Venyercsn,M
125979,Istvn Verb,M
126116,David Verraszt,M
126117,Evelyn Verraszt,F
133822,Gerg Zalnki,M
135312,Gyrgyi Zsivczky-Farkas,F
135328,Szabolcs Zubai,M
135526,Dniel Zwickl,M
445,Endurance Abinuwa,F
446,Bode Abiodun,M
459,Bukola Dammy Abogunloko,F
902,Odunayo Folasade Adekuoroye,F
924,Aminat Oluwafunmilayo Adeniyi,F
942,Moriam Seun Adigun,F
1548,Efe Ajagba,M
1551,"Oluwafemi ""Junior"" Ajayi",M
1577,Muideen Akanji,M
1687,Jonathan Akinyemi,M
1701,"Joshua Emmanuel ""Josh"" Akognon",M
1716,Daniel Akpeyi,M
1757,Noah Akwu,M
3326,Eyawomano Doreen Amata,F
3444,Al-Farouq Ajiede Aminu,M
3445,"Abdul Wahab ""Alade"" Aminu",M
3560,Oluwatobiloba Ayomide Amusan,F
3561,Stanley Amuzie,M
4933,"Aniekan Okon ""Koko"" Archibong",M
5405,Quadri Aruna,M
5723,Gloria Asumnu,F
6352,Okechukwu Godson Azubuike,M
7435,Margaret Bamgbose,F
13035,Sinivie Boltic,M
15729,Ese Brume,F
21408,Chika Yagazie Chukwumerije,M
24825,"Adeola Adedokun ""Ade"" Dagunduro",M
25191,Amas Daniel,M
25194,Emmanuel Shinkut Daniel,M
28330,Andrew Adibo Dick,M
28688,"Ikechukwu Somtochukwu ""Ike"" Diogu",M
31379,Offiong Edem,F
31629,Ogho-Ogene Omano Egwero,M
31869,Felix Ekpo,M
32484,Peter O. Emelieze,M
32786,Orukpe Eraiyokan,M
32859,Ebi Ere,M
33002,Saturday Keigo Erimuya,M
33356,Oghenekaro Peter Etebo,M
33592,Imoh Ezekiel,M
39245,Stanley Gbagbeke,M
39248,Michael Patrick Gbinije,M
39468,Miesinnei Mercy Genesis,F
39560,Patience Okon George,F
39564,Regina George Grause,F
48419,Antwon Toritseju Hicks,M
51526,Ekene Chukwu Brian Ibekwe,M
67289,Lukmon Lawal,M
67293,"Olaseni Abdul-Jelili ""Shane"" Lawal",M
73279,Jennifer Madu,F
73280,Kingsley Madu,M
79126,Joseph Obinna Metu,M
79607,"John Michael Nchekwube Obinna ""John Mikel Obi"" Mikel",M
80939,Isah Adam Mohammad,M
82346,Amaechi Morton,M
82737,Stephen Ogochukwu Ogochukwu Mozia,M
82908,Usman Edu Muhammed,M
87400,Selim Nurudeen,M
87699,Derrick Osamuyi Obasohan,M
87781,Amarachi Favour Obiajunwa,F
87809,Blessing Oborududu,F
87988,Tega Peter Odele,M
88034,Ejowvokoghene Divine Oduduru,M
88036,"Muizat Ajoke ""AJ"" Odumosu Alademerin",F
88163,Andy Ogide,M
88187,Amaka Ogoegbunam,F
88189,Edith Ogoke,F
88201,Chamberlain Nnaemeka Oguchi,M
88209,"Adeseye Akinola ""Seye"" Ogunlewe",M
88404,Blessing Okagbare (-Ighoteguonor),F
88445,Tosin Oke,M
88481,Chinwe Okoro,F
88546,Nwanneka Mariauchenna Okwelogu,F
88585,"Olumide ""Olu"" Olamigoke",M
89096,Omolara Omotosho,F
89313,Samson Samuel Opuakpo Forcados,M
89631,Richard Dean Oruche,M
89694,"Oludamola Bolanle ""Damola"" Osayomi",F
89695,Agnes Osazuwa (-Olatunji),F
89696,Uhunoma Naomi-Pauline Osazuwa,F
89750,"Olufunke ""Funke"" Oshonaike (-Irabor)",F
90036,Idara Otu,F
90270,Olumide Oyedeji,M
103309,Hannah Amuchechi Rueben,F
104767,Popoola Sodiq Saliu,M
109475,Abdullahi Shehu,M
110954,Seth Muenfuh Sincere,M
111657,"Anthony Oludewa Jeffrey ""Tony"" Skinn",M
118176,Soso Tamarau,M
121054,Rechael Tonjor,F
121162,Segun Moses Toriola,M
122045,William Troost-Ekong,M
123087,Ndifreke Effiong Udo,M
123093,Christy Udoh,F
123156,Ejike Christopher Ugboaja,M
123204,Miles Ukaoma,M
123211,Chierika Ukogu,F
123294,Aminu Umar,M
123295,Sadiq Umar,M
123304,Michael Daniel Chukwuma  Umeh,M
123578,Mariam Usman,F
123679,"Benjamin Chukwukelo ""Ben"" Uzoh",M
105,Ilyas Abbadi,M
239,Ayoub Abdellaoui,M
249,Mouni Abderrahim,F
493,Rabah Aboud,M
685,Dallal Merwa Achour,F
1514,Tassadit Assou,F
1516,Rachid Ait Atmane,M
1527,Souad At Salem (-Mahour-Bacha),F
5689,Sonia Asselah,F
9531,Katia Belabbas,F
9532,Mohamed Khaled Belabbas,M
9589,Mohammed El-Amine Belferar,M
9618,Haris Belkebla,M
9930,Meziane Ben Tahar,M
9945,Tarek Aziz Benaissa,M
9948,Abderrahmane Benamadi,M
9966,Reda Benbaziz,M
9968,Abdelhafid Benchabla,M
9985,Sofiane Bendebka,M
10092,Abdelraouf Benguit,M
10130,Mohammed Benkablia,M
10132,Mohamed Benkhemassa,M
10210,Zohra Bensalem,F
11065,Amina Bettiche,F
11321,Walid Bidani,M
13901,Chafik Bouaoud,M
13947,Hicham Bouchicha,M
13971,Sid Ali Boudina,M
13973,Adem Boudjemline,M
13985,Farah Boufadene,F
14014,Safia Boukhima,F
14050,Chouaib Bouloudinats,M
14069,Baghdad Bounedjah,M
14086,Hamza Bouras,M
14119,Mohamed Abdeldjalil Bourguieg,M
14123,Celia Bourihane,F
14143,Larbi Bourrada,M
14212,Lyes Bouyacoub,M
14551,Samir Brahimi,M
19508,Farid Chaal,M
19536,Abdelkader Chadi,M
20443,Imne Ouneissa Cherif Sahraoui,F
24899,Kenza Tifahi Dahmani,F
25364,Oussama Darfalou,M
27503,Abdelghani Demmou,M
29927,Zakaria Draoui,M
32195,Mokdad El-Yamine,M
34712,Houari Ferhani,M
35282,Al-Tayeb Filali,M
35855,Mohamed Flissi,M
44596,Soraya Haddad,F
44607,Zakarya Haddouche,M
45126,Hemza Haloui,M
45313,Fahem Hammachi,M
45372,Salima Hammouche,F
47642,Sehryne Hennaoui,F
48291,Yassine Hethat,M
48784,Bouchra Fatima Al-Zohra Hirech,F
58340,Nabil Kebbab,M
58357,Zohir Kedache,M
58359,Salim Keddar,M
58697,Ryad Qamar Al-Din Keniche,M
59125,Amel Khamtache,F
59280,Anissa Khelfaoui (-Nassonenko),F
65619,El-Hadi Laameche,M
65848,Azzadine Lagab,M
65938,Abdelmalik Lahoulou,M
71647,Mohamed Riad Louafi,M
73857,Taoufik Makhloufi,M
74591,Abderrahmane Mansouri,M
74593,Nawal Mansouri,F
76201,Ali Massaoudi,M
79114,Oussama Methazem,M
82680,Lea Melissa Moutoussamy,F
86434,Issam Nima,M
90050,Mohamed Amin Ouadahi,M
90117,Lydia Oulmou,F
98376,Miloud Rahmouni,M
98385,Abdelmalek Rahou,M
99399,Miloud Rebiai,M
99606,Youcef Reguigui,M
102916,Amina Rouba,F
104135,Hakim Sadi,M
104322,Oussama Sahnoune,M
108837,Mohamed Serir,M
117714,Bilal Tabti,M
118838,Mohammed Amine Tayeb,M
134909,Fateh Ziadi,M
135287,Houd Zourdani,M
1799,Yousef Al-Askari,M
1817,Mohamed Mutlaq Khalaf Al-Azemi,M
1858,Fehaid Al-Deehani,M
1951,Ibrahim Al-Hasan,M
2112,Abdullah Al-Rashidi,M
2113,Talal Al-Rashidi,M
2147,Fawaz Al-Shammari,M
2200,Ali Mohamed Gharib Al-Zinkawi,M
5448,Maryam Muhammad Arzouqi,F
116388,Faye Sultan Hussain,F
110,Abubakar Abbas Abbas,M
900,Oluwakemi 'Kemi' Adekoya,F
1903,Sara Abdulrahman Al-Flaij,F
1993,Hajar Saeed Saad Sowaid Al-Khaldi,F
2021,Fatema Abdul Muhsin Al-Mahmeed,F
2670,Belal Mansoor Ali,M
3063,Azza Alqasmi,F
4662,Zouhair Aouad,M
6407,Khalid Ali Baba,M
7246,Birhanu Yemataw Balew,M
8571,Adam Batirov,M
9486,Alemu Bekele Gebre,M
9582,Mimi Belete Gebregeiorges,F
15550,Ashani Kemarley Brown,M
19795,Hassan Chani,M
20135,Rose Chelimo,F
20502,Abraham Naibei Cheroben,M
20526,Nelson Kipkosgei Cherutich,M
24752,Tejitu Daba Chalchissa,F
30528,Lishan Dula Gemgchu,F
31902,El Hassan El-Abbassi,M
33151,Shitaye Eshete Habtegebrel,F
33253,Iman Essa Jasim,F
34048,Farhan Salih Farhan,M
35571,Andrew Fisher,M
38935,Tigest Gashaw Belay,F
39870,Tigest Getent Mekonen,F
44862,Mahmood Haji,M
53459,Maryam Yusuf Jamal,F
54135,Ruth Jebet,F
59113,Ali Khamis Abbas Ali Khamis,M
60784,Eunice Jepkirui Kirwa,F
61876,John Kibet Koech,M
62788,Isaac Korir,M
73521,Hasan Mahboob Ali,M
84591,Salwa Eid Naser,F
88015,Edidiong Ofonime Odiong,F
102463,Albert Kibichii Rop,M
102886,Abraham Kipchirchir Rotich,M
108968,Benson Kiplagat Seurei,M
110058,Bilisuma Shugi Gelassa,M
110073,Jamila Genzeb Shumi Regasa,F
132640,Yaqoob Salem Eid Yaqoob,M
123,Sohail Abbas,M
127,Shakeel Abbasi,M
1375,Waseem Ahmad,M
1393,Fareed Ahmed,M
2686,Liaqat Ali,M
2688,Mehboob Ali,M
5554,Rabia Ashiq,F
7474,Anum Bandey,F
7475,Haris Bandey,M
8428,Ghulam Mustafa Bashir,M
11221,Muhammad Umar Bhutta,M
16950,Rehan Butt,M
51217,Israr Hussain,M
52049,Muhammad Imran,M
52077,Khurram Inam,M
52351,Muhammad Irfan,M
59132,Abdul Haseem Khan,M
82903,Rashid Muhammad,M
91848,Najma Parveen,F
99054,Shafqat Rasool,M
101193,Muhammad Rizwan,M
101194,Muhammad Rizwan,M
109118,Imran Shah,M
109127,Shah Hussain Shah,M
112761,Minhal Sohail,F
117061,Lianna Catherine Swan,F
121501,Muhammad Tousiq,M
128695,Muhammad Waqas Sharif,M
138,Salwan Jasim Abbood Abbood,M
299,Dana Abdul Razak (Hussain-),F
318,Ahmed Abdulkareem Ahmed,M
349,Waheed Abdulridha Waheed Karaawi,M
1763,Hussein Al-Aameri,M
1820,Mohanad Ahmed Dheyaa Al-Azzawi,M
1992,Mohammed Riyadh Al-Khafaji,M
2038,Rand Saad Mahmood Al-Mashhadani,F
2206,Alaa Ali Mhawi,M
2708,Ali Adnan Kadhim Nassir Al-Tameemi,M
2713,Ali Faez Atia,M
3408,Noor Amer Al-Ameri,F
5873,Amjad Attwan Kadhim,M
28048,Dhurgham Ismail Dawoud Al-Quraishi,M
45316,Hammadi Ahmad Abdullah Al-Daiya,M
50974,Humam Tariq Faraj Naoush,M
51209,Ali Husni Faisal,M
59047,Ahmad Ibrahim Khalaf,M
73523,Mahdi Kamel Sheltagh,M
80961,Mohammed Hameed Farhan,M
80963,Mohannad Abdul-Raheem Karrar,M
83712,Mustafa Nadhim Jari Al-Shabbani,M
84024,Ali Nadhim Salman Salman,M
84693,Saad Natiq Naji,M
98022,Safaa Raashid Al-Jumaili,M
103950,Saad Adbul-Amir Luaibi Al-Zirhawi,M
109604,Sherko Karim Lateef Gubari,M
117758,Adnan Taess Akkar Al-Mntfage,M
6563,Katya Bachrouche,F
7715,Anthony John Barbar,M
8490,Ray Bassil,F
29668,Gabriella Al-Doueihy,F
32271,Nacif Elias,M
46902,Ahmad Hazer,M
63268,Wael Koubrousli,M
78896,Richard Merjan,M
82596,Tvin Carole Moumjoghlian,F
86612,Chirine Njeim,F
91168,Andrea Paoli,F
104301,Mariana Sahakian,F
109150,Mona Shaito,F
109151,Zain Shaito,M
109199,Karen Shammas,F
118701,Gretta Taslakian (-Yerevanian),F
1806,Rashid Salih Hamad Al-Athba,M
1809,Nasser Salih Nasser Abdullah Al-Attiya,M
1810,Hamad Ali Mohamed A Al-Attiyah,M
1909,Mohamad Al-Garni,M
1927,Bahya Mansour Al-Hamad,F
1943,Dalal Masfir Al-Harith,F
2008,Noah Abdalaziz Al-Khulaifi,M
2030,Noor Hussain Al-Malki,F
2114,Bassel Al-Rayes,M
2115,Ali Yousef Al-Rumaihi,M
2184,Sheikh Ali bin Khalid Al-Thani,M
3067,Mustafa Alsaltialkrad,M
4809,Nada Mohammed Wafa S Arakji,F
5773,Ahmed Ghithe G Atari,M
6663,Ahmed Bader Magour,M
6764,Marko Bagari,M
7047,Mohammed Abduh Bakhet,M
7294,Musaeb Abdulrahman Balla,M
8204,Mutaz Essa Barshim,M
18060,Rafael Da Costa Capote,M
30041,Hamza Al-Driouch,M
32160,Ashraf Amgad El-Seify,M
33061,Hakan Ereker,M
45169,Rashid Salih Hamad Al-Athba,M
46110,Abdalelah Haroun Hassan,M
46823,Abubaker Haydar Abdalla,M
51555,Fares Ibrahim Hassouna El-Bakh,M
69461,Ping Li,M
72813,Hassan Mabrouk,M
73378,Aia Magdi Mohamed,F
74114,Kamal Aldin Mallash,M
75204,arko Markovi,M
78147,Nasreddine Megdich,M
78544,Eldar Memievi,M
80951,Bassem Hassan Mohammed,M
83403,Abdulrazzaq Murad,M
88210,Femi Seun Ogunode,M
93191,Jefferson Santos Pereira,M
102059,Bertrand Roin,M
105790,Danijel ari,M
115383,Goran Stojanovi,M
119518,Thulasi Tharumalingam,M
126357,Borja Vidal Fernndez Fernndez,M
133248,Cherif Younousse Samba,M
133802,Ameen Zakkar,M
134329,Morad Zemouri,M
1074,Khairulnizam Mohd Afendy,M
3316,Nauraj Singh Randhawa Amarjit Singh,M
4614,Mohamad Khairul Anuar,M
6160,Mohd Azizulhasni Awang,M
6340,Ahmad Amsyar Azman,M
19696,Chan Peng Soon,M
20360,Cheng Chu Sian,M
20401,Cheong Jun Hoong,F
20616,Danny Chia,M
38260,Heidi Gan,F
41058,Goh Liu Ying,F
41060,Goh V Shem,M
42628,Gavin Kyle Green,M
46907,Kamaruddin Haziq,M
49783,"Kah Mun ""Vivian"" Hoo",F
50635,Qiang Huang,M
59062,Noraseela Mohd Khalid,F
59370,Khoo Cai Lin,F
61950,Michelle Koh,F
62611,Koo Kien Keat,M
67818,Lee Chong Wei,M
67941,Lee Hup Wei,M
68802,Leong Mun Yee,F
71132,Bryan Nickson Lomas,M
80875,Nur Shazrin Mohamad Latif,F
80967,Hafifi Bin Mansor Mohd,M
83719,Fatehah Mustapa,F
85654,Ng Yan Yee,F
86837,Muhammad Akmal Nor Hasrin,M
89233,Ooi Tze Liang,M
89959,Muhamad Adiq Husainie Othman,M
94398,Jinq En Phee,F
100942,Pandelela Rinong anak Pamg,F
103579,Amir Rusli,M
104071,Nur Dhabitah Sabri,F
110615,Welson Sim,M
117181,Hashim Nurul Syafiqah,F
117825,Nur Suryani Mohamed Taibi,F
118256,Tan Boon Heong,M
118269,Kelly Tan,F
118296,Tan Wee Kiong,M
119012,Tee Jing Yi,F
122560,Traisy Vivien Tukiet,F
131428,"Guanjie ""Johnathan"" Wong",M
131581,Woon Khe Wei,F
132861,Yeoh Ken Nee,M
133352,Peng Kean Yu,M
135410,Zaidatul Husniah Zulkifli,F
402,Arthur Abele,M
769,Leonie Adam,F
827,Mareike Adams,F
849,Filip Kamil Adamski,M
1356,Christian Ahlmann,M
1481,Hannes Aigner,M
3081,Tabea Lara Alt,F
4051,Bjrn Andrae,M
4546,Franz Anton,M
5198,Judith Arndt,F
5229,Marie-Cathrine Arnold,F
5934,Sandra Auffarth,F
6554,Sebastian Bachmann,M
6869,Maik Baier,M
7271,Anabel Balkenhol,F
7349,Erik Balnuweit,M
7612,Carina Br,F
8238,Ralf Bartels,M
8268,Mona Barthel,F
8364,Saskia Bartusiak,F
8715,Robert Bauer,M
8757,Hannes Baumann,M
8764,Jackie Baumann,F
8895,Sebastian Bayer,M
8978,Svenja Bazlen,F
9161,Annika Beck,F
9176,Leonie Antonia Beck,F
9198,Charlotte Becker,F
9251,Jana Beckmann,F
9349,Ludger Beerbaum,M
9416,Pascal Behrenbruch,M
9434,Melanie Behringer,F
9564,Friederike Belcher (Ziegelmayer-),F
9990,Lars Bender,M
9991,Sven Bender,M
10273,Jan Benzien,M
10367,Jana Berezko-Marggrander,F
10451,Janine Berger,F
11351,Paul Biedermann,M
11562,Mira Bimperling,F
11602,Karsten Bindrich,M
11757,Ole Bischof,M
12542,Annika Bochmann,F
12564,Markus Bckermann,M
12829,Marcus Bhme,M
12984,Timo Boll,M
13066,Henning Bommel,M
13455,Karla Borger,F
14300,Philipp Boy,M
14666,Dorothea Brandt,F
14670,Julian Brandt,M
14757,Anton Braun,M
14894,Andre Breitbarth,M
14908,Nils Brembach,M
14930,Sebastian Brendel,M
14951,Lisa Brennauer,F
14976,Luis Brethauer,M
14983,Andreas Bretschneider,M
15128,Julius Brink,M
15130,Christine Brinker-Wenzel,F
15240,Norman Brckl,M
15242,Anke Brockmann (-Grueneberg),F
15277,Daniel Brodmeier,M
15406,Kristina Brring-Sprehe,F
15510,Dustin Brown,M
15710,Annika Bruhn,F
16047,Ralf Buchheim,M
16058,Emanuel Buchmann,M
16227,Philipp Buhl,M
16237,Matthias Bhler,M
16249,Kim Bui,F
16276,Alexandra Bujdoso,F
16899,Britta Kristin Bthe,F
16947,Linus Butt,M
17560,Alyn Camara,M
19284,"Alexander ""Alex"" ejka",M
21300,Max Christiansen,M
21462,Oksana Aleksandrovna Chusovitina,F
22553,Dimitri Colupaev,M
23641,Shanice Craft,F
23748,Esther Cremer,F
24768,Sara Ilonka Dbritz,F
24896,Tobias Dahm,M
25520,Lukas Dauser,M
26810,Matthias de Zordo,M
26967,Oskar Deecke,M
27005,John Degenkolb,M
27047,Markus Deibler,M
27048,Steffen Deibler,M
27356,Moana Delle,F
27912,Daniel Deuer,M
28059,Marco di Carli,M
28406,Katja Dieckow,F
28430,Christian Diener,M
28483,Tina Dietze,F
28538,Karsten Dilla,M
28759,Christian Dissinger,M
28782,Anja Dittmer,F
29095,Anna Aleksandre Dogonadze-Lilkendey,F
29099,Patrick Dogue,M
29113,Carl Dohmann,M
29512,Munkhbayar Dorjsuren,F
29870,Marie-Louise Drger,F
29899,Felix Drahotta,M
30136,Paul Drux,M
30150,Nadja Drygalla,F
30706,Christian Dnnes,M
30729,Imke Duplitzer,F
30902,Pamela Dutkiewicz,F
31339,Maik Eckhardt,M
31641,Marcus Ehning,M
31730,Joachim Eilers,M
32211,Jenny Elbe,F
32530,Jonas Ems,M
32559,Ren Enders,M
32633,Alexandra Engelhardt (Demmel-),F
32682,Tobias Englmaier,M
32848,Jonathan Erdmann,M
32865,Robin Erewa,M
34217,Steffen Fth,M
34387,Stephan Feck,M
34488,Seyede Maral Feizbakhsh Bazargani,F
34525,Hendrik Feldwehr,M
35177,Jrg Fiedler,M
35296,Christoph Fildebrandt,M
35520,Julia Fischer,F
35954,Florian Floto,M
35965,Julian Flgel,M
35966,Lars Flggen,M
35994,Aline Focken,F
36089,Patrick Follmann,M
36336,Robert Frstemann,M
36767,Yvonne Frank,F
36829,Tobias Franzmann,M
37036,Rico Freimuth,M
37122,Karl-Richard Frey,M
37188,Ariane Friedrich (Tempel-),F
37289,Jan Frodeno,M
37325,Helena Fromm,F
37409,Florian Fuchs,M
37420,Michael Fuchs,M
37623,Manuel Fumic,M
37688,Moritz Frste,M
37762,Kamghe Gaba,M
37784,Arne Gabius,M
37984,Sandra Gal,F
38214,Sara Gambetta,F
39100,Beate Gau (-Kstel),F
39278,Steffen Gebhardt,M
39374,Oliver Geis,M
39502,Uwe Gensheimer,M
39844,Ferdinand Gerz,M
39850,Simon Geschke,M
40205,Kristin Gierisch,F
40453,Matthias Lukas Ginter,M
40682,Jan-Philip Glania,M
40856,Serge David Gnabry,M
41015,Lena Goeling,F
41176,Johanna Goliszewski,F
41181,Sara Goller (-Niedrig),F
41218,Franziska Goltz,F
41227,Carolin Elisabeth Golubytskyi (Wutz-),F
41442,Nadine Gonska,F
41839,Leon Goretzka,M
41847,Julia Grges,F
42183,Bert Grabsch,M
42235,David Graf,M
42240,Lisa Graf,F
42327,Mats Grambusch,M
42328,Tom Grambusch,M
42758,Andre Greipel,M
42961,Vanessa Grimberg,F
43058,Helen Grobert,F
43091,Tim Grohmann,M
43112,Anna-Lena Grnefeld,F
43150,Marcus Gro,M
43214,Simon Grotelschen,M
43255,"Gyrgy ""Georg"" Grozer",M
43300,Hans Gruhne,M
43405,Selina Gschwandtner,F
43807,Rabia Glec,F
43808,Tahir Glec,M
43809,Smeyye Glec-Manz,F
43941,Leena Gnther,F
43948,Max Gnthr,M
44487,Mandy Haase,F
44489,Rebekka Haase,F
44509,Tino Hber,M
44566,Marcel Hacker,M
44667,Kai Hfner,M
44787,Susanne Hahn (Ritter-),F
44789,Lisa Hahn-Altenburg,F
44794,Anna Hahner,F
44795,Lisa Hahner,F
45219,Fabian Hambchen,M
45496,Ying Han,F
45567,Martin Hner,M
46070,Isabelle Hrle,F
46134,Corinna Harrer,F
46265,Stefan Hrtel,M
46268,Lars Hartig,M
46275,Christoph Harting,M
46277,Robert Harting,M
46306,Kerstin Hartmann,F
46324,Max Hartung,M
46344,Artem Harutyunyan,M
46521,Nina Hasselmann,F
46620,Gregor Hauffe,M
46621,Anne Haug,F
46645,Franzisca Hauke,F
46647,Tobias Constantin Hauke,M
46666,Patrick Hausding,M
46678,Judith Hauser,F
47187,Britta Heidemann,F
47198,Betty Heidler,F
47204,Jacob Oskar Julius Heidtmann,M
47228,Erik Heil,M
47274,Silvio Heinevetter,M
47284,Fabian Heinle,M
47310,Philip Marvin Heintz,M
47525,Nina Hemmer,F
47672,Josephine Henning,F
47781,Franziska Hentke,F
47792,Frank Henze,M
47895,Christina Hering,F
47899,Robert Hering,M
47900,Sabrina Hering,F
47940,Natalie Hermann,F
48230,Timm Herzbruch,M
48242,Max He,M
48533,Nadine Hildebrand,F
48632,Kristina Hillmann,F
48730,Johannes Hintze,M
49105,Max Hoff,M
49153,Lara Hoffmann,F
49264,Andr Hhne,M
49421,Martin Hollstein,M
49600,Katrin Holtwick,F
49626,Raphael Marcel Holzdeppe,M
49942,Silke Hrmann,F
49964,Timo Horn,M
49991,Bjrn Hornikel,M
50744,Bjrn Hbner,M
51260,Christin Hussong,F
51295,Svenja Anette Huth,F
51737,Andreas Ihle,M
52561,Mandy Islacker,F
52746,Irene Ivancan,F
53182,Nicolas Jacobi,M
53423,Malte Jakschik,M
53430,Lucas Jakubczyk,M
53694,Michael Janker,M
53928,Nadine Jarosch,F
54001,Daniel Jasinski,M
55069,Eric Johannesen,M
55289,Alexander John,M
55866,Peter Joppich,M
56298,Michael Jung,M
56310,Marie-Laurence Jungfleisch,F
56311,Henri Junghnel,M
56366,Victoria Jurczok,F
56439,Julian Justus,M
56441,Steffen Justus,M
56566,Kathrin Kadelbach,F
56841,Denys Kaliberda,M
57110,Lukas Kampa,M
57735,Monika Karsch,F
57789,Christopher Kas,M
57894,Romy Kasper,F
58058,Urs Kufer,M
58249,Martin Kaymer,M
58300,Kai Kazmirek,M
58525,Natascha Keller,F
58623,Tabea Kemme,F
58786,Angelique Kerber,F
58866,Isabel Kerschowski,F
59326,Anastasija Khmelnytska,F
60451,Ingo Kindervater,M
60635,Stefan Kiraj,M
61014,Kathrin Klaas,F
61100,Frithjof Kleen,M
61107,Benjamin Philip Kleibrink,M
61137,Sascha Klein,M
61154,Nadine Kleinert-Schmitt,F
61256,Ingrid Klimke (-Busacker),F
61359,Konstanze Klosterhalfen,F
61361,Lukas Klostermann,M
61381,Roger Kluge,M
61446,Anna Knauer,F
61517,Sven Knipphals,M
61519,Eric Knittel,M
61526,Jan Felix Knobel,M
61765,Jonathan Koch,M
61775,Marco Koch,M
61983,Sarah Khler,F
61992,Paul Kohlhoff,M
61995,Fabienne Kohlmann,F
62000,Philipp Eberhard Kohlschreiber,M
62233,Enrico Klling,M
62238,Stefan Kllner,M
62770,Maximilian Korge,M
62810,Oliver Korn,M
62970,Alexander Kosenkow,M
63265,Sanaa Koubaa,F
63671,Mareen Krh,F
63673,Annike Berit Krahn,F
63681,Julia Krajewski,F
63846,Gesa Felicitas Krause,F
64003,Peter Kretschmer,M
64037,Steffi Kriegerstein,F
64053,Sebastian Krimmer,M
64207,Mieke Krger,F
64325,Eric Krger,M
64327,Hannah Krger,F
64339,Stephan Krger,M
64636,Denis Maksymilian Kudla,M
64676,Andreas Kuffner,M
64709,Julius Khn,M
64728,Jochen Khner,M
64729,Martin Khner,M
64803,Jasmin Klbs,F
64856,Leonie Kullmann,F
65138,Maria Kurjo,F
65227,Kurt Kuschela,M
65257,Sabine Kusterer,F
66141,Christophe Lambert,M
66444,Helen Langehanenberg,F
67066,Simone Laudehr,F
67636,Yannick Lebherz,M
67693,Barbara Lechner-Engleder,F
68640,Finn Lemke,M
68804,Carolin Leonhardt,F
68859,Julia Lepke,F
69088,Melanie Leupolz,F
69173,Maximilian Levy,M
69671,Claudia Lichtenberg (Husler-),F
69683,Linus Lichtschlag,M
69743,Tom Liebscher,M
69771,Julia Lier,F
69933,Nicolas Limbach,M
70117,Laura Lindemann,F
70127,Janin Lindenberg,F
70327,Andre Link,M
70332,Christopher Linke,M
70418,Silke Lippok,F
70464,Sabine Lisicki,F
71519,Anika Lorenz,F
71530,Nike Lorenz,F
71778,Andreas Lw,M
72060,Gina Lckenkemper,F
72091,Sren Ludolph,M
72103,Laura Ludwig,F
72446,Thomas Peter Lurz,M
72977,Julia Mchtig,F
73393,Jessica Mager,F
73645,Leonie Rebekka Maier,F
74230,Claudia Malzahn,F
74231,Luise Malzahn,F
74472,Tina Manker,F
74776,Kathrin Marchand,F
74937,Sven Maresch,M
75293,Dzsenifer Marozsn,F
75641,Tony Martin,M
75992,Arajik Witali Marutjan,M
76248,Caroline Masson,F
76739,Nick Matuhin,M
76790,Kay Matysik,M
76828,Angela Alexandra Maurer,F
76871,Marie Mvers,F
76898,Philipp Max,M
76989,Lisa Mayer,F
77048,Camilo Mayr,M
78136,Helge Folkert Meeuw,M
78719,Aleixo-Platini Menga,M
78750,Florian Mennigen,M
78776,Jenny Mensing,F
79214,Janne Friederike Meyer,F
79224,Maximilian Meyer,M
79345,Meredith T. Michaels-Beerbaum,F
79351,Theresa Michalak,F
79404,Serge Michel,M
79575,Malaika Mihambo,F
79671,Irina Mikitenko (Volynskaya-),F
79765,Moritz Milatz,M
80507,Anja Mittag,F
80776,Sabrina Mockenhaupt,F
80867,Sosthene Taroum Moguenara,F
80965,Tino Mohaupt,M
80976,Friederike Mhlenkamp,F
80993,Malte Mohr,M
81089,Antje Mldner-Schmidt,F
81172,Katharina Molitor,F
81219,Anne Mllinger-Cibis,F
81705,Moritz Moos,M
81833,Adelheid Morath,F
83094,Julia Mller,F
83105,Laura Mller,F
83106,Lena Mller,F
83108,Lukas Mller,M
83116,Mathias Mller,M
83118,"Maximillian ""Max"" Mller",M
83127,Nadine Mller,F
83128,Nico Mller,M
83129,Nicole Mller,F
83172,Janne Mller-Wieland,F
83256,Markus Mnch,M
83359,Maximilian Munski,M
85218,Carla Nelte,F
85712,Marcel Van Minh Phuc Long Nguyen,M
86071,Luisa Helga Gerda Niemesch,F
87034,Anja Noske,F
87576,Carolin Nytra (-Dietrich),F
87732,Christina Obergfll,F
87939,Hannes Ocik,M
87995,Marc Odenthal,M
88075,Jennifer Oeser,F
88633,Pia-Sophie Oldhafer,F
89174,Eike Onnen,M
89287,Britta Oppelt,F
89562,Florian Orth,M
89636,Selin Oruz,F
89637,Timur Oruz,M
89703,Jason Osborne,M
89995,Katharina Otte,F
90013,Bjrn Otto,M
90190,Birgit Overzier-Michels,F
90202,Dimitrij Ovtcharov,M
92787,Hendrik Pekeler,M
93779,Babett Peter,F
93822,Dimitri Peters,M
93890,Nils Petersen,M
93987,Andrea Petkovic,F
94287,Maik Petzold,M
94290,Philipp Petzschner,M
94337,Camilla Pfeffer,F
94341,Erik Pfeifer,M
94344,Melanie Pfeifer,F
94352,Sonja Pfeilschifter,F
94370,Philipp Pflieger,M
94685,Ccile Pieper,F
95060,Tatjana Lofamakanda Pinto,F
95353,Maximilian Planer,M
95385,Jennifer Plass,F
95386,Jonas Plass,M
95494,Thomas Plel,M
95646,Sarah Poewe,F
95686,Stephanie Pohl,F
95694,Hagen Pohle,M
96229,Alexandra Popp,F
96230,Eduard Popp,M
96231,Marcus Popp,M
96438,Daniela Potapova,F
96969,Nadja Pries,F
97108,Alexej Prochorow,M
97182,Grischa Prmel,M
97325,Mateusz Przybylko,M
97437,Cathrin Puhl,F
97552,Tina Punzel,F
98049,Jan Philipp Rabente,M
98170,Sara Radman,F
98933,Clemens Andreas Rapp,M
99094,Claudia Rath (-Salman),F
99165,Ronald Rauhe,M
99436,Jonas Reckermann,M
99616,Maya Rehberg,F
99671,Christian Reichert,M
99679,Tobias Reichmann,M
99724,Christian Reif,M
99780,Maximilian Reinelt,M
99795,Theo Reinhardt,M
99859,Christian Reitz,M
99971,Max Rendschmidt,M
100140,Julian Reus,M
100264,Kristina Joana Reynolds,F
100602,Elena Richter,F
100610,Julia Richter,F
100913,Richard Ringer,M
100937,Fanny Rinne,F
102014,Julia Rohde (-Schwarzbach),F
102024,Thomas Rhler,M
102132,Cindy Roleder,F
102182,Annika Roloff,F
102468,Miryam Roper (-Yearwood),F
102652,Eva Rsken,F
102858,Snke Rothenberger,M
103355,Anna Rh,F
103363,Caroline Ruhnau,F
103365,Christopher Rhr,M
103927,"Elizaveta Vladimirova ""Lisa"" Ryzih",F
104377,Verena Sailer,F
106100,Martin Sauer,M
106522,Tobias Schadewaldt,M
106542,Carolin Schfer,F
106552,Lucas Schfer,M
106553,Pauline Sieglinde Schfer,F
106646,Sophie Celina Scheder,F
106675,Sonja Scheibl,F
106734,Juliane Rita Schenk,F
106759,Tobias Scherbarth,M
106770,Anja Scherl,F
106876,Stephanie Schiller,F
106916,Silvio Schirrmeister,M
106936,Carsten Schlangen,M
106963,Tim Schleicher,M
106973,Annika Schleu,F
107069,Lisa Schmidla,F
107091,Florian Schmidt,M
107131,Richard Schmidt,M
107134,Sebastian Matthias Schmidt,M
107165,Paulina Schmiedel,F
107231,Karin Schnaase,F
107257,Dorothee Schneider (-Krumhoff),F
107294,Thomas Schneider,M
107400,Nils Schomber,M
107418,Lena Schneborn,F
107434,Lauritz Schoof,M
107455,Jochen Schps,M
107460,Jasmin Schornberg,F
107470,Johannes Schttler,M
107479,Dirk Schrade,M
107504,Daniela Schreiber,F
107531,Anne Schrder,F
107533,David Schrder,M
107642,Almuth Schult,F
107676,Daniela Schultze,F
107703,Karl Schulze,M
107734,Ralf Schumann,M
107785,Ronja Schtte,F
107797,Christina Schtze,F
107800,Lisa Schtze,F
107834,Christina Schwanitz,F
107871,Sebastian Schwarz,M
107888,Lilli Schwarzkopf,F
107919,Laura Schwensen,F
108204,Melanie Seeger,F
108303,Bastian Seibt,M
108319,Sebastian Seidl,M
108333,Toni Seifert,M
108365,Elisabeth Seitz,F
108467,Davie Selke,M
108488,Maria Selmaier,F
108555,Ilka Semmler,F
108645,Ulrike Sennewald,F
109209,Xiaona Shan,F
110244,Marcel Sieberg,M
110270,Laura Natalie Siegemund,F
110304,Constanze Siering,F
110431,Kristin Silbereisen,F
111305,Marlene Sinnig,F
112937,Petrissa Solja,F
113532,Monika Sozanska,F
113744,Ruth Sophia Spelmeyer,F
113826,Silke Spiegelburg,F
113837,Jrgen Spie,M
113913,Sabine Spitz,F
113992,Annika Sprink,F
114116,Frank Stbler,M
114182,Linda Stahl,F
114338,Robert Stanjek,M
114389,Charlotte Stapenhorst,F
114429,Benjamin Starke,M
114536,Julia Stavickaja,F
114701,Britta Steffen,F
114724,Bastian Steger,M
114737,Henrik Stehlik,M
114810,Matthias Steiner,M
114830,Marlene Steinherr,F
115047,Christin Steuer,F
115050,Markus Steuerwald,M
115291,Gudrun Stock,F
115301,Maike Stckel,F
115509,David Storl,M
115625,Thilo Stralkowski,M
115796,Martin Strobel,M
115869,Jan-Lennard Struff,M
115892,Martina Strutz,F
116018,Ronja Fini Sturm,F
116135,Nora Subschinski,F
116278,Diana Sujew,F
116329,Niklas Sle,M
117342,Matyas Szabo,M
117658,Oliver Szymanski,M
118577,Romy Tarangul,F
118690,Sideris Tasiadis,M
119273,Josephine Terlecki,F
119353,Jana Teschke,F
119361,Homiyu Tesfaye Heyi,M
119421,Ina-Yoko Teutenberg,F
119662,Annekatrin Thiele,F
119665,Kersten Thiele,M
119666,Kerstin Thiele,F
119673,Kathrin Thiem,F
119985,Peter Thomsen,M
120499,Simon Tischer,M
120604,Sina Tkaltschewitsch,F
120619,Andreas Toba,M
120816,Jeremy Toljan,M
120846,Andreas Tlzer,M
121443,Hamza Touba,M
121601,Gregor Traber,M
121627,Martyna Trajdos,F
122030,Moritz Trompertz,M
123238,Steffen Uliczka,M
123267,Christin Ulrich,F
123347,Tobias Benjamin Unger,M
123357,Lisa Unruh,F
123441,Lena Urbaniak,F
125110,Jan Vandrey,M
125307,Laura Vargas Koch,F
125705,Almir Velagic,M
125963,Claudia Verdicchio-Krause,F
126241,Johannes Vetter,M
126901,Lisa Vitting,F
127041,Florian Vogel,M
127043,Kristina Vogel,F
127167,Christopher Vlk,M
127260,Christian vom Lehn,M
127876,Benedikt Wagner,M
127923,Katrin Wagner-Augustin,F
128079,Kira Walkenhorst,F
128181,Tim Wallburger,M
128396,Igor Wandtke,M
128825,Andreas Waschburger,M
128853,Conny Wamuth,F
128859,Elena Wassen,F
129126,Franziska Weber,F
129138,Julian Weber,M
129381,"Johannes-Maximilian ""Max"" Weinhold",M
129382,Steffen Weinhold,M
129392,Domenic Weinstein,M
129499,Florian Wellbrock,M
129500,Niklas Wellen,M
129570,Miriam Welte,F
129601,Phillipp Wende,M
129634,Alexandra Nathalie Wenk,F
129695,Maria Carolina Werner,F
129726,Isabelle Regina Werth,F
129734,Benjamin We,M
129735,Timo We,M
129740,Andr Weels,M
129746,Christopher Wesley,M
129801,"Alexandra Valerie ""Alex"" Wester",F
130135,Lars Wichert,M
130204,Fabian Wiede,M
130246,Patrick Wiencek,M
130254,Martin Wierig,M
130255,Damian Matthias Armin Wierling,M
130285,Tim Wiesktter,M
130405,Cline Wilde,F
130432,Toni Paul Wilhelm,M
130451,Kristof Wilke,M
130926,Felix Wimberger,M
131167,Matthias Witthaus,M
131238,Charlene Woitha,F
131241,Patrick Wojcicki,M
131324,Philipp Wolf,M
131339,Andreas Wolff,M
131356,Martin Wolfram,M
131368,Heide Wollert,F
131611,"Beatrix ""Trixi"" Worrack",F
131790,Jiaduo Wu,F
134286,Christopher Zeller,M
134288,Philipp Zeller,M
134998,Christian Zillekens,M
135013,Sabine Zimmer-Krantz,F
135525,Martin Zwicker,M
135528,Marc Zwiebler,M
395,Jennifer Abel,F
650,Javier Carlos Acevedo,M
683,Natalie Chioma Achonwa,F
1320,Kelsie Ahbe,F
1405,Mohammed Ahmed,M
1561,Mobolade Abimbola Ajomale,M
5159,Dylan Armstrong,M
5905,Chelsea Ann Aubry,F
6245,Miranda Joy Ayim,F
7166,Zsofia Balazs,F
7553,Blair Cameron Bann,M
7579,Heather Bansley,F
7740,"Shawnacy Campbell ""Shawn"" Barber",M
7935,Daundre Barnaby,M
8112,Hugo Barrette,M
8193,Peter Barry,M
8311,"Joseph ""Joe"" Bartoch",M
8645,Emily Batty,F
8750,Ashton Baumann,M
9063,Marie-ve Beauchemin-Nadeau,F
9064,Catherine Beauchemin-Pinard,F
9068,Marie-Pier Beaudet,F
9071,Philippe Beaudry,M
9239,Janine Elizabeth Beckie,F
9546,Jose Blanger,F
9659,"Zachary Michael ""Zach"" Bell",M
10048,Meaghan Benfeito,F
10140,"Brittany ""Britt"" Benn",F
10189,Hawley Bennett-Awad,F
10430,"Gabriel ""Gabe"" Bergen",M
10691,Maria Bernard,F
11111,Allison Beveridge,F
11218,Arjan Singh Bhullar,M
11538,Mathieu Bilodeau,M
11615,Khamica Bingham,F
11635,"Joshua ""Josh"" Binstock",M
11787,Melissa Corrine Bishop,F
11812,Brenden Bissett,M
11870,"Movladdin ""Arthur"" Biyarslanov",M
11926,Tyler Bjorn,M
11978,"Elsabeth ""Ellie"" Black",F
12160,Jay Michael Blankenau,M
12305,Jason Block,M
12373,Mlanie Blouin,F
13920,Antoine Bouchard,M
13923,Dominique Bouchard,F
13924,Eugenie Bouchard,F
13926,Landre Bouchard,M
13927,Maxim Bouchard,M
13976,Marie-Pierre Boudreau-Gagnon,F
14288,Brenda Bowskill,F
14328,"Danielle ""Dannie"" Boyd",F
14572,Michael Braithwaite,M
14687,"Nathan ""Nate"" Brannen",M
14752,Sarah-Anne Brault,F
15119,Maxime Brinck-Croteau,M
15258,Jamie Lynn Broder,F
15383,Jacqueline Brooks,F
15460,Aaron Brown,M
15464,Alicia Brown,F
15538,Jeremiah Brown,M
15557,Laura Brown,F
15651,"Mary Alexandra ""Alex"" Bruce",F
15671,"Lucas ""Luc"" Bruchet",M
15947,Ashley Brzozowicz,F
16013,Kadeisha Buchanan,F
16285,Mandy Marie Brigitte Bujold,F
16678,Jason Nicholas Burnett,M
17095,James Andrew Byrnes,M
17161,Johnathan Knight Cabral,M
17388,"David ""Dave"" Calder",M
17415,Hilary Caldwell,F
17460,Leah Mariem Lorraine Callahan (-Ferguson),F
17628,Katrina Cameron,F
17868,Yann Candele,M
17990,Karol-Ann Canuel,F
18264,Gillian Carleton,F
18634,David Carter,M
19835,Allysha Chapman,F
19837,Candace Marie Margaret Chapman,F
19964,Chanice Chase-Taylor,F
20591,Samantha Cheverton,F
21869,Kendra Clarke,F
21878,Richard Clarke,M
21957,Custio Clayton,M
22166,Ryan Andrew Cochrane,M
22167,Ryan Cochrane,M
22175,Karen Cockburn (-Turgeon),F
22641,Santo Condorelli,M
22683,Jared Connaughton,M
22851,Gordon Cook,M
22901,Reid Coolsaet,M
23268,Rose Cossar,F
23397,Amy Cotton,F
23438,Franois Coulombe-Fortier,M
23794,Brittany Crew,F
23964,Will Crothers,M
24122,Douglas Csima,M
24387,Taylor Curran,M
24609,Sabrina D'Angelo,F
24771,"Gabriela ""Gaby"" Dabrowski",F
25380,Hannah Darling,F
25397,"Mackenzie ""Mack"" Darragh",M
26135,Andre De Grasse,M
26214,Rachelle De Jong-Viinberg,F
26216,Mark de Jonge,M
26849,"William ""Will"" Dean",M
27168,Graham DeLaet,M
27839,Alexandre Despatie,M
28343,Andrew Scott Dickens,M
29689,"Gregory ""Greg"" Douglas",M
30097,Derek Drouin,M
30248,Danielle Dube,F
30293,Stphanie Dubois,F
30336,Krista DuChene,F
30342,Antoine Duchesne,M
30408,Crispin Nataniel Duenas,M
30427,Justin Duff,M
30483,Martine Dugrenier,F
30644,Evan Dunfee,M
30843,Stphanie Durocher,F
32506,Crystal Emmanuel,F
32519,Alexandre mond,M
34035,Bianca Farella,F
34368,Michelle Cristina Fazzari,F
35196,Nirra Fields,F
35302,Jonelle Filigno,F
35311,Roseline Filion,F
35370,Caileigh Filmer,F
35401,Paula Findlay,F
35780,Jessie Alexandra Fleming,F
36223,Andrew Ford,M
36377,Ariane Fortin,F
36380,Jo-Annie Fortin,F
36446,Tiffany Foster,F
36518,milie Fournel,F
36519,Hugues Fournel,M
36660,Charles Francis,M
36730,Scott Frandsen,M
36855,"Kathleen ""KC"" Fraser",F
37282,Sultana Frizell,F
37291,Adam Froese,M
37876,Nathan Gafuik,M
37889,Philippe Gagn,M
37890,Raphal Gagn,M
38122,Jillian Alice Gallays,F
38403,Grace Gao,F
38572,Haislan Antonio Veranes Garcia,M
39206,Robyn Krista Gayle,F
39470,"Alexandre ""Alex"" Genest",M
39515,"Matthew Judah ""Matt"" Gentry",M
39563,Phylicia George,F
40180,"Robert Michael ""Rob"" Gibson",M
40324,Jagdish Gill,M
40371,Eric Gillis,M
40525,Christine Girard,F
40557,Nikola Girke,F
40615,Martin Giuffre,M
40671,Jasmin Glaesser,F
40737,"Elizabeth ""Liz"" Gleadle",F
41300,Iaki Gomez Goroztieta,M
41957,Kennedy Goss,F
41972,Thomas Gossland,M
42313,Susanne Grainger,F
43625,"Matthew ""Matt"" Guest",M
43673,Ecaterina Antonia Guica,F
43834,Krista Guloien,F
45829,Janine Hanson,F
46028,Nicole Hare,F
46166,"Geoffrey ""Geoff"" Harris",M
46191,Tremaine Ryan Alexander Harris,M
46353,Eleanor Harvey,F
46829,Brent Matthew Hayden,M
46861,Akeem Haynes,M
46986,David Hearn,M
47567,Brooke Mackenzie Henderson,F
47768,"Gillian ""Jill"" Henselwood",F
48247,Ryder Hesjedal,M
48376,Emilie-Joane Heymans,F
48715,Pierre-Luc Hinse,M
48932,Andre Ho,M
48955,Gabriel Ho-Garcia,M
48960,"Nicholas ""Nick"" Hoag",M
49027,Brendan Hodge,M
49322,Nikkita Holder,F
49984,Stephanie Horner,F
50046,Richard Hortness,M
50238,Hugo Houle,M
50322,Malcolm Howard,M
50327,Rebecca Howard,F
50859,Clara Hughes,F
50877,"Matthew ""Matt"" Hughes",M
51341,Carol Huynh,F
52015,Franois Imbeau-Dulac,M
52398,Chlo Isaac,F
53157,Anthony M. Jacob,M
53256,Farah Jacques,F
53783,Daniel Cornelius Jansen Van Doorn,M
53891,Barbara Jardin,F
53974,Korey Jarvis,M
53975,Morgan Jarvis,M
54302,Lindsay Jennerich,F
55510,"Gordon ""Gordie"" Johnston",M
55689,Kyle Jones,M
56489,Sekou Kaba,M
56518,Geoff Kabush,M
58317,Simon Kean,M
59605,Lynda Kiejko (Hare-),F
60502,Savannah King,F
60676,Leah Kirchmann,F
60812,"Jennifer ""Jen"" Kish",F
60826,Yuri Kisil,M
61145,Teresa Kleindienst-Gabriele,F
62309,"Alexandra ""Alexa"" Komarnycky",F
63526,Kevin Kowalyk,M
64004,Amlie Kretz,F
65535,Kaylyn McKenzie Kyle,F
65652,Stephanie Lynn Marie Labb,F
65667,Julie Labonte,F
65762,Audrey Lacroix,F
66088,Genevive Lalonde,F
66089,tienne Lalonde-Turbide,M
66123,Eric Lamaze,M
66335,Alexandra Landry,F
66337,Ghislaine Landry,F
66367,Megan Lane,F
66463,Kai Langerfeld,M
66498,Andranne Langlois,F
66501,Miah-Marie Langlois,F
66639,Danielle Suzanne Lappage,F
67035,Maxwell Lattimer,M
67311,Ashley Lawrence,F
67377,Kirsti Lay (-Giroux),F
67641,Karina Chenelle LeBlanc,F
67702,Stphanie Leclair,F
68480,"Michael ""Mike"" Leigh",M
69002,Marie-Andree Lessard,F
69155,"Cameron ""Cam"" Levins",M
69448,"Man Shan ""Michelle"" Li",F
70520,Tracy Little,F
70890,Colleen Loach,F
71783,Hunter Lowden,M
72099,Dorothy Ludwig (Hare-),F
72169,Megan Lukan,F
72475,Pascal Lussier,M
73068,Leonora Mackinnon,F
73094,Brittany MacLean,F
73096,Heather MacLean,F
73100,"Rosannagh ""Rosie"" MacLennan",F
73683,Sandrine Mainville,F
74783,Lanni Marchant,F
74869,lise Marcotte,F
74878,David Marcus,M
75295,Darcy Marquardt,F
75431,"Steven James Douglas ""Steve"" Marshall",M
75525,Annie Martin,F
75533,Benjamin Martin,M
75582,Jenna Martin (-Evans),F
75897,Jennifer Martins,F
76167,"Michael Robert Christian ""Mike"" Mason",M
76218,Kylie Jacqueline Masse,F
76281,Natalie Mastracci,F
76398,Diana Beverly Matheson,F
77245,Brandon McBride,M
77253,Conlin McCabe,M
77257,Martha McCabe,F
77290,Melanie Jayne McCann,F
77369,Jason McCoombs,M
77389,Riley McCormick,M
77814,Erin Katrina McLeod,F
77836,Brent McMahon,M
78194,Sasha Mehmedovic,M
78374,Joliane L. Melanon,F
79196,Cynthia Barbara Meyer,F
79305,Jasmine Mian,F
79380,Sbastien Michaud,M
79853,Amy Millar,F
79855,Ian Millar,M
80003,Taylor Milne,M
80356,Tyler Mislawchuk,M
80414,Kerri-Ann Mitchell,F
81109,Kayla Moleschi,F
81361,Annie Marie Roseline Moniqui,F
81467,Noelle Montcalm,F
81699,Victoria Ashley Moors,F
82043,Scott Morgan,M
82120,Andranne Morin,F
82185,Erica Rachelle Morningstar,F
82375,Carmelina Moscato,F
82469,Curtis J. Moss,M
82868,Michele Mueller (-Sharpe),F
82927,Carline Muir,F
83384,Anastasiya Muntyanu,F
83536,Lizanne Murphy,F
84720,Marie-ve Nault,F
85030,"Timothy ""Tim"" Nedow",M
85384,Daniel Mark Nestor,M
85413,Christabel Nettey,F
85560,Anicka Newell,F
85575,Alysha Newman,F
85648,"Tobias ""Toby"" Ng",M
85864,Rachel Nicol,F
85894,Ashley Nicoll-Holzer (-Munro-),F
85934,Cory Niefer,M
86966,Devohn Noronha Teixeira,M
87309,Joelle Numainville,F
87398,Cristy Nurse,F
87399,Kia Nurse,F
87510,Tory Nyhaug-Heinonen,M
87666,Kate O'Brien,F
87710,Patricia Obee,F
87855,Jessica O'Connell,F
88086,Derek O'Farrell,M
88628,Mark Oldershaw,M
88651,"Penelope ""Penny"" Oleksiak",F
88918,Shallon Jade Olsen,F
89229,Isabela Maria Moreira Onyshko,F
89438,Tobias Oriwol,M
89625,Genevieve Orton,F
90179,Emily Overholt,F
90543,Alec Page,M
90582,Melissa Pagnotta,F
91030,Sukhi Panesar,M
91318,Karen Paquin,F
91671,Kelly Parker,F
91686,Lee Parkhill,M
92257,Sarah Lindsey Pavan,F
92519,Mark Pearson,M
92745,Dominique Pegg,F
92992,Catharine Pendrel,F
93197,Keegan Pereira,M
93563,"John Gordon ""Gord"" Perrin",M
93748,Sergio Pessoa (Cavallini de Almeida Pessoa-),M
93928,Monica Peterson (Kwan-),F
94424,Charles Philibert-Thiboutot,M
94484,Krista Lynn Phillips,F
94513,Jessica Phoenix,F
94638,Sydney Pickrem,F
94899,Courtnay Pilypaitis,F
95342,Pascal Plamondon,M
95418,"Zachary Ilia ""Zac"" Plavsic",M
95423,Max Plaxton,M
95472,Khetag Pliev,M
95507,Katherine Plouffe,F
95508,Michelle Plouffe,F
95921,Joseph Polossifakis,M
96093,"Cheuk Yuen ""Victoria"" Poon",F
96387,Vasek Pospisil,M
96780,Nicolas Pratt,M
96935,Brian Price,M
97025,Nichelle Prince,F
97921,Rebecca Quinn,F
98291,Erin Rafuse,F
98417,Folade Nayo Raincock-Ekunwe,F
98766,Luke Ramsay,M
98769,Denise Ramsden,F
98780,"Thomas ""Tom"" Ramshaw",M
98915,Milos Raonic,M
99359,Martin J. Reader,M
99372,Amanda Reason,F
99716,Sheila Reid,F
100223,Kyle Reyes,M
100299,Anjelika Reznik,F
100744,Vincent Riendeau,M
101453,Kathryn Robinson,F
101634,Justin Rodhe,M
101660,Brendon Rodney,M
101945,Brittany Rogers,F
102211,Lisa Roman,F
102237,Anthony Michael Romaniw,M
102466,Christine Roper,F
102553,Deanne Rose,F
102706,Reuben Daniel Ross,M
103225,Taylor Madison Ruck,F
103605,Colin Russell,M
103626,Kelly Russell,F
103633,Sinad Russell,F
105328,"Tyler James ""TJ"" Sanders",M
105818,Matthew Sarmento,M
105956,Sandra Sassine,F
106127,Graeme Saunders,M
106129,Jacob Saunders,M
106188,Katerine Savard,F
106360,"Benjamin ""Ben"" Saxton",M
106515,"Samuel ""Sam"" Schachter",M
106575,Chaim Schalk,M
106583,Sherraine Rene Schalm-MacKay,F
107136,Sophie Diana Schmidt,F
107194,Gavin Charles Schmitt,M
107527,Tim Schrijver,M
107987,Desiree Rose Marie Scott,F
108083,Rachel Seaman (Lavalle-),F
108132,Andrea Seccafien,F
108292,Eric Sehn,M
108493,Erika Seltenreich-Hodgson,F
108810,Karine Sergerie,F
108935,Lauren Marie Sesselmann,F
109310,Alena Sharp,F
109327,David Sharpe,M
110330,Nicole Sifuentes (Edwards-),F
110716,Georgia Simmerling,F
110818,Jacqueline Simoneau,F
110961,Christine Margaret Sinclair,F
112078,"Cameron ""Cam"" Smedley",M
112095,Gavin Ramon Smellie,M
112304,Jessica Lorene Smith,F
112327,Kierra Smith,F
112394,"Oluseyi ""Seyi"" Smith",M
112447,"Kimberly Ann ""Kim"" Smith-Gaucher",F
112527,Iain Smythe,M
113783,Mary Spencer,F
114166,Gabriela Stafford,F
114555,Ashley Steacy,F
114556,Heather Steacy,F
114557,"James ""Jim"" Steacy",M
114880,Hilary Stellingwerff (Edmondson-),F
115134,Chelsea Blaine Stewart,F
116375,Monique Sullivan,F
116734,Taryn Suttie,F
117108,Kirsten Sweetland,F
118388,Melissa Palma Julie Tancredi,F
118744,Alisha Tatham,F
118748,Tamara T. Tatham,F
118846,Michael Tayler,M
119354,Erin Teschuk,F
119559,Brianne Theisen-Eaton,F
119694,Georcy-Stphanie Thiffeault Picard,F
119812,Karine Thomas,F
119831,Noemie Thomas,F
119965,Lesley Allison Thompson-Willie,F
120035,Shona Louise Thorburn,F
120059,Markus Thormeyer,M
120067,"Benjamin Gary ""Ben"" Thorne",M
120380,Brittany Amanda Timko (-Baxter),F
120540,Kelsey Titmarsh,F
121757,Alyxandria Treasure,F
121803,David Tremblay Jr.,M
121805,Kathy Tremblay,F
121973,"Nicholas ""Nick"" Tritton",M
122145,Belinda Kim Trussell,F
122661,Scott Tupper,M
122943,Jillian Tyler,F
123730,Kristina Vaculik,F
123823,Donna Marie Vakalis,F
124006,Kristina Valjas,F
124093,Antoine Valois-Fortier,M
124183,Tera Van Beilen,F
124628,Maximilien Van Haaster,M
124716,Adam Joseph Van Koeverden,M
124731,Chantal Jean Van Landeghem,F
124790,Evan Van Moerkerke,M
125109,"Douglas ""Doug"" Vandor",M
125810,Joseph Veloce,M
125928,Tonya Lynn Verbeek,F
126038,Rudy Verhoeff,M
126485,Graham Vigrass,M
127422,Antje Von Seydlitz-Kurzbach,F
128435,"Zhen ""Eugene"" Wang",M
128750,Pamela Ware,F
128773,Damian Warner,M
128776,Justyn Paris Ashby Warner,M
128916,Natasha Watcham-Roy,F
128987,Sage Watson,F
129372,Richard Weinberger,M
129547,Sarah-Lynn Wells,F
129566,Valrie Welsh,F
130061,Simon St. Quentin Whitfield,M
130095,Tara Alice Whitten,F
130110,Angela Patricia Whyte,F
130186,Erica Elizabeth Wiebe,F
130482,Julia Rose Wilkinson,F
130485,Lauren Wilkinson,F
130486,Michael Wilkinson,M
130489,Rhian Emilie Wilkinson,F
130562,Charity Williams,F
130645,Michelle Williams (-Toro),F
131031,"Christopher ""Chris"" Winter",M
131063,"Frdric ""Fred"" Winters",M
131204,Natasha Wodak,F
131213,Eric Woelfl,M
131456,Rose-Kaying Woo,F
131550,"Michael ""Mike"" Woods",M
131616,Blake Thomas Worsley,M
131653,Aleksandra Wozniak,F
131694,David Wright,M
131928,Dylan Wykes,M
132749,"Dorothy Erzsebet ""Dori"" Yeats",F
133110,Andrew Yorke,M
133648,Shelina Laura Zadorsky,F
134226,Carling Zeeman,F
134284,Jessica Anne Zelinka,F
134520,Mo Zhang,F
135453,Kelita Zupancic,F
141,Clare Abbott,F
4167,Marian Andrews-Heffernan,F
7967,"Patrick Gerard ""Paddy"" Barnes",M
8033,Jessie Barr,F
8036,Thomas Barr,M
9392,Kieran Philip Behan,M
9641,Jonathan Bell,M
14316,Brendan Boyce,M
15012,Andrea Brewster,F
15192,Fionnuala Britton-McCormack,F
15260,Greg Patrick Broderick,M
16674,Derek Burnett,M
16738,David Burrows,M
17086,Linda Byrne,F
18230,Michelle Carey,F
18236,"Christopher ""Chris"" Cargo",M
18682,Peter Caruth,M
21777,Aoife Clark (Sisk-),F
22069,Mick Clohisey,M
22673,Michael John Conlan,M
22694,Breege Connolly,F
23613,Natalya Coyle,F
23642,Alistair Ian Cragg,M
23654,Hannah Craig,F
24181,Joanne Cuddihy,F
25381,Michael Darling,M
28671,Oliver James Dingley,M
29410,Steven Gerard Donnelly,M
29813,Fiona Doyle,F
32679,Mark English,M
33204,James Espey,M
33453,Jonty Evans,M
33471,Scott Evans,M
33504,Ciara Everard,F
35430,Michelle Finn,F
35728,Scott Flanigan,M
40752,Paul Gleghorne,M
41670,Kyle Good,M
41884,Ronan Gormley,M
42844,Colin Griffin,M
46145,Pdraig Peter  Harrington,M
46262,Conor Harte,M
46263,David Harte,M
47135,"Robert ""Robbie"" Heffernan",M
48275,Paul Hession,M
51283,Ava Hutchinson,F
52373,Brendan Emmet Irvine,M
52381,Martyn Irvine,M
53123,John Jackson,M
54308,Caitriona Jennings,F
54645,John Jermyn,M
54727,Andrzej Jezierski,M
56070,David Oliver Joyce,M
58319,Bryan Keane,M
58327,Lisa Kearney,F
58705,Mark Kenneally,M
65537,Mark Kyle,M
66132,Claire Lambe,F
66530,Arthur Lanigan-O'Keeffe,M
68051,"Elizabeth ""Lizzie"" Lee",F
71668,Olive Mary Loughnane,F
72625,Finn Lynch,M
72637,Sinad Lynch (Jennings-),F
73385,Chloe Noelle Magee,F
73386,Eugene Magee,M
73391,Ciara Mageean,F
73495,Leona Maguire,F
75552,"Daniel John ""Dan"" Martin",M
77284,David Patrick McCann,M
77311,Padraig McCarthy,M
77430,Shannon McCurley,F
77563,"Matthew ""Matt"" McGovern",M
77849,Sycerika McMahon,F
77987,Stephanie Meadow,F
78989,Anna Merveldt-Steffens,F
82298,Aileen Morrison-Reid,F
83509,Annalise Murphy,F
83510,Barry Murphy,M
83524,Grinne Murphy,F
83533,Joseph Murphy,M
85538,"John Joseph ""Joe"" Nevin",M
86692,Gavin Noble,M
86705,Melanie Nocher,F
86772,Adam Nolan,M
87864,Cian O'Connor,M
87958,Shane O'Donoghue,M
87962,Gary O'Donovan,M
87963,Paul O'Donovan,M
88089,Kerry O'Flaherty,F
88556,Peter O'Leary,M
88558,Ciaran O'Lionaird,M
89108,Darren O'Neill,M
89321,Ellis Jacqueline O'Reilly,F
89333,Derval O'Rourke (-O'Leary),F
90223,"Gerald ""Ger"" Owens",M
92960,"Victoria Shannon ""Tori"" Pena",F
95908,Paul Pollock,M
96649,Samus Power,M
97635,Sanita Pupure,F
97919,Nicholas Quinn,M
99748,Stephanie Reilly (O'Reilly-),F
100260,Judy Reynolds,F
100265,Laura Reynolds,F
100309,Eoin Rheinisch,M
101558,Nicholas Roche,M
103769,Deirdre Ryan,F
103789,Michael Ryan,M
103802,Shane Ryan,M
108096,Ryan Seaton,M
108098,Kevin Seaward,M
109798,Kirk Shimmins,M
113338,Alan Sothern,M
113734,Camilla Speirs,F
118917,"Kathleen ""Katie"" Taylor",F
120258,Saskia Tidey,F
121755,Sara Louise Treacy,F
122924,"William ""Billy"" Twomey",M
128718,"Joseph ""Joe"" Ward",M
128995,Michael Watt,M
131682,Alex Wright,M
252,Youcef Abdi,M
465,"Matthew ""Matt"" Abood",M
823,Liam Adams,M
824,Luke Kendall Adams,M
834,Paul Adams,M
2321,Fiona Albert,F
2442,Olympia Aldersey,F
2885,Laura Colleen Gloria Alleway,F
3054,Uzodinma Anthony Alozie,M
3347,Eloise Michelle Amberger,F
3711,David Emil Andersen,M
3825,Jenny-Lyn Anderson,F
4152,Jake Andrewartha,M
4413,Ashlee Ankudinoff,F
4511,Mark Anthony,M
4818,Zoe Arancini,F
5181,Daniel Arnamnart,M
5227,Mackenzie Elizabeth Arnold,F
5348,Mariafe Artacho del Solar,F
5577,Jessica Ashwood,F
5650,Dina Aspandiyarova,F
5820,Courtney Atkinson,M
5851,Teneal Attard,F
6660,Joel Baden,M
6913,Ryan Bailie,M
6934,Angie Lee Bainbridge,F
6949,Cameron David Bairstow,M
7016,Georgia Baker,F
7291,Ibrahim Balla,M
7364,"Suzanne Elspeth ""Suzy"" Balogh",F
7563,Jarrod Bannister,M
7585,Sarah Banting,F
7922,David Barlow,M
7937,Elisa Barnard,F
7993,Tamsin Barnett-Hinchley,F
8051,Bronte Amelia Arnold Barratt,F
8326,Clive Barton,M
8590,Suzy Batkovic (-Brown),F
8853,Louise Bawden,F
8923,Aron John Baynes,M
9013,Gemma Beadsworth,F
9014,Jamie Beadsworth,M
9018,Daniel Beale,M
9099,"Joshua ""Josh"" Beaver",M
9181,Nicole Elise Beck,F
9297,Domonic Bedggood,M
9567,Mathew Belcher,M
9764,Alexander Belonogoff,M
9809,Samuel Beltz,M
10228,Jake Bensted,M
11670,Stephen Bird,M
11673,Dane Alex Bird-Smith,M
11699,Damien Birkinhead,M
11713,Collis Birmingham,M
11779,Abby Bishop,F
11785,Isobel Bishop,F
11998,Blake Blackburn,M
12410,"Jennifer ""Jenny"" Blundell",F
12421,Madonna Blyth,F
12490,Jack Bobridge,M
12599,Lauren Boden-Wells,F
12795,Andrew Michael Bogut,M
12808,Georgia Bohl,F
12925,Peter Bol,M
13061,Sarah Joan Bombell,F
13156,Edwina Claire Bone,F
13280,Georgia Bonora,F
13359,"Joshua ""Josh"" Booth",M
13638,Ian Borrows,M
14243,Scott Bowden,M
14267,Daniel Bowker,M
14319,Fiona Boyce,F
14325,Alana Boyd,F
14865,Melissa Breen,F
14944,Ashleigh Jade Brennan,F
14949,Scott Michael Brennan,M
15083,Jo Brigden-Jones,F
15216,Brittany Broben,F
15292,Ryan Broekhoff,M
15599,Victoria Brown,F
16006,Caroline Buchanan,F
16092,Brodie Buckland,M
16104,Hannah Buckling,F
16105,Zoe Buckman,F
16215,Rachel Bugg,F
16364,Alyssa Bull,F
16536,Nathan Burgers,M
16672,Alyce Burnett,F
16750,Olia Burtaev,F
16759,Christopher Burton,M
16770,Natalie Burton,F
16773,Tom Burton,M
16974,Matthew Butturini,M
17591,"Elizabeth Folake ""Liz"" Cambage",F
17684,Bronte Campbell,F
17687,Cate Natalie Campbell,F
17742,"Richard ""Richie"" Campbell",M
18448,Ellie Madison Carpenter,F
18581,Joel Carroll,M
18796,Brendan Casey,M
18827,Charlotte Caslick,F
19055,"Stephanie-Elise ""Steph"" Catley",F
19603,Kyle Chalmers,M
19840,David Chapman,M
19845,Hayley Chapman,F
19847,James Jonathan Chapman,M
19946,Andrew Charter,M
19989,Renee Chatterton,F
19992,Matthew Chau,M
20048,Kevin Alejandro Chvez Banda,M
20285,"Hsuan-Yu ""Wendy"" Chen",F
20515,Emilee Cherry,F
20850,"Roderick ""Rod"" Chisholm",M
21133,"Nyuk Lian ""Leanne"" Choo",F
21668,"Christopher ""Chris"" Ciriello",M
21748,Taliqua Clancy,F
21783,Cameron Clark,M
21804,James Clark,M
21822,Milly Clark,F
21882,Simon Clarke,M
21945,Jane-Anne Claxton,F
21966,Jacob Clear,M
21970,Jennifer Cleary,F
21979,"Timothy ""Tim"" Cleland",M
22076,Jade Close,F
22323,Brendan Cole,M
22708,"James ""Jimmy"" Connor",M
22741,Patrick Constable,M
22859,Natalie Louise Cook,F
22862,Sarah Ann Patricia Cook,F
22865,Tamsin Cook,F
23384,"John ""Johnno"" Cotterill",M
23417,Bryn Coudraye,M
23422,Eoin Coughlan,M
23519,Alicia Jayne Coutts,F
23573,Rhydian Cowley,M
23717,Peter Crawford,M
23729,David William Crawshay,M
23821,Jessica Crisp,F
23906,Toni Maree Cronk,F
23937,Hannah Cross,F
23988,"Kimberley ""Kim"" Crow-Brennan",F
24020,Larissa Rose Crummer,F
24368,Amy Louise Cure,F
24370,Ben Cureton,M
24422,Nina Curtis,F
24436,"Thomas ""Tom"" Cusack",M
24617,"Nicholas James ""Nick"" D'Arcy",M
25036,Chloe Elysha Dalton,F
25384,Lisa Darmanin,F
25687,Hannah Davis,F
25793,"Matthew ""Matt"" Dawson",M
26730,Lisa Marie De Vanna,F
26804,Liam Andrew De Young,M
26829,Nathan Douglas Deakes,M
26837,Anthony Dean,M
26861,Timothy Deavin,M
27260,Lucien Delfour,M
27351,Casey Dellacqua,F
27355,"Matthew ""Matt"" Dellavedova",M
27623,Joel Dennerley,M
27635,Rohan Dennis,M
27643,Matthew Denny,M
27646,Erin Densham,F
27649,Martin Dent,M
28172,Michael Constantine Diamond (Diamondopoulous-),M
28355,Arnie Bradley W. Dickins,M
28926,Tommaso D'Orsogna,M
29306,Tamika Skye Domrow,F
29313,Jake Donaghey,M
29581,Ivo dos Santos,M
29932,Warwick Draper,M
30269,Cedric Dubler,M
30664,Joshua Dunkley-Smith,M
31015,Jamie Raymond Dwyer,M
31017,Kirstin Sheree Dwyer,F
31194,Casey Eastham-Sablowski,F
31291,Katie Rae Ebzery,F
31402,Thomas Edgar,M
31433,"Alexander ""Alex"" Edmondson",M
31434,Annette Edmondson,F
31440,"Madeleine ""Maddie"" Edmunds",F
31473,Anthony John Edwards,M
32407,Brittany Joyce Elmslie,F
32457,Gracie Elvin,F
32490,"Mitchell ""Mitch"" Emery",M
32886,"Christopher ""Chris"" Erickson",M
33241,Chloe Esposito,F
33246,Max Esposito,M
33360,Gemma Etheridge,F
33431,Blair Catherine Evans,F
33432,Cadel Lee Evans,M
33529,Hannah Every-Hall,F
33608,Allan Fa'alava'au,M
33873,Dana Faletic,F
34701,Keith Ferguson,M
34913,"Edward ""Ed"" Fernon",M
35549,Naomi-Lee Fischer-Rasmussen,F
35586,Ryan Fisher,M
35655,Riley Fitzsimmons,M
35715,Anna Flanagan,F
35874,Naomi Flood,F
36020,Lyndsie Fogarty,F
36067,Con Foley,M
36190,Caitlin Jade Foord,F
36232,George Ford,M
36240,Russell Ford,M
36350,Karsten Forsterling,M
36443,Sally Foster (-Hunter),F
36567,"Jessica Esther ""Jess"" Fox",F
36760,Robert Frank,M
36835,Pauline Frasca,F
36860,Marcus Fraser,M
36868,Thomas William Fraser-Holmes,M
36902,Henry Max Frayne,M
36931,Clayton Fredericks,M
36935,Lucinda Fredericks (Murray-),F
37958,"Jarmila Gajdoov (-Groth-, -Wolfe)",F
38043,Elena Galiabovitch,F
38786,Katrin Garfoot,F
39083,Blake Gaudry,M
39166,Daria Gavrilova,F
39511,Ashleigh Gentle,F
39543,Cayla George,F
39805,Tess Gerrand,F
39806,Simon Gerrans,M
40079,Miranda Giambelli,F
40158,Adam Gibson,M
40185,"Thomas ""Tom"" Gibson",M
40278,Jarrod Gilchrist,M
40383,Shara Gillow,F
40449,Drew Cameron Ginn,M
40549,Cameron Girdlestone,M
40672,Matthew Glaetzer,M
40989,"William ""Will"" Godward",M
41024,Keesja Kaia Gofers,F
41061,"Matthew ""Matt"" Gohdes",M
41701,Molly Goodman,F
41879,Melissa Anne Gorman,F
41909,Katrina-Lee Gorry,F
41958,"Matthew Harley ""Matt"" Goss",M
42067,"Christopher John ""Chris"" Goulding",M
42117,Blake Govers,M
42118,Kieran Govers,M
42415,Andrew Grant,M
42433,Rhys Grant,M
42623,Ellia Green,F
42744,Ryan Gregson,M
42887,Sam Griffiths,M
43217,"Samuel ""Sam"" Groth",M
43241,Madeline Groves,F
43485,Chelsea Lea Gubecka,F
43497,"Christopher Luke ""Chris"" Guccione",M
44366,Kate Gynther,F
44458,Alex Haas,M
44620,Jayden Hadler,M
44633,Katharina Haecker,F
44681,Alexandra Hagan,F
45014,Jessica Hall,F
45022,Linden Hall,F
45266,Samantha Hamill,F
45348,Bianca Maree Hammett,F
45353,Cameron Hammond,M
45459,Justin (Jiapeng-) Han,M
45610,Mary Hanna,F
45821,Jacob Hansford,M
46040,Julia Hargreaves,F
46126,Benn Harradine,M
46229,Kristi Lee Harrower,F
46255,Nathan Hart,M
46294,"Alexander ""Alex"" Hartmann",M
46990,"Suzanne ""Sue"" Hearn",F
47159,Francis Hegerty,M
47559,Scott Robert Hend,M
47585,Rebecca Henderson,F
47764,Jennifer Hens,F
47795,William Jehan Henzell,M
47814,Michael David Hepburn,M
48346,Lleyton Glynn Hewitt,M
48371,Michelle Pearl Heyman,F
48553,"Alexander ""Alex"" Hill",M
48635,Madeline Hills (Heiner-),F
49020,Belinda Jane Hocking,F
49371,Lewis Holland,M
49398,Tanya Holliday,F
49812,"Steven Leslie ""Steve"" Hooker",M
49816,Damien Duncan Hooper,M
49908,Kerry Hore,F
49958,"Jeffrey ""Jeff"" Horn",M
49999,Kate Hornsey,F
50051,Genevieve Horton,F
50055,"Mackenzie ""Mack"" Horton",M
50134,Chloe Hosking,F
50140,Melissa Hoskins,F
50342,Rhys Howden,M
50382,Andrew James Hoy,M
50561,Heming Hu,M
51050,"Jeffrey ""Jeff"" Hunt",M
51158,Ky Hurst,M
51289,Henry Hutchison,M
51824,"Mitchell ""Mitch"" Iles-Crevatin",M
51908,Talgat Ilyasov,M
52133,"Joseph Howarth ""Joe"" Ingles",M
52135,Alice Ingley,F
52377,Grant Irvine,M
52915,Amy Ives,F
53107,Emma Jackson,F
53129,Lauren Elizabeth Jackson,F
53135,Luke Jackson,M
53288,Chelsea Jaensch,F
53944,Rachel Jarry,F
54156,Joshua Jefferis,M
54166,Robin Jeffery,M
54274,"Edward ""Ed"" Jenkins",M
54294,"Michelle ""Shelly"" Jenneke",F
54300,Kate Jenner,F
54381,Iain Jensen,M
55605,Aislin Jones,F
55692,Leisel Marie Jones,F
56660,"Bradley ""Brad"" Kahlefeldt",M
56733,Selma Kajan,F
58047,Joshua Katz,M
58048,Nathan Katz,M
58121,Fergus Kavanagh,M
58242,"Joseph ""Joe"" Kayes",M
58312,Scott Keach,M
58392,Maddison Keeney,F
58415,Sally Kehoe,F
58557,Elise Kellond-Knight,F
58565,Damon Kelly,M
58567,Daniel Kelly,M
58706,Alanna Stephanie Kennedy,F
58854,Samantha May Kerr,F
58971,Danielle Merlyn Kettlewell,F
59077,Safwan Khalil,M
60532,"Thomas ""Tom"" Kingston",M
60731,Brian Kirkham,M
61577,Mark William Knowles,M
61582,Bronwen Knox,F
62086,Thanasi Kokkinakis,M
64780,Yolane Nicole Kukla,F
65706,Genevieve LaCaze,F
66009,Nicole Laird,F
66175,Regan Lamble,F
66612,Fabrice Lapierre,M
66726,"Mitchell James ""Mitch"" Larkin",M
67222,Tessa Lavey,F
67359,Matson Lawson,M
67376,Jian-Fang Lay (Hong-),F
67779,"Rebecca ""Beki"" Lee (-Smith)",F
68065,Minjee Lee,F
68114,Seen Lee,F
68741,"Lisbeth Constance ""Libby"" Lenton-Trickett",F
69218,Daniel Jason Lewis,M
69873,Jake Lilley,M
70030,Holly Lincoln-Smith,F
70102,Johan Tanel Linde,M
70453,Kevin Lisch,M
70488,Tobias Lister,M
70515,Emily Little,F
70839,"Alexander ""Alex"" Lloyd",M
70953,Samuel Loch,M
70979,William Lockwood,M
71043,Chloe Logarzo,F
71746,"Rachel ""Rach"" Lovell",F
72634,Rachael Lynch,F
73109,Kathleen MacLeod,F
73453,James Magnussen,M
73600,Travis Mahoney,M
74040,Kynan Maley,M
74189,Nick Malouf,M
74731,James Marburg,M
74889,Sebastian Marczak,M
75014,"Aleksandar ""Aleks"" Mari",M
75102,Martin Georgiev Marinov,M
75146,Lauryn Annyn Mark,F
75149,Russell Andrew Mark,M
75371,Kurtis Marschall,M
75550,Damian Patrick Martin,M
75636,Scott Martin,M
75643,Tyler Martin,M
75936,Carmen Marton,F
75937,Caroline Marton,F
76405,Luke Mathews,M
77250,Andrew McCabe,M
77360,Daniel McConnell,M
77373,Alicia McCormack,F
77423,Kaarle McCulloch,F
77433,"Patrick ""Pat"" McCutcheon",M
77504,Sam McEntee,M
77505,Cameron McEvoy,M
77590,Sam McGregor,M
77605,Kobie McGurk,F
77678,"Edward ""Ned"" McKendry",M
77712,"Cameron ""Maxi"" McKenzie-McHarg",M
77714,David McKeon,M
77716,Emma McKeon,F
77721,Taylor McKeown,F
77757,Kaila McKnight,F
77809,Sally McLellan-Pearson,F
77830,Jack Alan McLoughlin,M
77842,Karri McMahon,F
77856,Keryn McMaster,F
77914,David McNeill,M
77955,James McRae,M
78005,Anna Maree Devenish Meares,F
79312,Miao Miao,F
79460,"Kimberley ""Kim"" Mickle",F
79482,Robin Middleton,M
79873,"William ""Billy"" Miller",M
79911,Larrissa Miller,F
79959,John H. Millman,M
79984,"Patrick Sammy ""Patty"" Mills",M
80042,Lalita Vadimovna Milshina-Yauhleuskaya,F
80388,"Matthew John ""Matt"" Mitcham",M
80412,Kathryn Mitchell,F
80417,Lauren Mitchell,F
80418,Leilani Seamah Mitchell,F
80424,Morgan Mitchell,F
80440,Victoria Mitchell,F
80846,Emma Moffatt,F
81370,Kenrick John Monk,M
81812,Jane Moran,F
82016,"Christopher ""Chris"" Morgan",M
82020,David Morgan,M
82025,Georgina Morgan,F
82290,Jessica Morrison,F
82361,Stephanie Morton,F
82544,Craig Stuart Mottram,M
82545,Brock William Motum,M
83351,Hope Munro (Brown-),F
83581,Janine Murray,F
83966,Victoria Na,F
84469,"Gabrielle ""Gabi"" Nance",F
84492,Georgia Nanscawen,F
84505,Ryan Napoleon,M
84811,Meagen Marree Nay,F
84971,Leah Neale,F
85125,Jade Neilsen,F
85164,Grant Roy Nel,M
85184,Ashleigh Nelson,F
85193,Ella Nelson,F
85573,"Bradley ""Brad"" Newley",M
85612,Rachel Neylan,F
85670,Kotuku Ngawati,F
85805,Alana Nicholls,F
86015,"Matthew Peter ""Matt"" Nielsen",M
86825,Daniel Noonan,M
87285,Isaac Ntiamoah,M
87641,Lyndal Oatley,F
87642,Kristy Oatley-Nist,F
87645,Brittany O'Brien,F
87940,"Edward ""Eddie"" Ockenden",M
88100,Ben Offereins,M
88124,Stuart Peter O'Grady,M
88233,Jenna O'Hea,F
88242,Su-Hyun Oh,F
89271,Jai Tapu Opetaia,M
89373,Simon Orchard,M
89659,Glenn O'Shea,M
89996,Tarren Paige Otte,F
90143,Sarah Anne Outhwaite-Tait,F
90144,Nathan Outteridge,M
90378,Nikita Aleisha Pablo,F
90447,Jake Packard,M
90556,Malcolm George Page,M
90838,Becchara Palmer,F
90854,Joshua Palmer,M
90856,Kylie Jayne Palmer,F
91336,Jesse Parahi,M
91656,Georgie Parker,F
91737,"Elizabeth ""Liz"" Parnov",F
91785,Shannon Parry,F
91951,Travis Passier,M
92032,James Paterson-Robinson,M
92069,Elizabeth Patrick,F
92071,Jaele Patrick,F
92107,Eleanor Patterson,F
92481,Hamish Peacock,M
92482,Harrison Peacock,M
92727,John William Peers,M
92831,Evania Pelite,F
93450,Brooke Peris,F
93469,Shane Perkins,M
94471,Erin Victoria Phillips,F
94481,Jesse Phillips,M
94634,Leiston Jane Pickett,F
95864,Clare Elizabeth Polkinghorne,F
96103,Jarrod Poort,M
96179,Ivan Popov,M
96247,John Porch,M
96286,"Richard Julian ""Richie"" Porte",M
96453,Warren James Potent,M
96508,Alec Potts,M
96618,David Powell,M
96769,Brooke Pratley,F
96947,Olivia Price,F
97022,Danielle Mia Prince,F
97080,Sahit Prizreni,M
97596,Nicholas Purnell,M
97770,"Fan ""Esther"" Qin",F
97981,Alicia Quirk,F
98540,Glencora Ralph,F
99284,Chloe Rayner,F
99361,Brendon Reading,M
99425,Elise Maree Rechichi,F
99714,Samantha Lee Reid,F
100038,Carli Renzi,F
100040,Daniel Repacholi,M
100266,Lauren Reynolds,F
100424,Simplice Ribouem,M
100455,"Stephanie Louise ""Steph"" Rice",F
100506,Samantha Richards,F
100631,Brenton Scott Rickard,M
100988,"Melissa ""Mel"" Rippon",F
101004,"Jeffrey ""Jeff"" Riseley",M
101160,Megan Rivers,F
101219,Aidan Joseph Roach,M
101298,James Roberts,M
101308,Kelsey-Lee Roberts,F
101315,Nathan Roberts,M
101419,Brett Robinson,M
101452,"Joshua ""Josh"" Robinson",M
101649,Anastasia Rodionova,F
101650,Arina Rodionova,F
101950,Emily Mei Ling Rogers,F
101960,Michael Rogers,M
102566,Shane Rose,M
102693,Jesse Ross,M
102696,Joshua James Ross,M
102782,Jack Rossiter,M
103079,Aaron John Royle,M
103188,"Anneliese ""Annie"" Rubie",F
103709,Adam Rutter,M
103778,Jaime Ryan,F
103786,"Matthew ""Matt"" Ryan",M
103807,"William ""Will"" Ryan",M
105030,Dane Kevin Sampson,M
105060,"Daniele ""Dani"" Samuels (-Stevens)",F
105773,Caitlin Sargent-Jones,F
106445,Laetisha Scanlan,F
106906,"Jessicah Lee ""Jess"" Schipper",F
106938,"Melanie Rene ""Mel"" Schlanger (-Wright)",F
107697,Jodie Lauren Schulz-Kenny,F
107966,Callum Scotson,M
108044,"Jennifer ""Jenni"" Screen (-Mottram)",F
108160,Alethea Nevada Sedgman,F
108198,Emily Jane Seebohm,F
108768,Sawan Serasinghe,M
109006,Brendan Sexton,M
109451,Cristina Sheehan,F
109513,Michael Shelley,M
109923,Hayder Shkara,M
110787,Kyah Pam Simon,F
111661,Catherine Skinner,F
111672,Todd Skipworth,M
111902,Kathryn Slattery,F
111956,Tom Slingsby,M
112180,Anabelle Smith,F
112210,Carrie Smith,F
112223,Daniel Smith,M
112229,"David ""Dave"" Smith",M
112246,Emily Smith,F
112343,Luke Smith,M
112381,Robyn Selby Smith,F
112389,Ross James Smith,M
112399,Sophie Smith,F
112412,Tate Smith,M
112541,Belinda Rose Snell,F
112971,Steven Solomon,M
113471,"Ashleigh ""Ash"" Southern",F
113955,Amanda Spratt,F
113965,Christian David Sprenger,M
114093,"Benjamin ""Ben"" St. Lawrence",M
114136,Amber Rose Kelsey Stackpole,F
114361,Phoebe Stanley,F
114364,James Stannard,M
114379,James Ivor Stanton-French,M
114406,Brandon Starc,M
114710,John William Steffensen,M
114966,Lucy Stephan,F
115100,Dale Stevenson,M
115146,Grace Stewart,F
115165,Murray Stewart,M
115331,Ashley Stoddart,F
115334,Hayden Ernest Stoeckel,M
115532,Samantha Jane Stosur,F
115554,Belinda Josephine Marion Stowell,F
115690,Brooke Stratton,F
115692,Sharleen Marie Stratton,F
116311,"Grigory ""Greg"" Sukochev",M
116360,Eamon Wade Sullivan,M
116443,Laura Ann Summerton-Hodges,F
116558,Scott Sunderland,M
116709,Charlotte Sutherland,F
117067,Matthew Swann,M
117070,Thomas Swann,M
117144,Joel Swift,M
117467,Ferenc Szekszrdi,M
118098,Stephanie Talbot,F
118133,Jared Tallent,M
118134,Rachel Tallent,F
118202,Lachlan Tame,M
118293,Vivian Tan,F
118549,Melissa Tapper,F
118594,Farzad Tarash,M
118617,"Matthew Stephen C. ""Matt"" Targett",M
118902,Jayde Taylor,F
118932,"Penelope Jane ""Penny"" Taylor (-Gil-)",F
119853,Tristan Thomas,M
119878,Amie Viveca Margaret Thompson,F
119927,Jordan Thompson,M
120078,"Jessica ""Jess"" Thornton",F
120124,Brianna Throssell,F
120272,Patrick Tiernan,M
120446,Stuart Brian Tinney,M
120837,Marianna Tolo,F
120931,Bernard Tomic,M
120932,Josephine Tomic,F
121023,Emma Kate Tonegato,F
121080,Tia-Clair Toomey,F
121125,Edwina Tops-Alexander,F
121487,"Khuloud ""Loudy"" Tourky-Wiggins",F
121672,"Daniel John ""Dan"" Tranter",M
121822,Jessica Trengove,F
122177,Deborah Jiahui Tsai,F
122758,Amy Turner,F
122762,Bodi Turner,M
122776,Glenn Turner,M
122822,Spencer Turrin,M
122866,Aden Tutton,M
122927,Ryan Tyack,M
124568,Emily Louise Van Egmond,F
124815,Robyn Van Nus,F
125639,Renuga Veeran,F
125797,Adam Joseph Vella,M
126065,Hannah Vermeersch,F
127171,Meaghan Volker,F
128003,Kelsey Wakefield,F
128165,"Kenneth Maxwell ""Ken"" Wallace",M
128173,Tessa Clare Wallace,F
128707,"William ""Billy"" Ward",M
128753,Glenn Warfe,M
128793,Ethan Warren,M
128920,Jason Waterhouse,M
128953,Bronwen Watson,F
128997,"Mitchell ""Mitch"" Watt",M
129016,David Watts,M
129023,Shelley Marie Watts,F
129184,"Rowena ""Rowie"" Webster",F
129334,Lisa Jane Weightman,F
129408,Krystal Weir,F
129512,Eloise Wellings (Poppet-),F
129557,Sam Welsford,M
129795,Scott Westcott,M
129912,Thomas Whalan,M
129920,Jason Eric Whateley,M
129957,"Jacob ""Jake"" Whetton",M
129973,Adam White,M
130107,Lucinda Whitty,F
130534,James Willett,M
130629,Lincoln Alexander Williams,M
130634,Lydia Grace Yilkari Williams,F
130638,Mariah Williams,F
130641,"Matthew ""Matt"" Williams",M
130669,Sharni Williams,F
130738,Benita Jaye Willis-Johnson,F
130754,Sam Willoughby,M
130864,"Madison ""Madi"" Wilson",F
131481,Jordan Wood,M
131540,Gavin Woods,M
131544,Jackson Darren Woods,M
131556,Claire Woods-Tallent,F
131620,Taylor Worth,M
131624,Mark Worthington,M
131688,"Christopher Geoffrey ""Chris"" Wright",M
131759,Julian Wruck,M
131803,Melissa Paige Wu,F
132404,"Xin ""Chris"" Yan",M
132589,Lea Yanitsas,F
133220,Khalen Young,M
133243,Aaron Younger,M
133419,Igor Yudin,M
133665,Nicola Zagame,F
133831,Aran Zalewski,M
134541,"Ziyu ""Sally"" Zhang",F
135057,Aidan Zingel,M
1095,Cecil Sebastian Afrika,M
1107,"Timothy Ernest Victor Kwizera ""Tim"" Agaba",M
2775,Antonio Alkana,M
4745,Lusapho Lesly April,M
7896,Roxanne Kimberly Barker,F
8498,Jean Basson,M
13716,Dylan Bosch,M
14867,Vincent Breet,M
15094,Tarryn Bright,F
15179,Stefan Brits,M
15181,Lawrence Brittain,M
15182,Matthew Brittain,M
15507,Devon Myles William Brown,M
15554,Kyle Gie Brown,M
15717,Henricho Bruintjies,M
16996,Philip Buys,M
19291,Zamandosi Elizabeth Cele,F
19623,Dirkie Chamberlain,F
20889,Freedom Chiya,M
21338,Kate Christowitz,F
22227,Willem Coertzen,M
22229,Pietie Coetzee,F
22230,Rivaldo Roberto Genino Coetzee,M
22674,Alyssa Conley,F
23360,Bernadette Coston,F
23900,Andrew Peter Cronje,M
23971,Charl Crous,M
23972,Jarred Crous,M
25129,Sulette Damons,F
25586,Illse Davids,F
25665,Alistair Davis,M
25915,"Willem Frederik Andries ""Willie"" de Beer",M
26150,Robyn de Groot,F
26179,Shaun de Jager,M
26219,Juan Leon de Jongh,M
26977,Lisa-Marie Deetlefs,F
28879,Amanda Sinegugu Dlamini,F
29044,Kyle Dodd,M
29201,Keagan Larenzo Dolly,M
30125,Timothy Drummond,M
31496,Michelle Claire Edwards,F
32793,Douglas John Erasmus,M
33295,Bernard Esterhuizen,M
35278,Andile Eugene Fikizolo,M
36514,Lehann Fourie,M
36932,Cornel Fredericks,M
39311,Justin Gilberto Geduld,M
39397,Elroy Gelant,M
39557,Lesle-Ann Ronelda George,F
41142,Grant Goldschmidt,M
41431,Lungile Gongqa,M
42604,Jean Greeff,M
42632,Jake Milton Green,M
43060,Ursula Grobler,F
44964,Ian Haley,M
44986,Rhett Halkett,M
45318,Le Roux Hamman,M
45563,Lindsay Hanekom,M
46119,Marvin Harper,M
46283,Bridgitte Ellen Hartley,F
46570,Alan Hatherly,M
47064,Kate Hector-Woods,F
47924,Heerden Herman,M
48917,"Gabisile ""Judith"" Hlumbane",F
48935,Chad Ho,M
49950,Carina Horn,F
50184,Joanna Hotchkiss,F
50223,Franois Hougaard,M
50803,Roger Beresford Hudson,M
50972,Karen Hultzer,F
51044,David Hunt,M
51427,Julian Hykes,M
52046,Daryl Impey,M
53476,Dorian Lance James,M
53588,Refiloe Jane,F
54825,Asenathi Jim,M
55039,Anaso Jobodwana,M
56438,Calvyn Justus,M
56528,An-Li Kachelhoffer,F
56930,Christine Kalmer,F
56931,Ren Kalmer,F
58380,Shaun Keeling,M
59005,Thembi Kgatlana,F
59495,Itumeleng Isaack Khune,M
62067,Werner Kok,M
62138,Cheslin Kolbe,M
64341,Tiffany Kruger,F
65309,Thabiso Simon Kutumela,M
67496,Chad Guy Bertrand le Clos,M
68831,Tlotliso Gift Leotlela,M
71711,Gideon Abraham Louw,M
71712,Kylie-Ann Louw,F
71713,Lance Louw,M
72468,Siphiwe Lusizi,M
73262,Lloyd Madsen,M
73847,Mammello Makhabane,F
74024,Repo Terciuos Malepe,M
74051,"Stephanie Hana ""Steph"" Malherbe",F
74057,Jacob Maliekal,M
74652,Luvo Manyonga,M
74704,Lenise Marais,F
74832,Stefano Raffaele Marcia,M
74912,Trudi Maree,F
74938,Marsha Marescia (-Cox),F
76306,Menzi Alson Masuku,M
76445,Mulomowandau Erick Mathoho,M
76486,Noko Alice Matlou,F
76919,Tanith Gaelene Maxwell,F
77289,Kirsten McCann,F
77434,Thornton Charles McDade,M
77998,Katheryn Anne Meaklim,F
78286,Louis Meintjes,M
78354,Deolin Quade Mekoa,M
79223,Matthew Mark Meyer,M
79225,Michael Julian Meyer,M
79293,Andisiwe Mgcoyi,F
80709,Thokozile Mndaweni,F
80710,Kwandakwensizwa Ishmael Mngonyama,M
80730,Abbubaker Mobara,M
80790,Aubrey Maphosa Modiba,M
80798,Portia Modise,F
80832,Tebogo Moerane,M
80853,Ofense Iginitius Mogawane,M
81060,Godfrey Khotso Mokoena,M
81061,Stephen Mokoka,M
81221,Sanah Modiehi Mollo,F
81621,Ashleigh Moolman-Pasio,F
81650,Graeme Moore,M
82275,Tashreeq Morris,M
82503,Lebo Mothiba,M
82510,Linda Maserame Motlhalo,F
82546,Gift Motupa,M
83268,Marc Flynn Mundell,M
83386,Clarence Munyai,M
83566,Darren Murray,M
83591,Richard Murray,M
83802,Mothobi Mvala,M
84937,Sizwe Ndlovu,M
85055,Candice Neethling,F
85166,Wenda Nel (Theron-),F
85663,Coolboy Piet Ngamole,M
85762,Sifiso Nhlapo,M
86764,Shiwe Octavia Nogwanya,F
86990,Lloyd Norris-Jones,M
87293,Phumlani Nkosinathi Ntshangase,M
87294,Marry Nnana Ntsweng,F
87466,"Nompumelelo ""Mpumi"" Nyandeni",F
87586,Sibusiso Nzima,M
88783,Andr Olivier,M
89248,Anel Oosthuizen,F
90758,Justine Palframan,F
91132,Clinton Panther,M
92057,Taine Michael Paton,M
92058,Wade Paton,M
92122,Ryan Patterson,M
93626,Lee-Ann Persse,F
93812,Alexander Peternell,M
94380,Dina Lebo Phalula,F
94748,Erasmus Pieterse,M
95077,Zack Piontek,M
95214,Oscar Leonard Carl Pistorius,M
97037,Karin Prinsloo,F
97038,Lynique Prinsloo,F
97039,"Hercules Troyden ""Troy"" Prinsloo",M
98055,Mari Rabie,F
98583,Lebohang Ester Ramalepe,F
99690,Christopher Patrick Reid,M
99701,James Reid,M
99719,Justin Reid-Ross,M
100125,Paula Reto,F
101180,Mariette Rix,F
101307,"Kate ""Katie"" Roberts",F
101450,"Jonathan ""Jonty"" Robinson",M
102980,Sebastien Daniel Rousseau,M
103000,Jessica Roux,F
103085,Thamsanqa Jacob Rozani,M
103632,Shelley Russell,F
104262,Dylan Michael Sage,M
104929,Ruswahl Samaai,M
105318,Gillian Sanders,F
107353,Henri Schoeman,M
107354,Riaan Henry Schoeman,M
107355,Roland Mark Schoeman,M
107988,Dominique Scott,F
108532,Mokgadi Caster Semenya,F
108593,Seabelo Mohanoe Senatla,M
108732,Jermaine Seoposenwe,F
109035,Tanya Karen Seymour,F
109221,Lebogang Shange,M
109226,Leith Shankland,M
110639,Akani Simbine,M
110760,Ashleigh Ann Simon,F
111429,Amanda Sister,F
112073,Leandra Wiloma Smeda,F
112190,Austin Smith,M
112309,John Smith,M
112314,Jonathan Alan Smith,M
112330,"Albertus Stephanus ""Kwagga"" Smith",M
112362,Naydene Smith,F
112597,"Philippus Albertus Borman ""Philip"" Snyman",M
112598,Wayne Snyman,M
113173,Ayabonga Sonjica,M
113720,Roscko Shane Specman,M
114290,Burry Willie Stander,M
115456,Brandon Michael Stone,M
118402,"Bradley Edward ""Brad"" Tandy",M
118916,Kathleen Francis Taylor,F
119245,Nicolene Terblanche,F
119722,Tsholofelo Thipe (Selemela-),F
119918,James Thompson,M
121549,Darian Roy Townsend,M
122074,Wendy Anne Trott,F
124200,Suzaan van Biljon,F
124203,Irvette van Blerk-van Zyl,F
124348,Cameron van der Burgh,M
124804,Wayde van Niekerk,M
124856,Reinhardt van Rensburg,M
124880,Rocco van Rooyen,M
125015,Janine van Wyk,F
125024,Gideon van Zyl,M
125025,Jaco Phillipus Van Zyl,M
125027,"Louis Jacobus ""L. J."" van Zyl",M
126532,Nothando Vilakazi,F
126572,Annari Viljoen,F
126574,Sunette Stella Viljoen,F
126575,Willem Viljoen,M
126715,Julia Catherine Vincent,F
129148,Michelle Weber,F
130841,"Jennifer ""Jenny"" Wilson",F
915,Abrar Osman Adem,M
5639,Yared Asmerom Tesfit,M
33311,Tewelde Estifanos Hidru,M
39969,Weynay Ghebresilasie,M
39970,Ghirmay Ghebreslassie,M
44542,Nebiat Habtemariam Measho,F
44820,Yemane Haileselassie,M
59655,Aron Kifle,M
59656,Goitom Kifle,M
59657,Yonas Andebrhan Kifle,M
78045,Teklemariam Medhin Weldeslassie,M
78171,Rehaset Mehari,F
79015,Amanuel Mesel Tikue,M
117747,Zersenay Tadesse Habtesilase,M
119066,Daniel Teklehaymanot Girmazion,M
119359,Nguse Tesfaldet Amlosom,M
119431,Hiskel Tewelde,M
119433,Teklit Teweldebrhan,M
122257,Samuel Tsegay Tesfamriam,M
39915,Ammaar Shabbir Ghadiyali,M
48519,Hilal Hemed Hilal,M
55950,Fabiano Joseph Naasi,M
59579,Selemani Salum Kidunda,M
73936,Saidi Juma Makula,M
80688,Andrew Thomas Mlugu,M
82424,Magdalena Ruth Alex Moshi,F
82789,Zakia Mrisho Mohamed,F
83702,Faustine Mussa,M
98572,Samson Ramadhani Nyonyi,M
98573,Sara Ramadhani,F
110642,Alphonce Felix Simbu,M
593,Methkal Marouf Abu Drais,M
608,Ahmad Abughaush,M
612,Mohammad Abulibdeh,M
1991,Obada Al-Kasbeh,M
7608,Khader Ghetrich Baqlah,M
7609,Talita Baqlah,F
11776,Ibrahim Hani Bisharat,M
25414,Ihab Mahmud Darwish Almatbouli,M
25770,Nadin Dawani,F
32704,Kareem Ennab,M
33984,Lawrence Fanous,M
46551,Raya Hatahet,F
51499,Hussein Iashaish,M
59048,Ibrahim Khalaf,M
117806,Rima Taha Farid,F
687,Haykel Al-Achouri,M
1729,Youssef Akrout,M
3050,Kamel Al-Alouini,M
3537,Marwa Al-Amri,F
4775,Mohamed Al-Naceur Arafat,M
6207,Hassine Ayari,M
6208,Hela Al-Ayari,F
6231,Anouar Ayed,M
7567,Amine Bannour,M
9594,Choaib Belhaj Salah,M
9853,Rahma Ben Ali,F
9856,Amira Ben Amor,F
9868,Amira Ben Chaabane,F
9871,Mehdi Ben Cheikh,M
9886,Khaoula Ben Hamza,F
9889,Bilel Ben Hassine,M
9890,Karem Ben Hnia,M
9891,Afef Ben Ismail,F
9919,Makram Ben Romdhane,M
9928,Mohamed Ben Slimane,M
9931,Amor Ben Yahia,M
10958,Azza Besbes,F
10960,Sarra Besbes,F
11194,Mohamed Ali Bhar,M
13897,Wajdi Bouallgue,M
13908,Ins Boubakri,F
13991,Oussama Al-Boughanmi,M
19585,Hassen Al-Chaktami,M
19929,Olfa Al-Charni,F
20081,Radhouane Chebbi,M
20120,Nihel Cheikh Rouhou,F
21172,Marouan Chouiref,M
28042,Yosra Dhieb,F
31897,Mourad El Mabrouk,M
32086,Yahia El-Mekachari,M
33383,Nour Elhouda Ettaieb,F
34717,Fares Al-Ferjani,M
34718,Mohamed Ayoub Al-Ferjani,M
37845,Youssef Gaddour,M
39913,Hassine Ghada,F
39939,Al-Hedi Al-Gharbi,M
39940,Mahmoud Al-Gharbi,M
40054,Habiba Al-Ghribi-Boudra,F
40058,Mokhtar Ghyaza,M
40849,Ines Al-Gmati,F
44673,Mehdi Jamel Labeyrie-Hafsi,M
44847,Khaled Haj Youssef,M
45233,Aymen Hamed,M
45317,Riheb Al-Hammami,F
46920,Mohamed Hdidane,M
47105,Selim Al-Hedoui,M
47368,Wassim Helal,M
48392,Noureddine Hfaiedh,M
48924,Ouissem Hmam,M
50145,Oussama Hosni,M
50146,Wissem Hosni,M
50212,Khaled Houcine,M
50281,Abderrazak Houya,M
53038,Faicel Jaballah,M
53045,Ons Jabeur,F
53447,Wael Jallouz,M
54092,Malek Al-Jaziri,M
56014,Rim Jouini,F
56473,Hichem Al-Kaabi,M
56570,Ahmed Al-Kadhi,M
57461,Elyes Al-Karamosly,M
58350,Marouan Kechrid,M
61514,Nizar Knioua,M
64052,Khadija Al-Krimi,F
65877,Marouan Laghnej,M
66026,Sarra Lajnef,F
72771,Khalil El-Maaoui,M
72775,Mohamed Jilani Maaref,M
73401,Marouen Maggaiz,M
74914,Hana Mareghni,F
76444,Ahmed Al-Mathlouthi,M
78161,Haikel Meguennem,M
78338,Ahmed Al-Mejri,M
78339,Aymen Al-Mejri,M
78340,Salah Al-Mejri,M
78491,Oussama Mellouli,M
79276,Maroi Al-Mezien,F
79295,Bilel Al-Mhamdi,M
79783,Houda Miled,F
80364,Makrem Al-Missaoui,M
80724,Ismail Moalla,M
82771,Marouane M'rabet,M
82772,Mohamed Mrabet,M
82773,Taki Mrabet,M
84126,Hamza Nagga,M
84631,Chahinez Nasri,F
84632,Noura Nasri,F
87082,Ali Al-Nouisri,M
90073,Bilel Ouechtati,M
90085,Oussama Al-Oueslati,M
98330,Maroua Rahali,F
100362,Hla Riabi,F
103934,Amine Rzig,M
103943,Atef Saad,M
103952,Mohamed Al-Saadaoui,M
104346,Safa Al-Saidani,F
104361,Sobhi Saied,M
104937,Hichem Samandi,M
104938,Mohamed Samandi,M
106420,Hassanine Al-Sbai,M
109053,Mohamed Al-Sghaier,M
111950,Radhouane Slimane,M
113425,Racha Soula,F
113465,Mohamed Soussi,M
117826,Mohamed Al-Taieb,M
118527,Anouer Taouerghi,M
119057,Issam Tej,M
121439,Jaleleddine Al-Touati,M
121463,Aymen Al-Toumi,M
121600,Yassine Al-Trabelsi,M
135279,Hakim Zouari,M
5853,Ahmad Mohamed Attellesey,M
31971,Sofyan El-Gadi,M
31993,Ali Saleh El-Ghrari,M
32046,Mohamed El-Hadi Yussif El-Kawisah,M
32047,Ahmed Youssif El-Kawiseh,M
32198,Ali Zayed Mabrouk El-Zaidi,M
38232,Hussein Gambour,M
39911,Abdusalam Hala Gezah,F
44771,Daniah Hagul,F
50472,Mohamed Fuad Hrezi,M
110019,Yousef Saleh Shriha,M
251,Bashir Abdi,M
658,Jaouad Achab,M
1052,Jasper Aerents,M
1057,Sara Aerts,F
5506,Raheleh Asemani,F
8839,Ward Bauwens,M
9581,Almensh Belete,F
10593,Eline Berings,F
12511,Gauthier Boccard,M
12972,Cynthia Maduengele Bolingo Mbongo,F
13023,Svetlana Bolshakova,F
13326,Jill Boon,F
13327,Tom Boon,M
13329,Tom Boonen,M
13541,Dylan Borle,M
13543,Jonathan Borle,M
13544,Kvin Borle,M
13545,Olivia Borle,F
13874,Joachim Bottieau,M
13955,Carl Bouckaert,M
15071,Thomas Briels,M
16399,Michael Bultheel,M
16995,Kimberly Buys,F
17250,Florent Caelen,M
17254,Basten Caerts,M
18667,Louise Carton,F
19100,Virginie Caulier,F
19109,Olivier Cauwenbergh,M
19154,Louise Cavenaile,F
19914,Cdric Charlier,M
22055,Kim Antonie Lode Clijsters,F
22546,Nicolas Colsaerts,M
22991,Erica Coppey,F
23128,Dominique Cornu,M
23362,Tanguy Cosyns,M
23589,Lionel Cox,M
23874,Louis Croenen,M
25180,Lola Danhaive,F
25361,Steve Darcis,M
25530,Axelle Dauwens,F
25991,Jasper De Buyst,M
26070,Simon De Cuyper,M
26142,Stephanie De Groof,F
26228,Kenny De Ketele,M
26551,Laurens De Plus,M
26623,Alexandre De Saedeleer,M
26750,Liesbet De Vocht,F
26753,Charlotte De Vos,F
27007,Adrien Deghelt,M
27062,Veerle Dejaeghere,F
27072,Jrme Dekeyser,M
27093,Dieter Dekoninck,M
27374,Hlne Delme,F
27448,Dirk Demeersman,M
27545,Felix Denayer,M
27714,Senna Sandra Deriks,F
27757,Nina Derwael,F
28026,Jeroen D'hoedt,M
28030,Aisling D'Hooghe,F
28031,Jolien D'hoore,F
29022,Mathieu Doby,M
29030,Sbastien Dockier,M
29114,John-John Dohmen,M
29347,Karin Donckers,F
30276,Arnaud Dubois,M
30413,Nils Duerinck,M
30459,Jonathan Dufrasne,M
30952,Ann-Sophie Duyck,F
33575,Rene Eykens,F
34196,Claudia Fassaert,F
35852,Kirsten Flipkens,F
39321,Jelle Geens,M
39789,Alix Gerniers,F
40269,Philippe Gilbert,M
40352,Antoine Gillet,M
41001,Tom Richard Goegebuer,M
41034,David Goffin,M
41734,Dennis Goossens,M
42051,Simon Gougnard,M
43619,Jrme Gury,M
45634,Pieter-Jan Hannes,M
47127,Franois Heersbrandt,M
47422,Tia Hellebaut (Van Haver-),F
47713,Ludivine Henrion,F
47950,Rune Hermans,F
48367,Ilse Heylen (-Berghmans),F
58953,Si Mohamed Ketbi,M
62660,Lotte Kopecky,F
66554,"Jozeph Johannes Gerhardus Marinus ""Jos"" Lansink",M
67523,Philippe Le Jeune,M
67714,Fanny Lecluyse,F
68269,Yannick Lefbvre,M
68272,Jasper Lefevere,M
69090,Chlo Leurquin,F
72550,Maxime Luycx,M
72554,Lock Luypaert,M
73337,Tim Maeyens,M
79389,Claire Michel,F
79438,Githa Michiels,F
79757,Philip Milanov,M
82534,Maxime Mottet,M
83932,Galle Mys,F
84049,Koen Naert,M
85169,Barbara Nelen,F
86201,Toma Nikiforov,M
87563,Sven Nys,M
87827,Hannes Obreno,M
90076,lodie Oudraogo,F
91092,Laurens Pannecoucke,M
92253,Serge Pauwels,M
92906,Tom Pelsmaekers,M
93815,Artuur Peters,M
94435,Nicola Philippaerts,M
94746,Thomas Pieters,M
95928,Maaike Polspoel,F
98255,Anouk Raes,F
98575,Robin Ramaekers,M
99439,Xavier Reckinger,M
100008,Els Rens,F
100468,Maxime Richard,M
100816,Marc Rigouts,M
101576,Olivier Laurent Pierre Rochus,M
101887,Jurgen Roelandts,M
102396,Sigrid Rondelez,F
103837,Brian Ryckeman,M
104455,Jean-Michel Jacques Georges Hubert Saive,M
106687,Ruben Scheire,M
107604,Jens Schuermans,M
111283,Emilie Sinia,F
112677,Manuela Soccol,F
115298,Emmanuel Stockbroekx,M
116635,Glenn N. R. Surgeloose,M
117285,Jolien Sysmans,F
118274,Lianne Nathanaele Tan,F
118302,Yuhan Nathanael Tan,M
119631,"Nafissatou ""Nafi"" Thiam",F
120179,Jeffrey Thys,M
120388,Pieter Timmers,M
122149,Jrme Truyens,M
123872,Galle Valcke,F
124143,Evi Van Acker,F
124147,Hans Van Alphen,M
124161,Florent Van Aubel,M
124162,Greg Van Avermaet,M
124358,Elco van der Geest,M
124432,Thomas Van der Plaetsen,M
124545,Arthur Van Doren,M
124668,Gijs Van Hoecke,M
124671,Seppe Van Holsbeke,M
124678,Kevin Van Hoovels,M
124683,Benjamin Van Hove,M
124724,Wannes Van Laer,M
124755,Lieselotte Van Lindt,F
124848,Anne-Sophie Van Regemortel,F
124862,Marten Van Riel,M
124910,Willem Van Schuerbeeck,M
124918,Charline Van Snick,F
124925,Joris Van Springel,M
124936,Elliot Van Strydonck,M
124944,Dirk Van Tichelt,M
125035,Vincent Vanasch,M
125062,Stijn Vandenbergh,M
125086,Judith Vandermeiren,F
125137,Elke Vanhoof,F
125150,Emmanuel Vanluchene,M
125696,Anisha Vekemans,F
125917,Jimmy Verbaeys,M
126155,Katrien Verstuyft,F
126171,Jorinde Verwimp,F
127848,Laura Waem,F
128931,Gregory Wathelet,M
128945,Julien Watrin,M
129503,Tim Wellens,M
130157,Yanina Wickmayer,F
133682,Anne Zagr,F
578,Bourhan Abro,M
2707,Zourah Mohamed Ali,F
34015,Yasmin Farah Hassan,F
37987,Mumin Booqora Gala,M
50266,Fuad Anass Houssein,M
52592,Mohamed Ismail Ibrahim,M
80909,Kadra Mohamed Dembil,F
82578,Abdi Waiss Mouhyadin,M
89771,Abdourahman Osman,M
113429,Hassan Ayanleh Souleiman,M
596,Maher Abu Rmilah,M
611,Mohammed Abukhousa,M
1807,Mary Al-Atrash,F
1901,Bahaa Al-Farra,M
2135,Mayada Al-Sayad,F
39284,Ahmed Gebrel,M
46895,Sabine Hazboun,F
106330,Woroud Sawalha,F
132132,Simon Yacoub,M
135019,Christian Zimmermann,M
1316,Feta Ahamada,F
5801,Soule Soilihi Athoumane,M
6268,Sihame Ayouba Ali,F
25394,Maoulida Daroueche,M
57913,Denika Kassim,F
80921,Nazlati Mohamed Andhumdine,F
272,Berik Abdrakhmanov,M
620,Kanat Kalizhanovich Abutalipov,M
2496,Dmitry Sergeyevich Aleksanin,M
2512,Yevgeny Petrovich Alekseyev,M
2743,Zhanibek Alimkhanuly,M
2746,Elmir Eldarovich Alimzhanov,M
2765,Pirmammad Sadiyarovich Aliyev,M
3246,Anna Romzatovna Alyabyeva,F
3629,Zoya Sergeyevna Ananchenko,F
4371,Vitaly Vladimirovich Anichkin,M
5556,Sabina Ashirbayeva,F
6226,Diana Aydosova,F
6277,Gulnafis Garifollaevna Aytmukhambetova,F
6298,Tatyana Nikolayevna Azarova,F
6322,Moldir Azimbay,F
7133,Dmitry Igorevich Balandin,M
7568,Anastasiya Aleksandrovna Bannova,F
8871,Darkhan Argynovich Bayakhmetov,M
8885,Yermek Satybaldyyevich Bayduashov,M
8963,Asan Tolegenovich Bazayev,M
12378,Olga Yevgenyevna Bludova-Safronova,F
12934,Timur Bolat,M
14390,Islam Meyrambekovich Bozbayev,M
20796,Zulfiya Salakharovna Chinshanlo,F
21131,Arli Chontey,M
27611,Zhansel Deniz,F
27709,Aleksey Viktorovich Dergunov,M
28552,Askhat Rakhatovich Dilmukhamedov,M
28901,Mariya Dmitriyenko,F
29755,Olga Vyacheslavovna Dovgun (Belyayeva-),F
30959,Sultan Duzelbayev,M
31025,Aleksey Dyadchuk,M
31041,Ivan Fyodorovich Dychko,M
31884,Yevgeny Aleksandrovich Ektov,M
31885,Yekaterina Aleksandrovna Ektova,F
33152,Zhuldyz Attakurovna Eshimova (Turtbaeva-),F
35350,Nikita Viktorovich Filippov,M
35570,Aleksandra Aleksandrovna Fisher,F
37861,Daniyal Magomedovich Gadzhiyev,M
38011,Otgontsetseg Galbadrakhyn,F
38362,Denis Pavlovich Gankin,M
39671,Kirill Gennadyevich Gerasimenko,M
39778,Svetlana Viktorovna Germanovich,F
41161,Ilya Igoryevich Golendov,M
41768,Stepan Gorbachov,M
41859,Karina Khavazhevna Goricheva,F
41902,Sergey Andreyevich Gorovoy,M
43482,Sergey Vladimirovich Gubaryov,M
51536,Mamed Pashayevich Ibragimov,M
51538,Rinat Khisayevich Ibragimov,M
51907,Pavel Aleksandrovich Ilyashenko,M
51915,Ilya Aleksandrovich Ilyin,M
52411,Vladimir Nikolayevich Isachenko,M
52437,Gulzhan Abdildabekovna Isanova,F
52810,Ivan Ivanov,M
52930,Nataliya Evgenyevna Ivoninskaya,F
56760,Aslan Bayramaliyevich Kakhidze,M
57714,Dmitry Vasilyevich Karpov,M
57755,Doszhan Nurbatyrovich Kartikov,M
57837,Rima Kashafutdinova,F
58345,Almat Kabdrashevich Kebispayev,M
59129,Didar Khamza,M
59204,Farkhad Ibragimovich Kharki,M
59220,Saida Uralovna Khasenova,F
59264,Timur Khaydarov,M
59492,Vitaly Khudyakov,M
61306,Inna Klinova,F
61711,Dmitry Koblov,M
62100,Nikita Konstantinovich Kokorin,M
62852,Yelizaveta Korol (Lunina-),F
62951,Yerkebulan Muratbekovich Kosayev,M
63000,Artyom Viktorovich Kosinov,M
63563,Ayman Bulatovna Kozhakhmetova,F
63564,Sholpan Bulatovna Kozhakhmetova,F
63565,Bakhtiyar Gabitovich Kozhatayev,M
63758,Mikhail Krasilov,M
64633,Yury Vladimirovich Kudinov,M
64634,Anastasiya Valeryevna Kudinova,F
64791,Mikhail Aleksandrovich Kukushkin,M
64850,Anna Viktorovna Kulkina,F
65694,Yevgeny Labutov,M
66714,Yekaterina Alekseyevna Larionova,F
68886,Viktor Vladimirovich Leptikov,M
69163,Vasily Alekseyevich Levit,M
69904,Sergey Georgiyevich Lim,M
70537,Irina Andreyevna Litvinenko-Ektova,F
72196,Yekaterina Vladimirovna Lukichova-Smirnova,F
73923,Nikolay Mikhaylovich Maksimov,M
74236,Nursultan Mamayev,M
74282,Ravil Amirovich Manafov,M
74393,Maiya Salakharovna Maneza,F
74654,Gyuzel Tagirovna Manyurova,F
76140,Marina Vladimirovna Maslyonko,F
79446,Angelina Michshuk,F
79658,Elina Dmitriyevna Mikhina,F
81068,Ilya Vladimirovich Mokretsov,M
82952,Margarita Yevgenyevna Mukashova (Matsko-),F
83454,Vyacheslav Muravyov,M
84731,Irina Vladimirovna Naumenko-Karpova,F
85281,Aleksandra Nemich,F
85282,Yekaterina Nemich,F
86587,Daulet Shorayevich Niyazbekov,M
86589,Adilbek Sabitovich Niyazymbetov,M
87396,Anna Sagtanovna Nurmukhambetova,F
91034,Aleksey Ivanovich Panfili,M
92317,Kirill Anatolyevich Pavlov,M
94870,Anastasiya Olegovna Pilipenko (Vinogradova-),F
95606,Vyacheslav Sergeyevich Podlesny,M
95615,Svetlana Nikolayevna Podobedova,F
95624,Irina Dmitriyevna Podoynikova,F
95629,Aleksandra Podryadova,F
95952,"Vladislav Vitalyevich ""Vlad"" Polyakov",M
96433,Yelena Potapenko,F
98495,Nidzhat Aliyevich Rakhimov,M
98499,Yuliya Rakhmanova,F
98525,Maksim Sergeyevich Rakov,M
100047,Polina Viktorovna Repina,F
102258,Aleksandra Valeryevna Romanova,F
103251,Mikhail Andreyevich Ruday,M
103265,Yekaterina Olegovna Rudenko,F
103888,Olga Sergeyevna Rypakova (Alekseyeva-),F
104043,Rustem Vilevich Sabirkhuzin,M
104353,Luiza Saidiyeva,F
105121,Nurislam Sanayev,M
105692,Serik Zhumangaliyevich Sapiyev,M
106078,Olzhas Sattybayev,M
108820,Nataliya Olegovna Sergeyeva,F
109073,Daulet Yerkinovich Shabanbay,M
109154,Murat Maksutbekovich Shakenov,M
109169,Dariga Shakimova,F
109190,Yelena Yevgenyevna Shalygina,F
109251,Abdulkhakim Alibekovich Shapiyev,M
109487,Zhayna Shekerbekova,F
109664,Georgy Nikolayevich Sheyko,M
109949,Aleksey Anatolyevich Shmider,M
110107,Yaroslava Vyacheslavovna Shvedova,F
110118,Yerzhan Temirbekovich Shynkeyev,M
112035,Zhansay Smagulov,M
112113,Yeldos Bakhtybayevich Smetov,M
112488,Irina Smolnikova,F
113215,Anastasiya Valeryevna Soprunova,F
116340,Ilyas Duysenovich Suleymenov,M
116796,Danabek Zhumagulovich Suzhanov,M
117302,Elmira Anuarbekovna Syzdykova,F
118376,Akzhurek Dostykovich Tanatarov,M
118557,Aleksandr Georgyevich Tarabrin,M
119118,Mariya Telushkina,F
120289,Taymuraz Vaznoyevich Tigiyev,M
120751,Sergey Aleksandrovich Tokarnitsky,M
122956,Nurmakhan Anarbekovich Tynaliyev,M
123218,Rustam Maratovich Ukumanov,M
123223,Denis Ulanov,M
123462,Marian Urdabayeva,F
123550,Galymzhan Shakhizindakhanovich Userbayev,M
123556,Vladimir Petrovich Ushakov,M
123626,Almas Dauletyarovich Uteshov,M
124005,Roman Gazizovich Valiyev,M
126017,Rafail Ravilyevich Vergoyazov,M
126756,Aleksandr Nikolayevich Vinokurov,M
127225,Marina Ivanovna Volnova,F
127545,Galina Olegovna Voskoboyeva,F
132212,Vladislav Pavlovich Yakovlev,M
132813,Daniyar Maratovich Yeleusinov,M
132817,Margarita Yeliseyeva,F
132833,Aleksandr Gennadiyevich Yemelyanov,M
132869,Kayrat Yeraliyev,M
132876,Feruza Adylzhanovna Yergeshova,F
132877,Andrey Andreyevich Yerguchov,M
132908,Aynur Yesbergenova,F
133508,Rashid Sadullayevich Yunusmetov,M
133526,Yury Aleksandrovich Yurkov,M
133775,Artyom Alekseyevich Zakharov,M
134135,Aleksandr Sergeyevich Zaychikov,M
134139,Sergey Aleksandrovich Zaykov,M
134398,Andrey Zeyts,M
134412,Birzhan Zhakypovich Zhakypov,M
134420,Gulzhanat Zhanatbek,F
134690,Ruslan Zhaparov,M
134691,Zhazira Abdrakhmanovna Zhapparkul,F
134700,Gani Olzhabayevich Zhaylauov,M
134711,Aygerim Agdarbekovna Zheksembinova,F
134760,Yevgeny Anatolyevich Zhilyayev,M
134770,Yuliya Vladimirovna Zhivitsa,F
134891,Dauren Nurdauletovich Zhumagaziyev,M
134903,Ablaykhan Kayratovich Zhusupov,M
135547,Viktoriya Viktorovna Zyabkina,F
273,Maizurah Abdul Rahim,F
52588,Mohamed Fakhri Ismail,M
69889,Anderson Chee Wei Lim,M
73615,Maziah Mahusin,F
102650,Ak Hafiy Tajuddin Rositi,M
133328,"Woon Chai ""Jaspar"" Yu",M
663,Sharath Kamal Achanta,M
4523,Seema Antil,F
5562,Aditi Ashok,F
5868,Manu Attri,M
6427,Lalita Shivaji Babar,F
6469,Kumari Babita,F
7488,Rahul Banerjee,M
8604,Manika Batra,F
11185,Jai Bhagwan,M
11212,Dattu Baban Bhokanal,M
11219,Mahesh Shrinivas Bhupathi,M
11601,Abhinav Bindra,M
13373,Rohan Bopanna,M
19583,Rushmi Chakravarthi,F
19717,Dutee Chand,F
19727,Apurvi Singh Chandela,F
19995,Garima Chaudhary,F
20062,Shiv Sankar Prasad Chawrasia,M
20341,Kynan Darius Chenai,M
20562,Bharat Kumar Chetri,M
21197,Shagun Chowdhary,F
25424,Ankita Das,F
25425,Atanu Das,M
25427,Mouma Das,F
27944,Laishram Bombayla Devi,F
27975,Somdev Kishore Devvarman,M
28039,Ayyasamy Dharun,M
28519,Valiyaveetil Diju,M
30260,Preeti Dubey,F
30913,Yogeshwar Dutt,M
31835,Deep Grace Ekka,F
40050,Soumyajit Ghosh,M
41743,Thonakal Gopi,M
42127,Vikas Shive Gowda,M
44207,Jwala Gutta,F
53361,"Orchatteri Puthiya Veetil ""O. P."" Jaisha",F
55399,Jinson Johnson,M
55544,Mayookha Mathalikunnel Johny,F
57239,Chinglensana Kangujam,M
57668,Dipa Karmakar,F
57669,Joydeep Karmakar,M
57862,Parupalli Kashyap,M
57955,Shivani Kataria,F
57956,Vandana Katariya,F
58040,Ravi Kumar Katulu,M
58094,Khushbir Kaur,F
58097,Manpreet Kaur,F
58098,Navjot Kaur,F
59158,Mairaj Ahmad Khan,M
59181,Tushar Khandker,M
59231,Ravinder Khatri,M
59564,Srikanth Kidambi,M
62303,Mangte Chungneijang Mary Kom,F
64062,Ganapathi Krishnan,M
64882,Amit Kumar Dahiya,M
64894,Manoj Kumar Kaltagediya,M
64900,Sandeep Kumar,M
64902,Sandeep Kumar,M
64908,Surender Kumar,M
64909,Sushil Kumar Solanki,M
64910,Vijay Kumar,M
64918,Deepika Kumari,F
64920,Sahana Kumari,F
65924,Anirban Lahiri,M
66053,Birendra Lakra,M
66054,Sunita Lakra,F
72165,Tintu Luka,F
73537,Renjith Maheshwary,M
73759,Laxmirani Majhi,F
74065,Monika Malik,F
74069,Sakshi Malik,F
80203,Lilima Minz,F
80221,Chanu Saikhom Mirabai,F
80297,Sania Mirza,F
82945,Danish Mujtaba,M
84470,Srabani Nanda,F
84480,Prakash Nanjappa,M
84516,Gagan Narang,M
85112,Saina Nehwal,F
85665,Soniya Chanu Ngangbam,F
90518,Leander Adrian Paes,M
92155,Ayonika Paul,F
94515,Geeta Phogat,F
94516,Vinesh Phogat,F
96036,Ashwini Ponnappa,F
96095,Krishna Poonia,F
96597,"Machettira Raju ""M.R."" Povamma",F
96709,Nikki Pradhan,F
96730,Sajan Prakash Prakash,M
97474,Sushila Chanu Pukhrambam,F
97536,Sapna Punia,F
97537,Savita Punia,F
97647,Kunhu Muhammed Puthanpurakkal,M
98391,Jitu Rai,M
98399,Tarundeep Rai,M
98476,Soundarajan Arokia Rajiv,M
98488,Sanjeev Rajput,M
98548,Kheta Ram,M
98558,Raghunath Vokkaliga Ramachandra,M
98750,Rani Rampal,F
98794,Basant Bahadur Rana,M
98870,Poonam Rani,F
99208,Sreejesh Parattu Raveendran,M
99466,Buss Sumeeth Reddy,M
105465,Sumit Sangwan,M
105837,Rahi Sarnobat (-Jeevan),F
109295,Ankit Sharma,M
109566,Nirmala Sheoran,F
110191,Heena Sidhu,F
110974,"Pusarla Venkata ""P. V."" Sindhu",F
111003,Akashdeep Singh,M
111006,Annu Raj Singh,F
111007,Avtar Singh,M
111018,Baljinder Singh,M
111026,Chain Singh,M
111040,Dharamvir Singh,M
111050,Gurbaj Singh,M
111056,Gurmeet Singh,M
111059,Gurpreet Singh,M
111065,Hardeep Singh,M
111068,Harmanpreet Singh,M
111090,Kothajit Singh Khadangbam,M
111102,Manish Singh Rawat,M
111103,Manjit Singh,M
111104,Manpreet Singh,M
111128,Ramandeep Singh,M
111134,Rupinder Pal Singh,M
111137,Sandeep Singh,M
111139,Sardar Singh,M
111142,Sawarn Singh,M
111144,Shivendra Singh,M
111151,Sudha Singh,F
111161,Vijender Kumar Singh,M
111179,Gurvinder Singh Chandi,M
111210,Om Prakash Singh Karhana,M
111219,Devendro Singh Laishram,M
111237,Nitendra Singh Rawat,M
111245,Manavjit Singh Sandhu,M
111267,Ram Singh Yadav,M
111467,Sathish Kumar Sivalingam,M
112724,Ronjan Sodhi,M
117175,Chekrovolu Swuro,F
118159,Jayanta Talukdar,M
119470,Deepika Thakur,F
119515,Shiva Thapa,M
119706,Chandanda Nikkin Thimmaiah,M
119735,Irfan Kolothum Thodi,M
119743,Anuradha Devi Thokchom,F
119764,Anilda Thomas,F
119864,Prarthana Gulabrao Thombare,F
120485,"Ignacious ""Ignace"" Tirkey",M
120871,Sandeep Tomar,M
121123,Namita Toppo,F
122626,Kavita Maheshkumar Tungar (Raut-),F
123246,Adaveeshaiah Puttaveeraswamy Gagan Ullalmath,M
123627,"Sannuvanda Kushalappa ""S. K."" Uthappa",M
126823,Jagadeesan Vishnuvardhan,M
126867,Sunil Sowmarpet Vitalacharya,M
128249,Devindar Sunil Walmiki,M
132141,Narsingh Pancham Yadav,M
132142,Renuka Yadav,F
132143,Vikas Krishan Yadav,M
132177,Mohammad Anas Yahiya,M
613,Kariman Abuljadayel,F
1786,Ali Ahmed Al-Amri,M
1787,Tariq Ahmed Al-Amri,M
1788,Atallah Al-Anazi,M
1856,Sultan Mubarak M. Al-Dawoodi,M
1885,Ramzy Al-Duhami,M
1886,Mohsen Hussain Al-Duhaylib,M
1932,Hussain Jamaan Al-Hamdah,M
1978,Abdullah Abdulaziz Al-Joud,M
2082,Lubna Al-Omair,F
2090,Moukheld Mahil F. Al-Outaibi,M
2096,Abbas Al-Qaisoum,M
2134,Prince Abdullah Bin Moteb Al-Saud,M
2180,Majed Al-Tamimi,M
5848,Sarah Amer Attar,F
6812,Kamal Bahamdan,M
45170,Sulaiman Hamad,M
65779,Abdulaziz Ladan Mohammed,M
73778,Eisa Majrashi,M
76188,Yousef Ahmed Al-Masrahi,M
80949,Abdullah Abkar Mohammed,M
86826,Emad Hamed Mohamed Noor,M
109136,Wojdan Ali Saraj Abdulrahim Shaherkani,F
109270,Abdullah Waleed Al-Sharbatly,M
109392,Mohammed Othman H. Shaween,M
2827,Heba Allejji,F
5450,Man Asaad,M
7707,Azad Al-Barazi,M
39958,Majed Al-Din Tarad Ghazal Al-Din,M
45222,Ahmad Saber Hamcho,M
46385,Omar Hasanin,M
56013,Ahed Joughili,M
56275,Bayan Jumah,F
57827,Mohamad Kasem,M
82576,Ghfran Al-Mouhamad,F
111878,Wessam Slamana,M
112640,Thuraia Sobh,F
135050,Raya Zin Aldden,F
1390,Azneem Ahmed,M
51182,Ahmed Husam,M
52581,Afa Ismail,F
86525,Ibrahim Nishwan,M
98964,Mohamed Ajfan Rasheed,M
103958,Hassan Saaid,M
109152,Aminath Shajan,F
412,Tesfaye Abera Dibaba,M
584,Ayele Abshero Biza,M
2239,Yenew Alamirew Getahun,M
2537,Habitam Alemu,F
3280,Mohammed Aman Geleto,M
3310,Hailemariyam Amare Tegen,M
4961,Abeba Aregawi Gebretsadik,F
5686,Meskerem Assefa Legesse (Wondimagegn),F
5687,Sofia Assefa Abebe,F
5688,Tigist Assefa,F
6202,Hiwot Ayalew Yeder,F
6204,Almaz Ayana Eba,F
9487,Kenenisa Bekele Beyecha,M
9490,Tariku Bekele Beyecha,M
9583,Yehualeye Beletew,F
10582,Lemi Berhanu Hayle,M
11151,Chala Beyo Techo,M
16592,Gelete Burka Bati,F
26980,Meseret Defar Tola,F
27450,Yigrem Demelash,M
27870,Bereket Desta Gebretsadik,M
28311,Genzebe Dibaba Keneni,F
28312,Mare Dibaba Hurssa (-Ibrahimova-),F
28313,Tirunesh Dibaba Keneni,F
28744,Etenesh Diro Neda,F
31452,Muktar Edris Awel,M
34527,Getu Feleke,M
38799,Roba Gari Chebute,M
39285,Gebre Egziabher Gebremariam,M
39286,Mekonnen Gebremedhin Woldegeorgis,M
39287,Yanet Seyoum Gebremedhin,F
39288,Dejen Gebremeskel,M
39289,Rahel Fseha Gebresilassie,F
39290,Hagos Gebrhiwet Berhe,M
39396,Erba Tiki Gelana,F
39869,Birhan Getahun,M
43051,Tsgabu Gebremaryam Grmay,M
44541,Robel Kiros Habte,M
44616,Abadi Hadis Embaye,M
59565,Werknesh Kidane,F
69854,Feyisa Lilesa,M
78879,Aselefech Mergia,F
79016,Nahom Mesfin Tariku,M
88800,Beleynesh Oljira Jemane,F
104155,Besu Sado Beko,F
108125,Tafese Seboka,M
108223,Dino Sefir,M
109011,Dawit Seyaum Biratu,F
119019,Senbere Teferi,F
119363,Mulualem Girma Teshale,M
120332,Askale Tiksa Benti,F
120780,Tamirat Tola Abera,M
122256,Gudaf Tsegay Desta,F
122258,Tirfi Tsegaye Beyene,F
122520,Tigist Tufa,F
131281,Dawit Wolde Arega,M
131635,Aman Wote Fete,M
132909,Ababel Yeshaneh Birhane,F
344,Amer Abdulrahman Abdallah Hussain Al-Hammadi,M
345,Omar Abdulrahman Ahmad Al-Raaqi Al-Amoudi,M
1372,Mohamed Ahmad Ali Gharib Juma,M
1797,Dhaher Al-Aryani,M
1826,Ayesha Shahriyar Mohammed Al-Balooshi,F
1832,Nada Mohamed Abdulzaher Mohamed Al-Bedwawi,F
1834,Mubarak Muhammad Salem Al-Besher,M
1859,Humaid Rashd Al-Derei,M
1935,Ismail Salem Al-Hammadi,M
1980,Khaled Al-Kaabi,M
1986,Hamdan Ismail Muhammad Al-Kamali,M
2028,Juma bin Dalmouk bin Juma bin Maktoum Al-Maktoum,M
2029,Saeed bin Hasher Al-Maktoum,M
2119,Yaaqoub Al-Saadi,M
2197,Saud Al-Zaabi,M
2664,Ahmed Ali Salem Khamis Al-Abri,M
11571,Saif Bin Futtais,M
25416,Mohamed Abdullah Abbas Darwish,M
27767,Betlhem Desalegn Belayneh,F
31754,Rashed Eisa Sayid Al-Falasi,M
34032,Habib Fardan Abdallah Al-Fardan,M
34329,Mohamed Fawzi Jawhar Faraj Abdulla Al-Jawhar,M
51210,Abdulaziz Hussain Haykal Mubarak Al-Balooshi,M
52395,Khalid Isa Muhammad Bilal Saeed,M
52586,Khamis Ismail Zayed,M
59071,Ahmed Khalil Sbait Mubarak Al-Junaibi,M
59219,Ali Khaseif Hamid Khaseif Housani,M
72811,Ali Ahmad Mabkhout Muhsin Omraan Al-Hajeri,M
76342,Ismaeil Matar Ibrahim Khamis Al-Mukhaini Al-Jneibi,M
80299,Yousif Mohamed Ahmed Mirza Al-Hammadi,M
80940,Khadija Mohammad,F
99884,Ivan Remarenco,M
104176,Alia Saeed Mohammed,F
105511,Abdelaziz Muhammad Sanquor Qambar Al-Mazam,M
108064,Victor Scvortov,M
116645,Saad Surour Mas'ud Surour Beniyas,M
120858,Sergiu Toma,M
1301,Sri Wahyuni Agustiani,F
1374,Tontowi Ahmad,M
1451,Mohammad Ahsan,M
5039,I Ketut Ariana,M
27583,Deni,M
31541,Riau Ega Agatha,M
33967,Lindaweni Fanetri,F
34382,Citra Febrianti,F
35468,Adrianti Firdasari,F
44614,Sudirman Hadi,M
48435,Taufik Hidayat,M
52336,Eko Yuli Irawan,M
54039,Meiliana Jauhari,F
55884,Praveen Jordan,M
65263,Diaz Kusumawardani,F
71183,Maria Natalia Londa,F
72217,Fernando Lumain,M
73538,Nitya Krishinda Maheswari,F
78547,Memo,M
82897,Hasbi Muhamad,M
84700,Lilyana Natsir,F
93489,Diah Permatasari,F
95832,Greysia Polii,F
97592,Hendra Purnama,M
101574,Ika Yuliana Rochmawati,F
104230,Dewi Safitri,F
105663,Simon Santoso,M
108751,Bona Septano,M
108950,Jadi Setiadi,M
108952,Hendra Setiawan,M
116171,I Gede Siman Sudartawa,M
116211,Tommy Sugiarto,M
116660,Debby Susanto,F
116694,Glenn Victor Sutanto,M
117182,Toni Syarifudin,M
121980,Triyaningsih,F
121981,Triyatno,M
130337,Muhammad Hanif Wijaya,M
131076,Putu Wiradamungga,M
133115,Yessy Venisia Yosaputra,F
133444,Dewi Yuliawati,F
2779,Jasmine Alkhaldi,F
3049,Kirstie Elaine Alora,F
8125,Mark Anthony Barriga,M
17165,Rachel Anne Cabral,F
17509,Daniel Caluag,M
22536,Nestor Landag Colonia,M
23731,Eric Shauwn Brazas Cray,M
28251,Hidilyn Diaz,F
48156,Rene Herrera,M
50126,Tomohiko Hoshina,M
54059,Mark Pinlli Javier,M
65770,Jessie Khing Lacuna,M
65796,Rogen Ladon,M
66703,Ian Lariba,F
84349,Kodo Nakano,M
102525,Paul Brian Rosario,M
116085,Charly Coronel Suarez,M
117690,Mary Joy Tabal,F
117717,Miguel Luis Tabuena,M
121291,Marestella Torres,F
338,Muminzhon Abdullayev,M
354,Bekzod Makhamadzhonovich Abdurakhmonov,M
1647,Murodzhon Kakharovich Akhmadaliyev,M
3457,Samira Amirova,F
4171,Leonid Vladimirovich Andreyev,M
5383,Rifat Rimatovich Artikov,M
5475,Nataliya Asanova,F
5675,Rustam Skhatbiyevich Assakalov,M
5778,Abbos Atayev,M
13692,Yuliya Borzova,F
21148,Dilshod Choriyev,M
25765,Valeriya Davydova,F
30873,Nadiya Dusanova,F
30884,Hasanboy Dusmatov,M
30886,Sardorbek Dusmurotov,M
31031,Artyom Andreyevich Dyatlov,M
31108,Bakhodir Dzhalolov,M
31112,Rustam Dzhangabayev,M
31123,Navruz Dzhurakobilov,M
32869,Akmal Ergashev,M
34109,Mirzokhid Farmonov,M
36046,Anton Viktorovich Fokin,M
38358,Luiza Ganiyeva,F
39193,Fazliddin Khasanbayevich Gaybnazarov,M
40641,Shakhram Dzhamshedovich Giyasov,M
51534,Magomed Idrisovich Ibragimov,M
52041,Yakhyo Imomov,M
52647,Denis Olegovich Istomin,M
56350,Sherali Juraev,M
58762,Zokhid Kenyayev,M
59096,Murodzhon Khalmuratov,M
59107,Sitora Khamidova,F
59294,Yekaterina Viktorovna Khilko,F
59321,Marina Khmelevskaya,F
59343,Sukhrob Khodzhayev,M
59360,Shakhboz Kholmurzayev,M
59481,Guzel Shavkatovna Khubbiyeva,F
59529,Valentina Kibalnikova,F
59834,Dmitry Kim,M
61805,Gerasim Igorevich Kochnev,M
63213,Aleksandra Kotlyarova,F
64594,Yulduz Kuchkarova,F
64627,Ruslan Kudayev,M
65096,Kurban Kurbanov,M
65098,Ruslan Kurbanov,M
65101,Zarina Kurbanova,F
65106,Soyib Kurbonov,M
65907,Sergey Lagutin,M
67016,Zhasurbek Latipov,M
73816,Ruslan Makarov,M
74235,Nataliya Mamatova,F
74249,Sakina Mamedova,F
74598,Dilshod Mansurov,M
76487,Gulnoza Matniyazova,F
78441,Bektemir Ruzmatzhonovich Melikuziyev,M
78621,Bakhrom Mendibayev,M
78742,Vadim Menkov,M
80260,Serik Abduvaliyevich Mirbekov,M
80304,Yodgoroy Mirzayeva,F
80760,Aleksey Yuryevich Mochalov,M
83714,Vladislav Mustafin,M
84802,Ikhtiyor Karimovich Navruzov,M
87401,Ruslan Nurudinov,M
89089,Ranokhon Omonova,F
94104,Andrey Petrov,M
98244,Svetlana Mikhaylovna Radzivil,F
98264,Nikita Igorevich Rafalovich,M
98502,Abbos Rakhmonov,M
98503,Uktamzhon Rakhmonov,M
99081,Elshod Yunusovich Rasulov,M
102810,Marta Rostoburova,F
104044,Shakhzodbek Sabirov,M
104356,Ramziddin Saidov,M
108785,Anastasiya Serdyukova,F
109148,Orzubek Shaimov,M
109171,Babur Shakirdzhanov,M
109282,Mirali Sharipov,M
109286,Nigina Sharipova,F
109973,Dmitry Aleksandrovich Shokin,M
111420,Marina Sisoyeva,F
111747,Vadim Skorovarov,M
112492,Yelena Smolyanova,F
112646,Rishod Rashidovich Sobirov,M
112781,Zaurbek Sokhiyev,M
116885,Anastasiya Svechnikova,F
118449,Abdullo Tovashevich Tangriyev,M
118606,Yuliya Aleksandrovna Tarasova,F
118702,Elmurat Zulypkarovich Tasmuradov,M
118953,Artur Borisovich Taymazov,M
120288,Soslan Vaznoyevich Tigiyev,M
120704,Khurshid Todzhiboyev,M
121995,Ulyana Olegovna Trofimova,F
122563,Rustam Tulaganov,M
122627,Yekaterina Tunguskova,F
122706,Dilshodzhon Turdiyev,M
122828,Nigora Tursunkulova,F
123297,Olga Vladimirovna Umaraliyeva,F
123501,Diyorbek Urozboyev,M
127505,Yekaterina Voronina,F
132766,Ivan Yefremov,M
133050,Doston Yokubov,M
133562,Shcherzodzhon Yusupov,M
134146,Ivan Viktorovich Zaytsev,M
134900,Anastasiya Sergeyevna Zhuravlyova (Kirbyateva-),F
135205,Shakhobiddin Shokirovich Zoirov,M
353,Rasul Abduraim,M
1035,Erkin Adylbek uulu,M
2475,Dmitry Aleksandrov,M
5103,Yuliya Vladimirovna Arkhipova-Andreyeva,F
5392,Izzat Artykov,M
5600,Yerzhan Askarov,M
11013,Otar Omarovich Bestayev,M
32789,Arsen Kadyrbayevich Eraliyev,M
51709,Ilya Ignatyev,M
52598,Ruslan Takhirovich Ismailov,M
58767,Zhanarbek Salimbayevich Kenzheyev,M
61713,Daniyar Kobonov,M
62842,Mariya Korobitskaya,F
63692,Yury Olegovich Krakovetsky,M
67408,Ayaal Lazarev,M
74247,Chingiz Mamedov,M
76136,Darya Maslova,F
83647,Magomed Savarbekovich Musayev,M
88498,Zhanyl Okoyeva,F
89785,Bekzat Osmonaliyev,M
94022,Denis Yevgenyevich Petrashov,M
95852,Viktoriia Poliudina,F
98691,Murat Ramonov,M
118078,Darya Talanova,F
122216,Ruslan Tsarev,M
122928,Ilya Tyapkin,M
122962,Aysuluu Tynybekova,F
355,Mukhamadmurod Abdurakhmonov,M
357,Yusup Abdusalomov,M
6461,Sergey Babikov,M
13375,Rasul Boqiev,M
21147,Mavzuna Chorieva,F
43836,Alisher Gulov,M
52557,Rustam Iskandari,M
53002,Katerina Izmaylova,F
65097,Olim Kurbanov,M
84850,Dilshod Nazarov,M
84853,Sobirjon Nazarov,M
84949,Farhod Ne'matov,M
86735,Nikolay Noev,M
90155,"Vladislava ""Vlada"" Ovcharenko",F
97198,Kristina Pronzhenko,F
98007,Jahon Qurbanov,M
112645,Parviz Sobirov,M
122997,Anastasiya Tyurina,F
123604,Komronshokh Ustopiriyon,M
133509,Anvar Yunusov,M
133557,Zelimkhon Yusufov,M
441,Tomomi Abiko,F
748,Mariko Adachi,F
750,Seiya Adachi,M
752,Yumi Adachi,F
1692,Teruyoshi Akiyama,M
1755,Chie Akutsu,F
3623,Takamasa Anai,M
4014,Kozue Ando,F
4017,Mikiko Ando,F
4646,Chika Aoki,F
4654,Tomomi Aoki,F
4781,Atsushi Arai,M
4782,Hirooki Arai,M
4787,Ryohei Arai,M
4801,Erika Araki,F
4853,Yukiya Arashiro,M
5457,Kentaro Asahi,M
5471,Sakiyo Asano,F
5472,Takuma Asano,M
6158,Suguru Awaji,M
6360,Yoshihiro Azuma,M
7026,Mashu Baker,M
10276,Fumiyuki Beppu,M
17602,"Asuka Antonio ""Aska"" Cambridge",M
20659,Kaori Chiba-Fujio,F
20679,Kenta Chida,M
25204,Taro Daniel,M
26848,Roderick Genki Dean,M
29120,Anna Doi,F
29121,Kazuto Doi,M
29122,Manami Doi,F
29123,Misaki Doi,F
29618,Sara Dosho,F
31216,Yukiko Ebata,F
31266,Yuki Ebihara,F
31270,Masashi Ebinuma,M
31634,Naito Ehara,M
32566,Hiroyuki Endo,M
32572,Wataru Endo,M
32918,Masashi Eriguchi,M
33377,Takashi Eto,M
37406,Masumi Fuchise,F
37476,Hiroki Fujiharu,M
37479,Mizuki Fujii,F
37482,Takuro Fujii,M
37489,Kenji Fujimitsu,M
37490,Hiromasa Fujimori,M
37511,Tsutomu Fujimura,M
37517,Isamu Fujisawa,M
37534,Arata Fujiwara,M
37543,Natsuki Fukase,F
37561,Ai Fukuhara,F
37570,Tomoko Fukumi,F
37572,Atsumi Fukumoto,F
37573,Miho Fukumoto,F
37577,Kenki Fukuoka,M
37579,Kayoko Fukushi,F
37580,Chisato Fukushima,F
37581,Daisuke Fukushima,M
37705,Takaharu Furukawa,M
41404,Shuichi Gonda,M
41997,Teruya Goto,M
42133,Kazuhiro Goya,M
44679,Ryunosuke Haga,M
44745,Kosuke Hagino,M
44747,Mayuko Hagiwara,F
44914,Aika Hakoyama,F
45173,Mayu Hamada,F
45178,Kyoko Hamaguchi,F
45559,Takuya Haneda,M
45654,Kazushi Hano,M
45909,Kiichi Harada,M
45916,Ryunosuke Harada,M
45923,Riki Harakawa,M
45940,Hisayoshi Harasawa,M
46397,Daigo Hasegawa,M
46398,Junya Hasegawa,M
46401,Kohei Hasegawa,M
46403,Suzuka Hasegawa,F
46553,Airi Hatakeyama,F
46804,Kenichi Hayakawa,M
46807,Ren Hayakawa,F
46814,Nagisa Hayashi,F
46816,Yuki Hayashi,F
46915,Shota Hazui,M
48400,Nao Hibino,F
48472,Keigo Higashi,M
48505,Rei Higuchi,M
48517,Masakatsu Hikosaka,M
48750,Yasunari Hirai,M
48764,Sayaka Hirano,F
48768,Hiroaki Hiraoka,M
48774,Kyomi Hirata,F
49287,Hiroshi Hoketsu,M
49924,Yuya Horihata,M
50124,Natsumi Hoshi,F
50152,Yuichi Hosoda,M
50405,Eri Hozumi,F
51592,Kana Ichikawa,F
51603,Kaori Icho,F
51613,Juri Ide,F
51615,Yosuke Ideguchi,M
51657,Chihiro Igarashi,F
51743,Atsuto Iida,M
51754,Shota Iizuka,M
51771,Shintaro Ikeda,M
51775,Yuta Ikeda,M
51777,Rikako Ikee,F
51780,Kanae Ikehata,F
51995,Runa Imai,F
52003,Kimihiko Imamura,M
52196,Kaori Inoue,F
52210,Tomohiro Inoue,M
52233,Yukiko Inui,F
52358,Ryosuke Irie,M
52460,Megumi Iseda,F
52474,Chiaki Ishibashi,M
52495,Naoko Ishihara,F
52513,Yuki Ishii,F
52519,Kasumi Ishikawa,F
52523,Suehiro Ishikawa,M
52543,Yu Ishizu,M
52613,Takao Isokawa,M
52656,Minami Itahashi,F
52671,Hanae Ito,F
52679,Mai Ito,F
52680,Masaki Ito,M
52685,Mima Ito,F
52699,Tatsuma Ito,M
52711,Yoichi Itokazu,M
52713,Mayo Itoyama,F
52939,Mana Iwabuchi,F
52951,Akiko Iwamoto,F
52954,Shohei Iwamoto,M
52959,Sachimi Iwao,F
52972,Azusa Iwashimizu,F
56595,Yuki Kadono,M
56673,Konomi Kai,F
56684,Moe Kaifuchi,F
56686,Ayumi Kaihori,F
56766,Reika Kakiiwa,F
57042,Masashi Kamekawa,M
57072,Daiki Kamikawa,M
57185,Kazuya Kaneda,M
57194,Masaki Kaneko,M
57200,Yuzo Kanemaru,M
57201,Yuka Kanematsu,F
57212,Rie Kaneto,F
57244,Miki Kanie,F
57267,Maiko Kano,F
57796,Erika Kasahara,F
57959,Rie Katayama,F
57960,Shingo Katayama,M
57978,Akemi Kato,F
57983,Izumi Kato,F
57996,Nobuya Kato,M
57997,Ryohei Kato,M
58007,Yuka Kato,F
58009,Yurie Kato,F
58163,Risako Kawai,F
58175,Naoki Kawamae,M
58177,Sho Kawamoto,M
58184,Motomi Kawamura,F
58187,Kaori Kawanaka,F
58198,Mayumi Kawasaki,F
58213,Nahomi Kawasumi,F
58303,Kenta Kazuno,M
59563,Yumi Kida,F
59684,Hideki Kikuchi,M
60410,Ayako Kimura,F
60420,Saori Kimura,F
60513,Yukari Kinga,F
60790,Yoshihide Kiryu,M
60815,Ayano Kishi,F
60818,Seiya Kishikawa,M
60820,Takayuki Kishimoto,M
60887,Takamasa Kitagawa,M
60891,Yuko Kitai,F
60892,Hisanori Kitajima,M
60893,Kosuke Kitajima,M
60894,Ryuzo Kitajima,M
60897,Shinobu Kitamoto,F
60970,Hiroshi Kiyotake,M
60971,Ryoko Kizaki,F
61652,Kenji Kobase,M
61655,Chisa Kobayashi,F
61715,Yuki Kobori,M
61923,Junya Koga,M
62012,Mifuyu Koide,F
62325,Rika Komazawa,F
62386,Ami Kondo,F
62387,Kaede Kondo,F
62394,Ai Kondo Yoshida,F
62483,Yukari Konishi (-Mori),F
62849,Shinzo Koroki,M
62968,Yasuhiro Koseki,M
64543,Kazushige Kuboki,M
64544,Satomi Kubokura,F
64876,Saki Kumagai,F
65127,Ayane Kurihara,F
65130,Mika Kurihara,F
65166,Akane Kuroki,F
65172,Narumi Kurosu,F
65233,Masatoshi Kushibiki,M
65331,Ano Kuwai,F
65337,Yusaku Kuwazuru,M
68627,Lomano Lava Lemeki,M
72962,Rui Machida,F
73298,Kayono Maeda,F
73301,Miyuki Maeda,F
73886,Yukio Makino,M
74256,Yuka Mamiya,F
74279,Keiko Manabe,F
74539,Yukari Mano,F
75981,Kei Marumo,F
75996,Karina Maruyama,F
76304,Toshiki Masui,M
76539,Rie Matsubara,F
76551,Takeshi Matsuda,M
76552,Tomoyuki Matsuda,M
76576,Kaori Matsumoto,F
76578,Namika Matsumoto,F
76581,Ryutaro Matsumoto,M
76585,Yayoi Matsumoto,F
76595,Daisuke Matsunaga,M
76617,Mina Matsushima,F
76620,Momotaro Matsushita,M
76623,Yuki Matsushita,M
76625,Misaki Matsutomo,F
79544,Tomoya Miguchi,M
80087,Kaho Minagawa,F
80098,Takumi Minamino,M
80184,Kazuyasu Minobe,M
80185,Yu Minobe,F
80495,Kana Mitsugi,F
80496,Aki Mitsuhashi,F
80499,Risako Mitsui,F
80553,Keiko Miyagawa,F
80569,Sae Miyakawa,F
80571,Hiromi Miyake,F
80572,Ryo Miyake,M
80578,Aya Miyama,F
80598,Haruka Miyashita,F
80620,Yuki Miyazawa,F
80622,Naho Miyoshi,F
80652,Honami Mizuochi,F
80655,Jun Mizutani,M
80767,Sachi Mochida,F
82070,Eita Mori,M
82136,Koichiro Morioka,M
82141,Arashi Morisaka,M
82516,Sanae Motokawa,F
83281,Ginga Munetomo,M
83412,Ai Murakami,F
83418,Mai Murakami,F
83421,Yukifumi Murakami,M
83427,Taisuke Muramatsu,M
83442,Ryota Murata,M
83460,Kota Murayama,M
83502,Koji Alexander Murofushi,M
83506,Sei Muroya,M
83980,Yurie Nabeya,F
84060,Hazuki Nagai,F
84063,Kensuke Nagai,M
84067,Yuri Nagai,F
84073,Saori Nagamine,F
84081,Miyu Nagaoka,F
84082,Moeko Nagaoka,F
84088,Yoshitaku Nagasako,M
84089,Yuki Nagasato-Ogimi,F
84093,Takanori Nagase,M
84271,Mai Nakagawa,F
84272,Miyuki Nakagawa,F
84273,Seiichiro Nakagawa,M
84278,Takahiro Nakai,M
84285,Shoya Nakajima,M
84290,Kanami Nakamaki,F
84292,Hitomi Nakamichi,F
84298,Kentaro Nakamoto,M
84301,Akihiko Nakamura,M
84303,Chiharu Nakamura,F
84307,Katsumi Nakamura,M
84313,Kosuke Nakamura,M
84316,Mai Nakamura,F
84318,Misato Nakamura,F
84347,Hiroshi Nakano,M
84348,Hiroyuki Nakano,M
84352,Rana Nakano,F
84365,Mie Nakashima,F
84380,Riki Nakaya,M
84385,Seira Nakayama,F
84387,Yosuke Nakayama,M
84388,Yukie Nakayama,F
84548,Daisuke Narimatsu,M
85072,Atsushi Negishi,M
86172,Hitomi Niiya,F
86505,Emi Nishikori,F
86506,Kei Nishikori,M
86510,Ayaka Nishimura,F
86515,Shiho Nishioka,F
86523,Masashi Nishiyama,M
86559,Yudai Nitta,M
86577,Koki Niwa,M
86770,Nozomi Nokano-Sato,F
86800,Harukyo Nomura,F
87032,Sakura Noshitani,F
87252,Keisuke Nozawa,M
87590,Asako O,F
87694,Hitomi Obara (Sakamoto-),F
88141,Akari Ogata,F
88172,Hiroki Ogita,M
88257,Takahiro Ohgihara,M
88296,Asumi Ohmura,F
88299,Shinobu Ohno,F
88337,Ayami Oishi,F
88340,Yoshiaki Oiwa,M
88397,Kumiko Okada,F
88398,Naoya Okada,M
88432,Keigo Okawa,M
88526,Nozomi Okuhara,F
88539,Yume Okuroda,F
89056,Kano Omata,F
89095,Hideki Omoto,M
89169,Misaki Onishi,F
89180,Mayumi Ono,F
89186,Shohei Ono,M
89684,Suguru Osako,M
89742,Ryota Oshima,M
89923,Kazuomi Ota,M
89927,Shinobu Ota,M
89932,Yuki Ota,M
89968,Ai Otomo-Yamamoto,F
89969,Kumi Otoshi,F
89974,Yuki Otsu,M
89983,Miyu Otsuka,F
89984,Shiho Otsuka,F
90265,Shiho Oyama,F
90283,Yoshimi Ozaki,F
104182,Nina Saeedyokota,F
104369,Norikatsu Saikawa,M
104435,Manabu Saito,M
104447,Takumi Saito,M
104476,Maki Sakaguchi,F
104477,Mizuho Sakaguchi,F
104479,Gotoku Sakai,M
104481,Hiroki Sakai,M
104483,Katsuyuki Sakai,M
104485,Mariko Sakai,F
104486,Masato Sakai,M
104487,Natsumi Sakai,F
104489,Sho Sakai,M
104497,Haruna Sakakibara,F
104511,Naoya Sakamoto,M
104550,Saori Sakoda,F
104978,Aya Sameshima,F
105504,Yuko Sano,F
105505,Yumeka Sano,F
105916,Satoru Sasaki,M
105920,Sho Sasaki,M
105921,Shota Sasaki,M
105929,Tsubasa Sasaki,M
105980,Akiko Sato,F
105982,Arisa Sato,F
106003,Kenki Sato,M
106013,Masako Sato,F
106031,Sayaka Sato,F
106035,Shoji Sato,M
106052,Yuka Sato,F
106054,Yuki Sato,M
106322,Homare Sawa,F
106334,Daichi Sawano,M
108400,Hanami Sekine,F
108960,Daiya Seto,M
109694,Akane Shibata,F
109732,Mitsuaki Shiga,M
109737,Risa Shigetomo,F
109766,Mami Shimamoto,F
109767,Haruyo Shimamura,F
109786,Minami Shimizu,F
109790,Sakiko Shimizu,F
109791,Satoshi Shimizu,M
109797,Yusuke Shimizu,M
109831,Risa Shinnabe,F
109844,Yuko Shintake,F
109850,Kazuya Shiojiri,M
109852,Reiko Shiota,F
109853,Tsukasa Shiotani,M
109854,Shinri Shioura,M
109869,Kenzo Shirai,M
109881,Katsuhiro Shiratori,M
109909,Yuta Shitara,M
112737,Go Soeda,M
112739,Kameli Raravou Latianara Soejima,M
113379,Sho Sotodate,M
116192,Satoko Suetsuna,F
116201,Chieko Sugawara,F
116213,Aiko Sugihara,F
116217,Kenyu Sugimoto,M
116219,Mika Sugimoto,F
116221,Sayuri Sugimoto,F
116227,Yuichi Sugita,M
116229,Taizo Sugitani,M
116519,Yuki Sunaga,F
116657,Katsuaki Susa,M
116799,Ayaka Suzuki,F
116800,Ayuko Suzuki,F
116803,Daisuke Suzuki,M
116824,Musashi Suzuki,M
116828,Satomi Suzuki,F
116838,Yasuhiro Suzuki,M
116844,Yusuke Suzuki,M
117697,Wakako Tabata,F
117729,Haruka Tachimoto,F
117790,Kenichi Tago,M
117895,Maki Takada,F
117908,Ayaka Takahashi,F
117913,Eiki Takahashi,M
117921,Kenji Takahashi,M
117924,Masanao Takahashi,M
117927,Miho Takahashi,F
117950,Shinji Takahira,M
117954,Ken Takakuwa,M
117965,Anju Takamizawa,F
117973,Aya Takano,F
117975,Sena Takano,F
117981,Hiroaki Takao,M
117986,Kei Takase,M
117987,Megumi Takase,F
117991,Yuka Takashima,F
117998,Sohsuke Takatani,M
117999,Naohisa Takato,M
118014,Daisaku Takeda,M
118018,Reiko Takeda,F
118028,Koji Takei,M
118036,Yoshie Takeshita (-Egusa),F
118040,Aya Takeuchi,F
118248,Tomoya Tamura,M
118314,Asuna Tanaka,F
118326,Izuki Tanaka,F
118330,Kazuhito Tanaka,M
118332,Kotono Tanaka,F
118344,Rie Tanaka,F
118352,Tomomi Tanaka,F
118353,Toshiyuki Tanaka,M
118359,Yusuke Tanaka,M
118363,Katsuyuki Tanamura,M
118465,Noriko Taniguchi,F
118467,Takayuki Tanii,M
118682,Kanami Tashiro,F
118685,Miku Tashiro,F
118740,Ryo Tateishi,M
118742,Tetsuya Tateno,M
118834,Hirokatsu Tayama,M
119232,Aya Terakawa,F
119233,Asuka Teramoto,F
119234,Miho Teramura,F
119243,Ken Terauchi,M
120754,Ramu Tokashiki,F
120772,Yoshitaka Tokunaga,M
120773,Yuhei Tokunaga,M
120774,Kenta Tokunan,M
120939,Shinichi Tomii,M
120945,Chiaki Tomita,F
120948,Makiko Tomita,F
120955,Makoto Tomizawa,M
120983,Natsumi Tomonaga,F
121345,Eri Tosaka,F
121573,Shohei Toyoshima,M
122391,Sakura Tsukagoshi,F
122414,Koko Tsurumi,F
122665,Lote Daulako Tuqiri,M
123049,Miki Uchida,F
123055,Kohei Uchima,M
123056,Kohei Uchimura,M
123066,Yuki Uchiyama,F
123109,Ai Ueda,F
123111,Haruka Ueda,F
123112,Naomichi Ueda,M
123118,Miyuki Uehara,F
123136,Yoshie Ueno,F
123145,Yasuhiro Ueyama,M
123307,Mami Umeki,F
123398,Kazushige Ura,M
123540,Takashi Usami,M
123562,Keisuke Ushiro,M
128008,Yuta Wakimoto,M
128272,Julian Jrummi Walsh,M
128880,Hiroki Watanabe,M
128883,Ippei Watanabe,M
128885,Kanako Watanabe,F
128888,Kazuki Watanabe,M
128891,Kazunari Watanabe,M
128914,Rio Watari,F
132158,Kanae Yagi,F
132186,Midori Yajima,M
132187,Shinya Yajima,M
132243,Kanae Yamabe,F
132276,Ryota Yamagata,M
132280,Akane Yamaguchi,F
132282,Hotaru Yamaguchi,M
132285,Mai Yamaguchi,F
132286,Marie Yamaguchi,F
132287,Misaki Yamaguchi,F
132308,Kohei Yamamoto,M
132316,Ryo Yamamoto,M
132322,Seito Yamamoto,M
132333,Yukari Yamamoto,F
132335,Kazuya Yamamura,M
132340,Koji Yamamuro,M
132342,Mio Yamanaka,F
132344,Shino Yamanaka,F
132367,Kohei Yamashita,M
132376,Toshikazu Yamashita,M
132397,Yuki Yamazaki,M
132441,Akira Yanase,M
132608,Kyoko Yano,F
132680,Kenya Yasuda,M
132723,Aki Yazawa,F
132724,Kazuki Yazawa,M
132726,Wataru Yazawa,M
133034,Chisato Yokoo,F
133036,Kiko Yokota,F
133037,Masato Yokota,M
133055,Eri Yonamine,F
133066,Tatsuhiro Yonemitsu,M
133116,Asami Yoshida,F
133122,Kurumi Yoshida,F
133127,Maya Yoshida,M
133130,Saori Yoshida,F
133137,Yugo Yoshida,M
133142,Mika Yoshikawa (Oshima-),F
133151,Maharu Yoshimura,M
133161,Miho Yoshioka,F
133413,Hazuki Yuda,F
133447,Takayuki Yumira,M
133448,Kenichi Yumoto,M
133449,Shinichi Yumoto,M
134133,Kotoki Zayasu,F
6992,Emile Rony Bakale,M
8979,Lorne Dorcas Bazolo,F
13981,Marcelle Cecilia Bouele Bondo,F
32239,Franck Dannique Elemba Owaka,M
45492,Xing Han,F
51633,Saheed Idowu,M
60398,Devilert Arsene Kimbembe,M
62068,Dienov Andrs Koka,M
74187,Dival Forele Malonga Dzalamou,M
85662,Mpi Anauel Ngamissengue,M
85686,Deo Gracia Ngokaba,M
104469,Suraju Saka,M
105444,Stefan Bellore Sangala,F
128477,Jianan Wang,M
132131,Aminata Aboubakar Yacoub,F
511,Tadesse Abraham,M
560,Amir Abrashi,M
1078,Franois Jacques Affolter,M
2304,Michael Albasini,M
4422,Jolanda Annen,F
5783,Sarah Atcho,F
6632,Timea Bacsinszky,F
8751,Christian Baumann,M
9347,Olivier Beer,M
9666,Jefferson Bellaguarda,M
9944,Diego Orlando Benaglio,M
11128,Simon Beyeler,M
13652,Peer Borsky,M
14547,Pablo Dominic Brgger,M
14743,Yannick Brauchli,M
15694,Nathalie Brugger,F
16031,Selina Christina Bchel,F
16054,Nicole Bchler,F
16190,Oliver Buff,M
16236,Matas Bhler,M
16520,Marcel Brge,M
17857,Fabian Cancellara,M
18027,Claudio Capelli,M
19516,Elise Chabbey,F
19649,Ludovic Chammartin,M
20589,"Sbastien ""Sba"" Chevallier",M
21219,Nina Christen,F
24200,Michelle Cueni,F
24245,Lucien Cujean,M
25332,Fabio Daprel,M
26423,Enrico De Maria,M
27131,Ajla Del Ponte,F
27201,Barnab Delarze,M
27842,Jrmy Desplanches,M
28426,Nathalie Dielen,F
28466,Heidi Diethelm Gerber,F
28543,Silvan Dillier,M
30053,Josip Drmi,M
30485,Romain Duguet,M
32399,Martin Elmiger,M
32483,Innocent Nkasiobi Emeghara,M
33297,Paul Estermann,M
33772,Linda Fahrni,F
34396,Roger Federer,M
35527,Pamela Fischer,F
35962,Mathias Flckiger,M
36174,Petra Fontanive,F
36307,Isabelle Forrer,F
36342,Lars Frster,M
37007,Fabian Frei,M
37419,Martin Fuchs,M
39802,Tiffany Groudet,F
40222,Sophie Anna Giger,F
40536,Nomi Girardet,F
40585,Benjamin Gischard,M
40852,Jeanine Gmelin,F
42234,David Graf,M
43199,Ciril Grossklaus,M
43558,Steve Guerdat,M
44384,Mario-Elio Gyr,M
44946,Alexandre Haldemann,M
46693,Romuald Hausser,M
47168,Oliver Nicola Hegi,M
47200,Joana Heidrich,F
47325,Max Heinzer,M
48325,Patrick Heuscher,M
48364,Sascha Heyer,M
48700,Martina Hingis (-Hutin),F
49010,Xavier Hochstrasser,M
50002,Sarah Hornung,F
51242,Kariem Hussein,M
52059,Fabienne In-Albon,F
52095,Linda Indergand,F
53871,Sabrina Jaquet,F
57037,Mujinga Elodie Kambundji,F
57485,David Karasek,M
57809,Pajtim Kasami,M
57833,Yannick Kser,M
58108,Fabian Raphael Kauter,M
61357,Timm Klose,M
62721,Salom Kora,F
63835,Sascia Kraus,F
63939,Christian Kreienbhl,M
64057,Marcela Krinke-Susmelj,F
64715,Simone Kuhn,F
65189,"Michael ""Mike"" Kurt",M
69074,Katrin Leumann,F
69775,Alexandre Liess,M
70955,Jan Lochbihler,M
71552,Pascal Loretan,M
73663,Augustin Maillefer,M
74726,Flavio Marazzi,M
74986,Annik Marguet,F
78192,Admir Mehmedi,M
78213,Dominik Meichtry,M
81735,Steve Morabito,M
82053,Michel Morganella,M
82396,Angelica Moser,F
82876,Werner Muff,M
83042,Axel Mller,M
84050,Ralph Nf,M
85061,Jolanda Neff,F
85444,Maja Doris Neuenschwander,F
86104,Simon Niepmann,M
87501,Anja Nyffeler,F
87759,Swann Gabrielle Oberson,F
97636,Irne Pusterla,F
98614,Fabio Ramella,M
99071,Grgory Rast,M
99666,Sbastien Reichenbach,M
100143,Cllia Reuse-Rard,F
100698,Sven Riederer,M
100900,Roger Rinderknecht,M
101494,Juliane Robra,F
101846,Ricardo Ivan Rodriguez Araya,M
102454,Roman Rsli,M
102874,Viktor Rthlin,M
103863,Daniela Ryf,F
104916,Andrea Nicolas Salvisberg,M
105679,Mateo Sanz Lanz,M
106596,Fabian Lukas Schr,M
106600,Michael Schr,M
106742,Amaru Reto Schenkel,M
106793,Patrick Scheuber,M
106911,Thry Schir,M
106999,Fabienne Schlumpf,F
107047,Michael Schmid,M
107307,Sebastien Schneiter,M
107750,Simon Schrch,M
107758,Nino Schurter,M
107934,Pius Schwizer,M
110273,Maja Siegenthaler,F
113893,Nicola Spirig Hug,F
114002,Ellen Sprunger,F
114003,Janika Sprunger,F
114005,La Sprunger,F
114186,Nico Stahlberg,M
114526,Richard Stauffacher,M
114700,Benjamin Steffen,M
114826,Giulia Steingruber,F
115350,Florian Stofer,M
115727,Pascal Strebel,M
116680,Esther Sss,F
116700,Gal Suter,M
119690,Cyrille Thiry,M
121485,Alexandra Touretski,F
121635,Lucas Tramr,M
122243,Evelyne Tschopp,F
123163,Maria Ugolkova,F
123972,Albane Valenzuela,F
124195,Martina Eva van Berkel,F
126004,Anouk Verg-Dpr,F
126646,Danielle Villars,F
127040,Florian Vogel,M
127064,"Benjamin ""Ben"" Vogg",M
127065,Felix Vogg,M
127447,Andr Vonarburg,M
129042,Stanislas Wawrinka,M
129718,Lukas Werro,M
129719,Simon Werro,M
130211,Daniel Wiederkehr,M
130399,Ruedi Wild,M
130778,Alex Wilson,M
131128,Alain Wiss,M
131964,Fabio Wyss,M
133546,Eddy Yusof,M
134160,Noemi Zbren,F
135337,Steven Zuber,M
135424,Nadine Zumkehr,F
451,Diana Monteiro Abla,F
925,Adenzia Aparecida Ferreira da Silva,F
1023,"Adriana ""Adrianinha"" Moiss Pinto",F
1203,Renzo Pasquale Zeglio Agresta,M
2376,Samuel Albrecht,M
2391,Gustavo Barreiros de Albuquerque,M
2559,Alex Sandro Lobo Silva,M
2587,Alexandra Priscila do Nascimento,F
2592,"Alexandre ""Alexandre Pato"" Rodrigues da Silva",M
2749,Aline Villares Reis,F
2750,Aline Pellegrino,F
2758,Alison Conte Cerutti,M
2969,Brandonn Pierry Cruz de Almeida,M
2972,Csar Augusto Oliveira de Almeida,M
2975,Jlio Antonio de Sourza e Almeida,M
2976,Kaio Mrcio Ferreira Costa de Almeida,M
2977,Luiza Tavares de Almeida,F
2979,Pedro Manuel Tavares de Almeida,M
3028,Ives Gonzlez Alonso,M
3097,Maria Suelen Altheman,F
3221,Higor Silva Alves,M
3227,Thiago Soares Alves,M
3503,"Eduarda Idalina ""Duda"" Amorim-Taleska",F
3614,Ana Paula Rodrigues-Belo,F
4047,Rafael Oliveira Andrade,M
4048,Rebeca Rodrigues de Andrade,F
4067,Nilson de Oliveira Andr,M
4070,Thiago do Rosario Andr,M
4101,Andria Suntaque,F
4133,Andressa Cavalari Machry,F
4134,Andressa Alves da Silva,F
4553,Vinicius Biagi Antonelli,M
4718,Mrcio Appel,M
4859,Adriana dos Santos Arajo,F
4861,Amanda Carolina Gomes de Arajo,F
4866,Luiz Alberto Cardoso de Arajo,M
4903,Geisa Rafaela Arcanjo,F
4987,Brbara Elisabeth Arenhart,F
5093,William Peixoto Arjona,M
6063,Henrique Avancini,M
6532,"Adrian ""Adri"" Delgado Baches",M
6743,Marta Baenza Centurion,F
6778,Jos Alessandro Bernardo Baggio,M
6822,Viviane Kretzmann Bahia,F
7193,Tais Balconi,F
7226,Hugo Balduino de Sousa,M
7471,Andreia Bandeira,F
7711,Ana Luiza Busato Barbachan,F
7716,Brbara Seixas de Freitas,F
7717,Brbara Micheline do Monte Barbosa,F
7768,Henrique Ribeiro Marques Barbosa,M
7769,Jade Fernandes Barbosa,F
7772,Leandro Mateus Barbosa,M
7792,Stephan de Freitas Barcha,M
8114,Francisco Carlos Barretto Jnior,M
8580,Paulo Roberto Batista Jnior,M
9049,Beatriz Zaneratto Joo,F
9307,gatha Bednarczuk Rippel,F
9738,Thomaz Cocchiarali Bellucci,M
9797,Fabiana Beltrame,F
10110,Vtor Alves Benite,M
10536,Arthur Bomfim Bergo,M
11039,Bruno Bethlem de Amorim,M
11556,"Ricardo ""Bimba"" Winicki Santos",M
13064,Thiago Bomfim Campos Dantas,M
13182,Caio Oliveira de Sena Bonfim,M
13460,Felipe Borges da Silva,M
13461,Gabriel Borges,M
13464,Luisa Nunes Porto Borges,F
13465,Matheus Borges Ferreira,M
13466,Maurcio Borges Almeida Silva,M
13467,Michel de Souza Borges,M
14810,Thiago Braz da Silva,M
15747,Bruna Beatriz Benites Soares,F
15791,"Bruno ""Bruninho"" Mossa de Rezende",M
15827,Maria Bruno,F
16122,Rosane Sibele Budag Ewald,F
16335,"Ana Beatriz ""Bia"" di Rienzo Bulco",F
16651,Pedro Luiz Burmann de Oliveira,M
16999,Rafael Augusto Buzacarini,M
17385,Franck Caldeira de Almeida,M
17392,Hugo Marinho Borges Calderano,M
17585,Alexandre Camargo,M
17650,Tiago Henrique de Oliveira Camilo,M
17801,Luiza Gonzalez da Costa Campos,F
17876,Lucas Benedito Cndido,M
17905,Marina Canetta Gobbi,F
17906,Marina Canetti,F
18120,Francine Camila de Moraes Cararo,F
18162,Tssia Pereira De Souza Carcavalli,F
18387,Priscilla Andreia Stevaux Carnaval,F
18510,Daniela Matarazzo Carraro,F
18697,Luza vila Borges Carvalho,F
19123,Jssica Bruin Cavalheiro,F
19368,Tales Rocha Cerdeira,M
19429,Isadora Cerullo,F
19652,Victria Chamorro,F
19712,Chana Franciela Masson de Souza,F
20643,Izabella Maizza Chiappini,F
20660,Charles Koshiro Chibana,M
20694,Marcelo Chierighini,M
20877,Fbio Rocha Chiuffa,M
21381,"Patricia ""Chuca"" de Oliveira Ferreira",F
21544,Csar Augusto Cielo Filho,M
21895,Felipe Claro Santa'Ana Silva,M
22135,Guilherme Henrique Cobbo,M
22375,Ndia Gomes Colhado,F
22552,Reinaldo Colucci,M
22622,Jhennifer Alves da Conceio,F
22623,Robson Donato Conceio,M
23156,Charles Fernando Corra,M
23162,Luciano Ribeiro Corra,M
23289,Joana Ribeiro Costa,F
23296,Keila da Silva da Costa,F
23297,Kissya Cataldo da Costa,F
23307,Rayssa Costa de Oliveira,F
23427,Laurent Johann Jos Bourda Couhet,M
23504,Geisa Aparecida Muniz Coutinho,F
23622,Vanessa Cozzi,F
23834,Cristiane Rozeira de Souza Silva,F
23852,Jonas de Oliveira Crivella,M
24317,Ana Marcela Jesus Soares da Cunha,F
24320,Leandro Leme da Cunha,M
24647,Felipe Santos da Costa e Silva,M
24653,Pedro Henrique de Miranda da Cunha,M
24659,Ruy Leme da Fonseca Filho,M
24664,Tain Mayara da Paixo,F
24679,Adilson Jos da Silva,M
24680,Adriana Aparecida da Silva,F
24693,Diogo Andr Silvestre da Silva,M
24695,Edson Isaas Freitas da Silva,M
24697,Fernanda Frana da Silva,F
24699,Gabrielle Mores da Silva,F
24707,Joo Pedro Francisco da Silva,M
24717,Lgia Santos da Silva,F
24724,Mayra Aguiar da Silva,F
24729,Pedro Henrique Gonalves da Silva,M
24730,Rafael Carlos da Silva,M
24742,Aldemir Gomes da Silva Jnior,M
24916,Daiane Menezes Rodrigues,F
25104,Leandro Damio da Silva dos Santos,M
25255,Danilo Luiz da Silva,M
25305,Damiris Dantas do Amaral,F
25307,Dante Guimares Santos do Amaral,M
25338,"Fabiana ""Dara"" Carvalho Carneiro Diniz",F
25575,Klberson Davide,M
25830,Marcus Vincius Carvalho Lopes D'Almeida,M
25893,Luana Bartholo de Assis,F
25906,Bruno Lins Tenrio de Barros,M
26010,Myke Michel Ribeiro de Carvalho,M
26013,Tatiele Roberta de Carvalho,F
26024,Csar Augusto Aquino de Castro,M
26073,Leonardo Gomes de Deus,M
26100,Harumy Mariko de Freitas,F
26193,Robenlson Vieira de Jesus,M
26367,Flvia Maria de Lima,F
26369,Jailma Sales de Lima,F
26399,Joo Bevilaqua de Lucca,M
26400,Natalia de Luccas,F
26434,Ian Carlos Gonalves de Matos,M
26473,Andressa Oliveira de Morais,F
26499,Augusto Dutra de Oliveira,M
26508,Ingrid de Oliveira,F
26510,Joo Vtor de Oliveira,M
26512,Jlio Csar Miranda de Oliveira,M
26530,Daynara Lopes Ferreira de Paula,F
26651,rica Rocha de Sena,F
26690,Leticia Cherpe de Souza,F
26717,Jos Guilherme de Toledo,M
26881,"Dbora Cristiane ""Debinha"" de Oliveira",F
26934,Fernanda Demtrio Decnop Coelho,F
27662,Deonise Fachinello Cavaleiro,F
28195,Gabriela Mantellato Dias,F
28937,Allan Lopes Mamdio do Carmo,M
29041,"Alvaro Affonso ""Doda"" de Miranda Neto",M
29254,Wagner Jos Alberto Carvalho Domingos,M
29390,Rubens Valeriano Donizete,M
29567,Aline Leone dos Santos,F
29569,Ane Marcelle Gomes dos Santos,F
29573,Clarissa Cristina dos Santos,F
29574,Daiane Garcia dos Santos,F
29577,Evelyn Carolina de Oliveira dos Santos,F
29585,Jlia Vasconcelos dos Santos,F
29590,Marlson Gomes dos Santos,M
29591,Marily dos Santos,F
29595,Peterson dos Santos,M
29601,Thiagus Petrus Gonalves dos Santos,M
29604,Vtor Hugo Silva Mouro dos Santos,M
29610,Mrio Jos dos Santos Jnior,M
29713,Douglas dos Santos Justino de Melo,M
30224,Emerson Duarte,M
30228,talo Manzine Amaral Duarte Garfalo,M
30232,Mariana Rog Duarte,F
30369,"Mauro Vinicius Hilario Loureno ""Duda"" da Silva",M
30772,Lucas Rodriques Duque,M
30774,Moiss Rodriques Duque,M
30908,Rogrio Dutra Silva,M
31381,der Francis Carbonera,M
32468,Emanuel Fernando Scheffler Rego,M
32920,rika Cristiano dos Santos,F
32921,rika Cristina de Souza,F
33095,"Srgio ""Escadinha"" Dutra dos Santos",M
33288,Hederson Alves Estefani,M
33293,Ester Aperecida dos Santos,F
33415,Evandro Gonalves Oliveira Jnior,M
33630,"Fabiana ""Fabi"" Alvim de Oliveira",F
33637,Fabiana da Silva Simes,F
33638,Fabiana Marcelino Claudino,F
33648,Josefa Fabola Almeida de Sousa Alves,F
33844,Natlia Falavigna Silva,F
33850,Yamaguchi Falco Florentino,M
34056,Bruna Jssica Oliveira Farias,F
34295,Rodrigo Faustino,M
34486,Roseli Amaral Feitosa,F
34541,Cristiano Silva Felcio,M
34546,Felipe Anderson Perieira Gomes,M
34676,Beatriz Moreira Feres,F
34677,Branca Moreira Feres,F
34756,Janildes Fernandes Silva,F
34893,Jos Roberto Reynoso Fernndez Filho,M
34900,"Fernanda ""Fernandinha"" Ferreira",F
34974,Aline da Silva Ferreira,F
34983,Fernanda Nunes Leal Ferreira,F
34988,Jaqueline Antonia Ferreira,F
34997,Nicolas Massao Ferreira Silva,M
35023,Laila Ferrer e Silva,F
35226,Nayara Figueira,F
35463,Juliano Ernani Malegreau Fiori,M
35525,Murilo Antnio Fischer,M
35894,Esquiva Falco Florentino,M
36016,Sergei Fofanoff,M
36178,Bruno Fontes,M
36289,"Miraildes ""Formiga"" Maciel Mota",F
36627,Felipe Alves Frana da Silva,M
36651,Francielle Manoel Alberto,F
36652,Francielle Aparecida do Nascimento,F
36701,Ethiene Cristina Gonser Franco,F
36708,Rud Franco,M
36893,Bruno Giuseppe Fratus,M
37062,Patrcia da Costa Freitas,F
37736,Filipe Antnio Carneiro Fuzaro,M
37781,"Gabriela ""Gabi"" Braga Guimares",F
37799,Gabriel Vasconcellos Ferreira,M
37807,Gabriel Barbosa Almeida,M
37808,Gabriel Fernando de Jesus,M
38374,"Paulo Henrique ""Ganso"" Chagas de Lima",M
38457,Fernanda Garay Rodrigues,F
38496,Alex Ribeiro Garcia,M
39080,Natalia Azevedo Gaudio,F
40117,Stefano Giantorno,M
40123,Willian Giaretton,M
40131,"Gilberto Amauri ""Giba"" de Godoy Filho",M
40507,Guilherme Giovannoni,M
40848,Morgana Gmach,F
41252,Bernardo Oneto Gomes,M
41256,Fbio Gomes da Silva,M
41258,Joo Luiz Gomes Jnior,M
41376,Paula Cristina de Arajo Gonalves,F
42054,Raiza Goulo Henrique,F
42227,Marco Soffiatti Grael,M
42228,Martine Soffiatti Grael,F
42559,Grazielle Pinheiro Guimares Nascimento,F
42729,Mateus Filipe Gregrio Machado,M
43570,Evandro Motta Guerra,M
43684,Guilherme Augusto Guido,M
43708,Leandro Marques Guilheiro,M
43740,Gustavo de Freitas Guimares,M
43746,Oswaldo dos Santos Guimares,M
44590,Henrique Haddad,M
48177,Graciele Herrmann,F
48301,Rafael Estevo Hettsheimeir,M
50385,Hugo Hoyama,M
50745,Diogo Kent Hubner,M
50822,"Marcelo ""Marcelinho"" Tieppo Huertas",M
50948,"Givanildo ""Hulk"" Vieira de Souza",M
51456,Daniele Matias Hyplito,F
51457,Diego Matias Hyplito,M
52023,Adam Imer,M
52407,Isabela Ramona Lyra Macedo,F
52475,Paula Harumi Ishibashi,F
53000,Iziane Castro Marques,F
53867,"Jaqueline Maria ""Jaque"" Pereira de Carvalho Endres",F
55910,Marcio Carvalho Jorge,M
56163,Juan Guilherme Nunes Jesus,M
56186,Juciely Cristina Silva Barreto,F
56249,Juliana Felisberta da Silva,F
56250,Ronald Odair Oliveira Julio,M
57588,Karla Cristina Martins da Costa,F
58558,Kelly Silva dos Santos,F
60885,Felipe Eidji Kitadai,M
61803,Raquel Cristina Kochhann,F
62079,"Renata Aparacida ""Kki"" da Costa",F
63123,Adriana Kostiw,F
63795,Franciela das Graas Krasucki,F
64878,Caroline Aiko Kumahara,F
65026,Kahena Kunze,F
66415,Haniel Vincius Inoue Langaro,M
66721,Larissa Frana Maestrini,F
67574,Bruna Kuroiwa Yamamoto Leal,F
68664,Ana Claudia Lemos da Silva,F
69908,Augusto Csar Lima Brito,M
69916,Emanuelle Leal Lopes e Lima,F
69917,Felipe Ferreira Lima,M
69925,Tamires Morena Lima de Arajo,F
69971,Gui Lin,F
70353,"Danielle ""Dani"" Rodrigues Lins",F
70930,Maria Clara Lobo,F
71299,Cisiane Dutra Lopes,F
71301,verton dos Santos Lopes,M
71384,Joaqun Eduardo Lopez,M
71700,Patrick Chagas Valrio Loureno,M
71737,Victoria Alimonda Lovelady,F
71937,Luan Guilherme de Jesus Vieira,M
71941,Luan Garcia Teixeira,M
71981,Ricardo Samuel Lucarelli Santos de Souza,M
71985,Lucas Rodrigues Moura da Silva,M
72160,Luiz Felipe Marques Fonteles,M
72558,Rafael Freire Luz,M
72670,Manuella Duarte Lyrio,F
72900,Marcos Antnio Costa Ferreira de Macedo,M
72939,Mala de Paula Machado,F
72941,Marcelo Magalhes Machado,M
73309,Roberto Maehler,M
73404,Maurren Higa Maggi,F
73624,Lucianne Barroncas Maia,F
73644,Jessica Sayonara Maier,F
73659,Maik Ferreira dos Santos,M
74713,Joanna de Albuquerque Maranho Bezerra de Melo,F
74735,Daiene Maral Dias,F
74736,Palmira Cristina Maral,F
74757,Marcelo Vieira da Silva Jnior,M
74997,Maria Elisa Mendes Ticon Antonelli,F
75010,Arthur Nory Oyakawa Mariano,M
75112,Ricardo Mrio de Souza,M
75301,Henrique Tavian Pereira Marques,M
75310,Yane Mrcia Campos da Fonseca Marques,F
75335,"Marcus ""Marquinhos"" Vinicius Vieira de Sousa",M
75337,"Marcos ""Marquinhos"" Aos Corra",M
75451,Marta Vieira da Silva,F
75890,Eliane Martins,F
75891,Fernanda Raquel Borges Martins,F
75896,Henrique de Souza Martins,M
76497,Erica dos Santos Matos,F
76572,Cazuo Matsumoto,M
76849,Maurine Dorneles Gonalves,F
76922,"Mayara ""May"" Fier de Moura",F
77937,"Christopher Paul ""Chris"" McPherson",M
78037,Etiene Pires de Medeiros,F
78380,Guilherme Melaragno,M
78518,Luiz Altamir Lopes Melo,M
78519,Marcelo Pinheiro Davi de Melo,M
78630,Bruno de Silveira Mendona,M
78631,Bruno Mendona Silva,M
78699,Eduardo Menezes,M
78703,Sarah Gabrielle Cabral de Menezes,F
79330,Maria Eduarda de Souza Miccuci,F
79907,Katherine Miller,F
80239,rika de Souza Miranda,F
81129,Fabola Pulga Molina,F
81166,Lorena Fontes Molinos,F
81352,Mnica Hickmann Alves,F
81481,Gideoni Rodrigues Monteiro,M
81492,Thiago Farias Monte Monteiro,M
81742,Fabiana dos Santos Mores,F
82915,Beatriz Futuro Mhlbauer,F
83478,Fabiana de Almeida Murer,F
83492,Murilo Endres,M
84131,Miriam Suely Nagl,F
84584,Felipe Nascimento,M
84677,Natlia Zlio Pereira,F
84845,Magno do Prado Nazaret,M
85298,Maybyner Nen,M
85398,Norberto Murara Neto,M
85404,Julio Henriques Neto,M
85524,Leandro Vissotto Neves,M
85613,Neymar da Silva Santos Jnior,M
86214,Sarah de Oliveira Nikitin,F
86704,Anderson Nocetti,M
86757,Juan Nogueira,M
86759,Pamela Imbico Nogueira,F
87324,Las Nunes de Oliveira,F
88461,Poliana Okimoto-Cintra,F
88704,Joo Victor Marcari Oliva,M
88716,Catherine Amanda Badocco Helene de Oliveira,F
88717,Anderson dos Santos Oliveira,M
88718,Bernardo de Souza Oliveira,M
88720,Celso Dias de Oliveira Jnior,M
88721,Fernanda Ryff Moreira Oliveira,F
88722,Flvia Maria de Oliveira Paparella,F
88723,Gilda Maria de Oliveira,F
88727,Larissa Martins de Oliveira,F
88729,Lorrane dos Santos Oliveira,F
88731,Nicolas Nilo Csar de Oliveira,M
88732,Pmella Nascimento de Oliveira,F
88734,Ronilson Matias de Oliveira,M
88739,Tess Flore Badocco Helene de Oliveira,F
88741,Ygor Coelho de Oliveira,M
89643,Daniel Orzechowski,M
89709,Oscar dos Santos Emboaba Jnior,M
90142,Luiz Felipe Agostin Outerelo,M
90515,Bruno Bitencourt Paes,M
90519,Lutimar Abreu Paes,M
90620,Lucas Moreira Duarte Paixo,M
91067,Gregolry Alves Freitas Panizo,M
91432,Hugo Pellicer Parisi,M
91739,Carlos Eduardo Ramadan Paro,M
91939,Giovana Prado Pass,F
92080,Andr Luiz Patrocnio Couto,M
92177,Paula Renata Marques Pequeno,F
92179,Paulo Roberto de Almeida Paula,M
92534,Fabiano Peanha,M
92706,Camila Hermeto Pedrosa Freire,F
92708,Giovanna Gomes Almeida Pedroso,F
92969,Victor Rodrigues Penalber de Oliveira,M
93178,Andr Linhares Pereira,M
93188,Francielly Machedo Pereira,F
93217,Teliana Santos Pereira,F
93218,Thiago Machado Vilela Pereira,M
93550,Ghislain Gabriel Perrier,M
93744,Mayssa Raquel de Oliveira Pessoa,F
93746,Rodrigo de Paula Pessoa,M
94662,"Daniela ""Dani"" de Oliveira Piedade",F
94989,Silvia Helena Arajo Pinheiro,F
95824,Poliana Barbosa Medeiros,F
96290,Maria de Lourdes Mazzoleni Portela,F
96297,Renato Tastardi Portella,M
96684,Alexandro Pozzer,M
96701,Bruno Prada,M
97845,Isaquias Queiroz dos Santos,M
97971,Jssica da Silva Quintino,F
98261,Rafael Pereira da Silva,M
98262,Rafaelle Leone Carvalho de Souza,F
98283,Rafael Alcntara do Nascimento,M
98586,Mariana Barbosa Ramalho,F
98721,Klber da Silva Ramos,M
98941,Raquel Fernandes dos Santos,F
99170,"Raul ""Raulzinho"" Togni Neto",M
99826,Fernando Saraiva Reis,M
99942,Renato Soares de Oliveira Augusto,M
100294,Renato Rezende,M
100376,Carlos Motta Ribas,M
100392,Gilvan Bitencourt Ribeiro,M
100429,"Ricardo ""Ricardinho"" Bermudez Garcia",M
100430,Ricardo Alex Costa Santos,M
100735,Jonathan Riekmann,M
100986,Cassio Cesar de Mello Rippel,M
101530,Bernardo Reis Lopes Rocha,M
101532,Francielle Gomes da Rocha,F
101539,Samira Pereira da Silva Rocha,F
101540,Solonei Rocha da Silva,M
101565,Tas de Morais Rochel,F
101667,"Rodrigo ""Rodrigo"" Santana",M
101669,Rodrigo Caio Coquette Russo,M
101670,Rodrigo Dourado Cunha,M
101680,Henrique Cavalcanti Rodrigues,M
101686,Joice Rodrigues de Souza,F
102230,Darlan Romani,M
102369,Rmulo Borges Monteiro,M
102388,Gabrielle Gonalves Roncatto,F
102398,Jackson Andre Rondinelli de Oliveira,M
102505,Vitria Cristina Silva Rosa,F
102520,Rosana dos Santos Augusto,F
102802,Ernst Adriaan Rost-Onnes,M
103640,Alexander Russo,M
103935,Andr Rezende S,M
103994,Lucas Saatkamp,M
104708,Paulo Salemi,M
105128,Daniel Henri Sancery,M
105129,Felipe Henri Sancery,M
105388,Sandro Raniere Guimares Cordeiro,M
105546,Graciete Feira de Santana,F
105551,Matheus Paulo de Santana,M
105590,Edna Santini,F
105624,Gabriel da Silva Santos,M
105631,Juliana Esteves dos Santos,F
105632,Juliana Paula Gomes dos Santos (de Azevedo-),F
105639,Leonardo Santos,M
105647,Nicholas Dias dos Santos,M
105654,Rosane dos Reis Santos,F
105655,Rosangela Cristina Oliveira Santos,F
105727,Flvia Lopes Saraiva,F
105748,Jlia Albino Sard,F
105918,Srgio Yoshio Sasaki Jnior,M
105976,Ana Stila Vieira Vargas,F
106485,Haline Leme Scatrut,F
106488,Fernando Augusto Dias Scavasin,M
106534,Martin Michael Schaefer,M
106683,Robert Scheidt,M
107078,Bruno Oscar Schmidt,M
107182,Roberto Schmits,M
107837,Athos Marangon Schwantes,M
107952,Diogo Sclebin,M
109482,Sheilla Tavares de Castro Blassioli,F
110176,"Sidnei ""Sido"" dos Santos Junior",M
110487,Alex William Pombo Silva,M
110488,Altobeli Santos da Silva,M
110492,Andr Luiz Muniz da Silva,M
110501,Clemilda Fernandes Silva,F
110508,Erlon de Souza Silva,M
110526,Joice Souza da Silva,F
110527,Jonathan Henrique Silva,M
110533,Lia Henrique da Silva Nicolosi,F
110539,Mariana dos Santos Silva,F
110549,Rafaela Lopes Silva,F
110557,Talles Frederico Sousa Silva,M
110558,Thiago Emiliano da Silva,M
110563,Wellison Rosa da Silva,M
110591,"Slvia Cristina ""Slvinha"" Gustavo Rocha Valente",F
110649,Amanda Netto Simeo,F
110802,Thiago Teixeira Simon,M
110986,Iris Silva Tang Sing,F
111358,Maicon de Andrade Siqueira,M
112402,Stphane Vehrl Smith,M
112610,Andr Soares,M
112612,Bruno Fraga Soares,M
112617,Nbia Aparecida Soares,F
112757,Eduard Soghomonyan,M
112871,Pedro Salgado Collett Solberg,M
113264,Slobodan Soro,M
113461,Joelma das Neves Sousa,F
113466,Vagner Jnior Souta,M
113486,Douglas Correia de Souza,M
113488,der Antnio de Souza,M
113489,Fernanda da Silva Souza,F
113499,Maurcio Luiz de Souza,M
113501,Ana Luiza Ferro Souza Lima Vieira de Mello,F
113878,Vanessa Chefer Spnola,F
113920,Tiago Splitter Beims,M
114752,Rodrigo Steimbach Silva,M
114763,Squel Sauane Stein,F
116244,Mahau Camargo Suguimati,M
117059,Isabel Marques Swan,F
117905,Tammy Galera Takagi,F
117909,Bruna Takahashi,F
118118,Talita Antunes da Rocha,F
118214,Tamara Cssia Dias Gomes,F
118390,Tandara Caixeta,F
118919,Larry James Taylor Junior,M
119049,Henrique Selicani Teixeira,M
119050,Janice Gil Teixeira,F
119051,Joedison de Jesus Teixeira,M
119052,Lara Puglia Teixeira Cianciarulo,F
119054,Venilton Torres Teixeira,M
119079,Cludia Jaqueline Lopes Teles,F
119080,Marcio Soares Teles,M
119465,Thas Duarte Guedes,F
119466,Thasa Daher de Menezes,F
119467,Thaisa de Moraes Rosa Morenio,F
119627,Thiago Maia Alencar,M
120793,Guilherme Amaral Toldo,M
121255,Caio Aparecido da Silveira Torres,M
121357,Marcelo Tosi,M
122368,Gustavo Tsuboi,M
123661,Bruno Uvini Bortolana,M
123944,Miguel Leite Valente,M
124371,Patrick Arnoud van der Heijden,M
124372,Yuri Vitor van der Heijden,M
125225,Anderson Frana Varejo,M
125704,Xavier Vela Maggi,M
125811,Juliana Rodrigues Veloso,F
125828,Kauiza Moreira Venncio,F
125854,Pedro Veniss,M
126022,Ana Paula Vergutz,F
126277,Sandro Ricardo Rodrigues Viana,M
126319,Lohaynny Caroline de Oliveira Vicente,F
126385,Jorge Henrique da Costa Vides,M
127642,Josip Vrli,M
128021,Walace Souza Silva,M
128152,Wallace Leandro de Souza,M
129899,Wverton Pereira da Silva,M
130541,William de Asevedo Furtado,M
131784,Felipe Almeida Wu,M
131983,Daniel Rezende Xavier,M
133597,Marina Aranha Zablith,F
133931,Arthur Nabarrete Zanetti,M
134027,Jorge Joo Zarif,M
134211,Jos Carlos Cracco Neto,M
135037,Moacir Zimmermann,M
7584,Herv Banti,M
23984,Kvin Crovetto,M
27847,Damien Desprat Lerale,M
33359,Brice Pascal Guy Ets,M
99277,Mathias Raymond,M
110160,Yann Siccardi,M
121946,Anglique Trinquier,F
3449,Nina Amir,F
5254,Felix Aronovich,M
5339,"Artiom ""Tommy"" Arshansky",M
5802,Ron Atias,M
7618,Nimrod Shapira Bar-Or,M
9175,Laetitia Beck,F
12300,Shani Bloch (-Davidov),F
12942,Linda Bolder,F
16842,Vered Buskila,F
17006,Moran Buzovski,F
20147,Lonah Korlima Chemtai,F
22260,Gil Cohen,F
22261,Gili Cohen,F
25388,Ron Darmon,M
25582,Maayan Davidovich,F
31375,Nufar Edelman,F
33022,Jonathan Dario Erlich,M
35373,Yuval Filo,F
37360,Dan Froyliche,M
38355,Imri Ganiel,M
39695,Yarden Gerbi,F
40813,Anastasia Gloushkov Leventhal,F
43442,Ageze Guadie,M
44826,Shlomi Haimy,M
52935,Amit Ivry,F
56956,Ziv Kalontarov,M
61232,Gideon Kliger,M
61631,Hanna Knyazyeva-Minenko,F
62935,Lee-El Korzits,F
62979,"Viktoriya ""Vika"" Koshel",F
62984,Alona Koshevatskiy,F
63809,Ilana Kratysh,F
64291,Dmitry Kroyter,M
69148,Ekaterina Levina,F
69153,Eyal Levine,M
72606,Karina Lykhvar,F
73931,Valeriia Maksiuta,F
77059,Ida Mayrin,F
81616,Tasama Moogas,M
82967,Sagi Aharon Muki,M
83481,"Andrea ""Andi"" Murez",F
85543,Gal Nevo,M
88931,Igor Olshanetskyi,M
90726,Noa Palatchy,F
90744,Josef Palelashvili,M
92472,Shahar Pe'er,F
95873,Golan Pollack,M
98545,Andy Ram,M
100618,Sergey Richter,M
101007,Shira Rishony,F
101171,Neta Rivkin,F
105430,Donald Eugene Sanford,M
105958,Or Sasson,M
106971,Alice Schlesinger,F
107848,Jillian Schwartz,F
108417,"David ""Dudi"" Sela",M
108418,Eran Sela,M
109346,Aleksandr Shatilov,M
109744,Zohar Hen Shikler,F
110065,Marina Shults,F
110252,Keren Michaela Siebner,F
119018,Marhu Abinet Teferi,M
119395,Ievgenia Tetelbaum,F
120565,Maor Tiyouri,F
121462,Yakov Yan Toumarkin Zhuravlev,M
133027,Inna Yoffe,F
133751,Polina Zakaluzny,F
134194,"Ariel ""Arik"" Ze'evi",M
134320,Zohar Zemiro,M
134775,Eliora Zholkovski,F
134990,Misha Zilberman,M
135332,Shahar Zubari,M
1297,Matas Aguirregaray Guruceaga,M
2353,Emiliano Albn Antognazza,M
4744,Pablo Alejandro Aprahamian Bakerdjian,M
5005,Egidio Ral Arvalo Ros,M
5054,Ramn Gines Arias Quinteros,M
17534,Maximiliano Matas Calzada Fuentes,M
17671,Martn Nicols Campaa Delgado,M
19146,Edinson Roberto Cavani Gmez,M
22124,Sebastin Coates Nin,M
22408,Rodolfo Anibal Collazo Tourn,M
24213,Martn Esteban Cuestas,M
24214,Nicols Cuestas,M
24223,Pablo Gabriel Cuevas Urroz,M
26982,Pablo Defazio Abella,M
30561,Emiliano Dumestre Guaraglia,M
33251,Jhonatan Esquivel Montes de Oca,M
36030,Alejandro Jos Foglia Costa,M
36031,Andrea Foglia Costa,F
36032,Mariana Foglia Costa,F
47978,Abel Mathas Hernndez Platero,M
66936,Emiliano Lasa Snchez,M
67167,Rudi Pablo Lausarot Bobenrieth,M
70987,Marcelo Nicols Lodeiro Bentez,M
78400,Jos Gabriel Melconian lvez,M
78401,Martn Andrs Melconian lvez,M
81910,Dolores Moreira Fraschini,F
86023,Nstor Nielsen van Hoff,M
98646,Gastn Ezequiel Ramrez Pereyra,M
99889,Ins Remersaro Coronel,F
101048,Sofia Julia Rito Enocksson,F
101734,Dborah Lizeth Rodrguez Guelmo,F
101735,Diego Martn Rodrguez Berrini,M
102141,Germn Alexis Roln Fernndez,M
102318,Juan Francisco Romero Calabria,M
110493,Andrs Byron Silva Lemos,M
113366,Jorge Soto Perera,M
116104,Luis Alberto Surez Daz,M
123508,Jonathan Matas Urretaviscaya da Luz,M
126914,Tabar Uruguay Viudez Mora,M
133871,Ernesto Andrs Zamora,M
976,Jonna Eva-Maj Adlerteg,F
1202,Ulrika Maria gren,F
1354,Johanna Maria Helne Ahlm,F
1553,Astrit Ajdarevi,M
2650,Linda Camilla Algotsson,F
2651,Sara Anneli Algotsson Ostholt,F
2940,Jenny Alm,F
2990,Johanna Maria-Therese Almgren,F
3070,Malin Therse Alshammar,F
3340,Kim Oscar Amb,M
3719,Frida Andersn,F
3929,Isabellah Moraa Andersson (Amoro-),F
3936,Jonna Andersson,F
3939,Kim Verner Andersson,M
3959,Erik Mattias Andersson,M
4722,Mikael Appelgren,M
4724,Emilia Elisabeth Appelqvist,F
5428,Lena Sofia Alexandra Arvidsson,F
5631,"Kosovare ""Kosse"" Asllani",F
6843,Meraf Bahta Ogbagaber,F
8381,Malin Birgitta Baryard-Johnsson,F
10059,Angelica Therese Bengtsson,F
10085,Rolf-Gran Bengtsson,M
10387,Kristoffer Zakarias Berg,M
10502,Emma Sofia Berglund,F
10562,Fredrik Bergstrm,M
10595,Valmir Berisha,M
11678,Bjrn Daniel Birgmark,M
11891,Christine Louise Bjerendal,F
12020,Emma Stina Blackstenius,F
12313,Linn Blohm,F
12345,Hanna Blomstrand,F
13761,Matilda Linna Boson,F
14737,Lisen Nina Magdalena Bratt (-Fredricson),F
15831,Klas Johan Ivan Ola Brunstrm,M
16426,Johanna Bundsen,F
22355,Michelle Elizabeth Coleman,F
24853,Anton Carl Diderik Dahlberg,M
24860,Dan Anders Hkan Dahlby,M
24879,Lisa Karolina Viktoria Dahlkvist,F
29053,Dalibor Doder,M
30832,Niclas Felix Dring,M
31422,Madelaine Nathalie Edlund,F
31799,Michaela Ek,F
31806,Lars Niclas Ekberg,M
31813,Kim Andreas Ekdahl du Rietz,M
31831,Matilda Ekholm,F
32648,Alexandra Catharina Engen,F
32897,Berit Lisa Matilda Ericson,F
32979,"Magdalena ""Magda"" Eriksson",F
33163,Stefan Christofer Eskilsson,M
33409,Johan Magnus Eurn,M
33745,Gabriella Fagundez,F
33757,Sonia Emilia Marie Fahlin,F
35526,sa Nilla Maria Fischer,F
35867,"Kristina Lina ""Tina"" Flognman",F
36023,Hanna Victoria Fogelstrm,F
36494,Charlotta Emma Katarina Fougberg,F
36801,Alexander Fransson,M
36802,Anna Jenny Eva Maria Fransson (Magnusson-),F
36923,Annika Sofia Wiel Fredn (-Hvannberg),F
36953,Jens Fredric Fredricson,M
36954,Carl Peder Fredricson,M
37301,Lars Arne Frlander,M
37813,Astrid Elisabeth Gabrielsson,F
38727,Stina Karolina Gardell,F
39718,Pr Hkan Gerell,M
40708,Nikita Glasnovic,F
41762,Antonia Pia Anna Gransson,F
42006,Jim Gottfridsson,M
42412,Anna Martina Granstrm,F
42653,Emma Anna-Maria Green-Tregaro,F
43261,Cecilia Anna Grubbstrm Skagerstam,F
43823,Isabelle Therese Gulldn,F
44086,Anders Karl Gustaf Gustafsson,M
44108,Mattias Oskar Gustafsson,M
44760,Nathalie Mari Hagman,F
45322,Pauline Louisa Hammarlund,F
45324,Ingegerd Marie Hammarstrm,F
45852,Louise Maria Hansson,F
45859,Sophie Elizabeth Hansson,F
46235,"Lise-Lotte Maren ""Lotta"" Harrysson (Mikkelsen-)",F
46244,Karl Axel Hrstedt,M
47404,Therese Sara Magdalena Islas Helgesson,F
47562,Mads Hendeliowitz,M
47958,Mia Hermansson,F
48876,Moa Elin Marianne Hjelmer,F
50179,Carolina Joline Hstman (Hglund-),F
51155,Henri Mikael Hurskainen,M
51617,Filippa Idhn,F
52468,Mikael Ishak,M
53218,Sabina Rosengren Jacobsen,F
53401,Johan Mikael Jakobsson,M
53404,Eva Sofia Jakobsson,F
54264,Alhaji Jeng,M
54648,Eric Gsta Magnus Jernemyr,M
55146,Lilian Anna-Maria Johansson,F
55167,Elin Maria Katarina Johansson,F
55171,Emma Karolina Johansson,F
55198,Henna Katarina Johansson,F
55209,Jennie Caroline Eleonore Johansson,F
55214,Karin Ida Louise Johansson,F
56316,Ebba Anna Jungmark,F
56693,Gabriella Kain,F
56914,Jonas Daniel Gustav Kllman,M
56923,Anna Malin Elisabet Kllstrm (Hultn-),F
56926,Susanna Elisabeth Kallur,F
57640,Kristian Karlsson,M
57645,Mattias Karlsson,M
57655,Bror Mikael Tobias Karlsson,M
57665,Philip Enrique Perseus Karlstrm,M
57686,Per Lassi Karonen,M
59080,Abdul Rahman Khalili,M
60561,Erika Anna Kristina Kinsey (Wiklund-),F
60933,Patrik Alexander Kittel,M
60989,Anna Elisabeth Kjellberg (-stling),F
61286,Hanna Klinga,F
62375,Pa Konate,M
65867,Albin Lagergren,M
65953,Sarah Lahti,F
66698,Jonas Erik Larholm,M
66877,Emma Maud Valborg Larsson,F
66885,Gustav Erik Larsson,M
66891,Johanna Larsson,F
67112,Anna Rosalie Eleonora Laurell-Nash,F
69343,Fen Li,F
69696,Jimmy Alexander Lidberg,M
70050,Rut Hedvig Lindahl,F
70055,Stig Niklas Lindbck,M
70059,Anna Ulrika Lindberg (-Sten),F
70069,Jonas Lindberg (-von Geijer),M
70077,Pernilla Lindberg,F
70098,Ida Lindborg,F
70100,Andreas Christopher Linde,M
70172,Lovisa Tora Yvonne Lindh,F
70266,Robert Jan Lindstedt,M
70315,David Thomas Lingmerth,M
71267,Fredrik Max Emil Lf,M
72341,Adam Lundqvist,M
72347,Jens Mikael Lundqvist,M
72350,Maria-Therese Christina Lundqvist,F
76728,Malin Johanna Mattsson,F
76735,Sofia Magdalena Mattsson,F
76738,Elin Ida Mattsson-Marko-Varga,F
78259,Sara Michaela Meijer,F
78751,Petter Menning (strm-),M
80023,Gran Alexander Sjstrm Miloevi,M
83731,"Saara Johanna ""Sara"" Mustonen",F
83924,Rasmus Paul Myrgren,M
85996,Jesper Nielsen,M
86364,Andreas Oliver Nilsson,M
86392,Hans Henrik Nilsson,M
86397,Joakim Nilsson,M
86409,Lina Therese Nilsson,F
86410,Lukas Nilsson,M
86426,Mats Stefan Nilsson,M
86873,"Elina Elisabeth ""Lisa"" Nordn",F
86899,Karin Josefin Nordlw,F
86905,Anna Maria Nordqvist,F
87274,Salomo Salum Sutani N'tuve,M
87546,Marcus Victor Jan Nyman,M
87565,Stefan Ernst Nystrand,M
88306,Isak hrstrm,M
88971,Josefin Anna Louise Olsson,F
89712,Markus Tobias Oscarsson,M
89856,John Sebastian stling,M
90397,Martin Pacek,M
90398,Robin Pacek,M
90740,Karin Sofia Paldanius,F
93635,Erik Persson,M
93650,Lars-Erik Jrgen Persson,M
93868,Fredrik Raahauge Petersen,M
93882,Sara Malin Petersen (Larsson-),F
97813,Robin Kwamina Quaison,M
98612,Juliette Fanny Henriette Ramel,F
101026,Jenny Rissveds,F
101300,Jamina Caroline Roberts,F
102137,Fridolina Rolf,F
102443,Anna Angelica Ulrika Roos,F
102609,Robert Patrik Rosengren,M
103180,Elin Ingrid Johanna Rubensson,F
104290,"Khadijatou  Victoria ""Khaddi"" Sagnia",F
104806,Max Salminen,M
105073,Jessica Eva Katarina Samuelsson,F
105074,Jessica Eva Katarina Samuelsson,F
105267,Louise Nelum Sandamali Sand,F
105481,Uno Sanli,M
106699,"Charlotta Eva ""Lotta"" Schelin",F
107405,Carl Fredrik Stefan Schn,M
107471,Olivia Alma Charlotta Schough,F
108243,Sara Caroline Seger,F
108514,Ken Sema,M
108518,Linda Birgitta Sembrant,F
111516,Simon Olov Sjdin,M
111538,Johan Charlie Sjstrand,M
111543,Sarah Frederica Sjstrm,F
111738,Sofie Natalie Skoog,F
112700,Anna Isabelle Sderberg,F
114180,Daniel Arvid Paavali Sthl,M
114220,Jesper Stlheim,M
114900,Jonathan Stenbcken,M
114922,Philip Stenmalm,M
114932,Linnea Stensils,F
114934,Henrik Olof Stenson,M
115830,Carin Strmberg,F
116925,Therese Sandra Svendsen,F
116926,Sven Ludwig Svennerstl,M
116927,Anna Malvina Svennung,F
116934,Annica Birgitta Teres Svensson,F
116945,Frida Linna Johanna Svensson,F
116968,Erik Marcus Svensson,M
118476,Muamer Tankovi,M
119033,Frida Tegstedt,F
119071,Kristina Minna Telde,F
120153,Sara Kristina Thunebro,F
120231,Simon Tibbling,M
120825,Jerry Tollbring,M
121186,Michel Tresor Tornus Komesha,M
121329,Linnea Maria Torstenson,F
123333,Jacob Une Larsson,M
127306,Henrik Claes Edvard von Eckermann,M
128186,Angelica Walln,F
130126,Johanna Maria Wiberg,F
130440,Tinne Eva Caroline Wilhelmsson-Silfvn,F
132961,Anthony Yigit,M
133631,Ralph John Mattias Zakrisson,M
430,Matthew Duncan Abeysinghe,M
22961,Anuradha Indrajith Cooray,M
54082,Thilini Sunari Jayasinghe,F
57764,Niluka Karunaratne,M
65206,Anton Sudesh Peiris Kurukulasooriyage,M
78954,Christine Sonali Merrill,F
98334,Kimiko Shihara Raheem,F
98463,Bogaha Kotuwe Gedara Niluka Geethani Rajasekara,F
98804,R. M. Sumeda Ranasinghe,M
100049,Chamara Repiyallage,M
104944,Mangala Samarakoon,M
123104,Reshika Udugampola,F
123323,Heshan Unamboowe,M
431,Narek Abgaryan,M
1162,Levon Aghasyan,M
2497,Artur Aleksanyan,M
2499,Ruben Aleksanyan,M
5414,Migran Arutyunyan,M
6055,Aram Avagyan,M
6070,"Nazeli ""Nazik"" Avdalyan",F
6431,Hrachik Babayan,M
6538,Hovhannes Bachkov,M
7052,Norayr Bakhtamyan,M
8202,Anahit Barseghyan,F
10586,Levan Berianidze,M
20758,Gayane Chiloyan,F
25048,Meline Daluzyan,F
25746,Artur Davtyan,M
25748,Hovhannes Davtyan,M
39275,Houry A. Gebeshian,F
44909,Andranik Hakobyan,M
46345,Kristine Harutyunyan,F
46346,Lilit Harutyunyan,F
50289,Artur Hovhannisyan,M
53054,Mihran Jaburyan,M
53749,Melik Janoyan,M
56244,Arsen Julfalakyan,M
57479,Andranik Karapetyan,M
58963,Georgy Vazhayevich Ketoyev,M
59015,Ara Khachatryan,M
59484,Diana Khubeseryan,F
59501,Hripsime Khurshudyan,F
62282,Mikayel Koloyan,M
74644,Maksim Manukyan,M
74958,Vladimir Margaryan,M
75926,Simon Martirosyan,M
78859,Harutyun Merdinyan,M
80107,Gor Minasyan,M
80305,Arakel Mirzoyan,M
80667,Vahan Mkhitaryan,M
80707,Garnik Mnatsakanyan,M
84860,Armen Nazaryan,M
87383,Hajimurad Nurmagomedov,M
90589,Vardan Pahlevanyan,M
92077,Yury Patrikeyev,M
95659,Sona Poghosyan,F
104218,Davit Safaryan,M
105777,Arsen Sargsyan,M
109309,Amaliya Sharoyan,F
125216,Norayr Vardanyan,M
125219,Hovhannes Varderesyan,M
132874,Arman Yeremyan,M
1439,Murielle Ahour,F
10103,Rosalie Bni Tano,F
15431,Kouassi Franck Olivier Brou,M
21695,Cheick Sallah Ciss Junior,M
24763,Zoulehia Abzetta Dabonne,F
25181,Thibaut Amani Danho,M
39246,Ruth Marie Christelle Gbagbi,F
61913,Hua Wilfried Serge Koffi,M
62413,Mamina Kon,F
62416,Romo Kon Kinapya,M
63262,Ren Philippe Kouassi,M
78317,Ben Youssef Mit,M
88494,Rosevitha Okou,F
104549,Gbahi Gwladys Sakoa,F
117674,Marie-Jose Ta Lou,F
118978,Talita Marie Te Flan,F
121473,Assita Tour,F
442,"Catherine ""Kate"" Abilla Awino",F
894,James Adede,M
916,Biko Adema,M
3342,"William ""Willy"" Ambaka Ndayara",M
3489,Andrew Amonde,M
4004,Elizabeth Adhiambo Andiego,F
4627,Shehzana Anwar,F
4747,Alice Aprot Nawowuna,F
4850,Linet Arasa Moraa,F
6263,Oscar Ayodi,M
8945,Hamdan Iqbal Ahmed Bayusuf,M
11055,Nicholas Kiplagat Bett,M
11866,Stanley Kipleting Biwott,M
19577,Sheila Chajira Kavugwe,F
20082,Winny Chebet,F
20148,Antony Chemut,M
20411,Joyce Chepkirui,F
20413,Beatrice Chepkoech Sitonik,F
20414,Nancy Chepkwemoi,F
20417,Nixon Kiplimo Chepseba,M
20505,Mercy Cherono Koech,F
20525,Vivian Jepkemoi Cheruiyot,F
20603,Milcah Chemos Cheywa,F
30645,David Harvey,M
30646,Jason Edward Dunford,M
39030,Samuel Ireri Gathimba,M
52159,Collins Injera,M
54227,Pamela Jelimo (Chelimo),F
54609,Visiline Jepkesho,F
54611,Janeth Jepkosgei Busienei,F
54621,Priscah Jeptoo (-Chepsirut),F
57133,Geoffrey Kipsang Kamworor,M
58237,Humphrey Kayange,M
58445,Mary Jepkosgei Keitany,F
58614,Ezekiel Kemboi Cheboi,M
59539,Raymond Kibet,M
59542,Faith Chepngetich Kibiegon,F
59547,Viola Chelagat Kibiwot,F
60589,Eliud Kipchoge,M
60593,Alfred Kipketer,M
60598,Edna Ngeringwony Kiplagat,F
60602,Silas Kiplagat,M
60610,Asbel Kipruto Kiprop,M
60612,Helah Kiprop Jelagat,F
60615,Wilson Kiprop,M
60619,Wilson Kipsang Kiprotich,M
60623,Brimin Kiprop (Firmin-) Kipruto,M
60624,Conseslus Kipruto,M
60632,Sally Jepkosgei Kipyego,F
60779,Abel Kirui,M
60823,Alphas Leken Kishoyian,M
60939,Timothy Kitum,M
60965,Hyvin Kiyeng Jepkemoi,F
61871,Aron Kipchumba Koech,M
61873,Cherono Koech,F
61875,Isiah Kiplangat Koech,M
62792,Wesley Kipchumba Korir,M
62974,Vincent Kiplangat Kosgei,M
65488,Ronald Chebolei Kwemoi,M
65856,Viola Cheptoo Lagat,F
66546,Talisa Lanoe,F
71237,Thomas Pkemei Longosiwa,M
72127,Augustine Lugonzo,M
73726,Maureen Jelagat Maiyo,F
74290,Elijah Motonei Manangoi,M
76056,Moses Ndiema Masai,M
76110,Celestine Masinde Navalayo,F
77203,Rachael Mbogo Adhiambo,F
82843,Bedan Karoki Muchiri,M
83217,Vincent Mumo Kiilu,M
83279,Charles Yosei Muneria,M
83742,Abel Kiprop Mutai,M
83743,Emmanuel Kipchirchir Mutai,M
83812,Bush Mwale,M
83840,Boniface Ontuga Mweresa,M
84931,Caleb Mwangangi Ndiku,M
86610,Benson Gicharu Njangiru,M
86617,Mercy Wanjiku Njoroge,F
86626,Carvin Nkanata,M
87784,Mercy Apondi Obiero,F
87792,Hellen Onsando Obiri,F
88001,Billy Odhiambo,M
88449,Janet Okelo Musindalo,F
88547,Rayton Nduku Okwiri,M
88589,Philadelphia Olando,F
88686,Samuel Oliech,M
89058,Dennis Ombachi,M
89961,Irene Otieno Awino,F
89963,Stacy Otieno Awour,F
90119,Oscar Ouma Achieng,M
90229,Janet Owino Awour,F
90277,Camilyne Oyuayo Awour,F
99905,Doreen Remour Nziwa,F
102888,Ferguson Cheruiyot Rotich,M
102890,Lydia Chebet Rotich,F
103274,David Lekuta Rudisha,M
104382,Betsy Saina,F
104520,Joy Nakhumicha Sakari,F
105024,Alexander Lerionka Sampao,M
105435,Kiplangat Sang,M
112772,Edwin Cheruiyot Soi,M
116409,Eunice Jepkoech Sum,F
116424,Jemima Jelagat Sumgong,F
118509,Paul Kipngetich Tanui,M
122609,Boniface Mucheru Tumuti,M
127784,Simon Wachira,M
128366,Margaret Nyairera Wambui,F
128674,Grace Wanjiru Njue,F
128820,Peter Mungai Warui,M
132776,Julius Kiplagat Yego,M
1438,Odile Ahouanwanou,F
4694,Ymi Geoffrey Apithy,M
10980,Jules Yao Bessan,M
20862,Shafiq Chitou,M
29624,Celtus Williams Abiola Dossou Yovo,M
40861,Jacob Gnahoui,M
40865,Mathieu Gnanligo Fousseni,M
59675,Didier Kiki,M
108302,Laraba Gnon Cessy Seibou,F
119425,Wilfried Tevoedjre Tevoedjre,M
132649,Nolie Yarigo,F
664,Kieron Robert Achara,M
832,Nicola Virginia Adams,F
867,"Christopher Thomas ""Chris"" Adcock",M
869,"  Gabrielle Marie ""Gabby"" Adcock (White-)",F
927,Margaret Adetutu Adeoye,F
980,"Rebecca ""Becky"" Adlington",F
1488,Harry Leslie Aikines-Aryeetey,M
1498,"Charles Benedict ""Ben"" Ainslie",M
1502,Sophie Claire Ainsworth,F
2425,Yamil Aldama Pozo (-Dodds),F
2447,Mark David Aldred,M
2692,Muhammad Ali,M
2801,Claire Allan,F
2839,Dominique Jayne Allen,F
2846,"Joseph Michael ""Joe"" Allen",M
2870,Sophie Nicole Allen,F
2912,Olivia Elizabeth N. Allison-Federici,F
3123,"Eniola ""Eni"" Aluko",F
3412,David Vincent Leslie Ames,M
3856,Rose Anderson,F
4155,"Jessica ""Jess"" Andrews (-Martin)",F
4466,Giselle Anne Ansley,F
4928,Katie Louise Archibald,F
4931,"Robert Michael Archibald, Jr.",M
5144,"Elizabeth Mary ""Lizzie"" Armitstead (-Deignan)",F
5476,Anita Amma Ankyewah Asante,F
5542,"Geraldina Rachel ""Dina"" Asher-Smith",F
5545,Qais Dad Ashfaq,M
6027,James William Austin,M
6165,Daniel James Awde,M
6652,"Andrew James ""Andy"" Baddeley",M
6775,Andrew John S. Baggaley,M
6903,Nathan Stephen C. Bailey,M
6922,"Timothy ""Tim"" Baillie",M
7000,"Oluwadamilola ""Dami"" Bakare",M
7002,Peter Oluwaclamilare K. Bakare,M
7014,"Christopher Edwin ""Chris"" Baker",M
7042,Yvette Baker,F
7238,"Robert William ""Rob"" Bale",M
7277,Ashleigh Julia Ball,F
7389,Elena Baltacha,F
7540,Imogen Bankier,F
7828,Karen Louise Bardsley,F
7884,Elinor Jane Barker,F
8170,Sarah Ellen Barrow,F
8299,Laura Bartlett,F
8304,"Christopher Roger ""Chris"" Bartley",M
9054,Lynne Beattie,F
9082,Jack Robert A. Beaumont,M
9111,Anna Rose Bebington-Watkins,F
9154,Laura Bechtolsheimer (-Tomlinson),F
9566,Lani Belcher,F
9668,Craig Douglas Bellamy,M
10162,"Christopher ""Chris"" Bennett",M
10173,Karen Bennett,F
10177,Mark Stewart Bennett,M
10181,Paul Bennett,M
10217,Craig Harry Benson,M
10221,Gordon James Benson,M
10243,Anna Bentley,F
10824,Maria Catherine Bertelli,F
10927,Ryan Dominic Bertrand,M
11106,Brinn John Bevan,M
11293,"Daniel ""Dan"" Bibby",M
11448,Fiona Clare Bigwood,F
11836,Stuart Bithell,M
12033,Alicia Jane Blagg,F
12232,Julia Helen Bleasdale,F
12233,Holly Bethan Bleasdale-Bradshaw,F
12453,Eric Yamoah Boateng,M
13124,Louise Frances V. Bond-Williams,F
13805,"Thomas Stewart ""Tom"" Bosworth",M
14462,"Jules Timothy ""Tim"" Brabants",M
14512,Sophie Elizabeth Bradley,F
14545,Rachel Emily Bragg,F
14706,Scott Brash,M
14804,Sophie Charlotte Bray,F
15048,Richard Brian Brickell,M
15302,Alastair Richard Brogdon,M
15461,"Abigail ""Abbie"" Brown",F
15462,Adam Thorp Brown,M
15627,Alistair Edward Brownlee,M
15628,"Jonathan Callum ""Jonny"" Brownlee",M
15889,Karina Louise Bryant,F
15967,Joshua Buatsi,M
16223,Abdul Buhari,M
16428,Seren Bundy-Davies,F
16544,Phil Burgess,M
16614,Steven James Burke,M
16670,Jack David Burnell,M
16681,Simon Andrew Burnett,M
16760,Euan Burton,M
16887,"Andrew ""Andy"" Butchart",M
16905,Olga Butkevych,F
16909,Jack Butland,M
16925,"Kimberley ""Kim"" Butler",F
17069,Lyn Byl,F
17328,Imogen Jane Cairns,F
17678,Alan Campbell,M
17732,Luke Campbell,M
18278,"Jazmin Roxy ""Jazz"" Carlin",F
18389,Olivia Frances Carnegie-Brown,F
18402,Karen Julia Carney,F
18606,David Robert Carry,M
18640,Grace Carter,F
18838,Georgina Nicole Cassar,F
19058,"Nicholas Andrew ""Nick"" Catlin",M
19102,Steven Roy Caulker,M
19155,Mark Simon Cavendish,M
19173,Rachel Elizabeth Cawthorn,F
19631,Dwain Anthony Chambers,M
19634,Peter Chambers,M
19636,Richard Scott Chambers,M
19898,Peter Charles,M
20742,Eilidh Child-Doyle,F
20930,Mahama Abdoufatah Cho,M
21138,"Joseph Tzen Zhun ""Joe"" Choong",M
21747,"Edward ""Ed"" Clancy",M
21787,"Daniel Mark ""Dan"" Clark",M
21813,Katie Lauren Clark,F
21834,Sarah Clark,F
21835,Saskia Clark,F
21865,"Joseph ""Joe"" Clarke",M
21867,"Jonathan ""Jonty"" Clarke",M
21873,Charles Lawrence Somerset Clarke,M
21959,Francesca Clayton,F
21975,"Jonathan ""Jono"" Clegg",M
22030,"Thomas William ""Tom"" Cleverley",M
22121,Georgia Amy Coates,F
22466,John Collins,M
22477,"Stefanie Lyn ""Stef"" Collins",F
22637,David John Condon,M
22828,Sally Conway,F
22867,"Althea Kristina ""Tina"" Cook (Gifford-)",F
22886,"James ""Jamie"" Cooke",M
22889,Nicole Denise Cooke,F
22973,"Katherine Sarah ""Kat"" Copeland",F
23045,"Joseph ""Joe"" Cordina",M
23073,Jack Frank Porteous Cork,M
23409,Tonia Couch,F
23496,Charles Peter Cousins,M
23594,Shana Amanda Cox,F
23597,Sophie Cox,F
23945,"Samuel Thomas ""Sam"" Cross",M
24264,Chay Crista Kerio Cullen,F
24300,"Stephen Phillip ""Steve"" Cummings",M
24470,Luke Arron Cutts,M
24974,"Thomas Robert ""Tom"" Daley",M
25058,"Matthew ""Matt"" Daly",M
25133,Zara Jade Dampney,F
25302,"Alexandra Mary L. ""Alex"" Danson",F
25431,Oyeyemi Olugbenga Olatokunbo James Dasaolu,M
25545,Ross Paul Davenport,M
25615,"David ""Dave"" Davies",M
25620,Georgia Beth Davies,F
25627,James Davies,M
25696,James-Andrew Davis,M
25740,Richard John Davison,M
25783,"Katrina Elizabeth ""Katie"" Dawkins",F
25789,Craig Dawson,M
26718,Zoe Michaela  de Toledo,F
27516,"Nicholas Charles ""Nick"" Dempsey",M
27570,Luol Ajou Deng,M
27637,Kate Dennison (-Rooney),F
28171,Emily Jane Diamond,F
28421,Ifeoma Nnenna Dieke,F
28756,James Disney-May,M
28813,Adam Graham Dixon,M
28814,Alyson Dixon,F
28996,Lisa Jane Dobriskey (Soos-),F
29012,Charlotte Dobson,F
29722,Owain Daniel John Doull,M
29788,"Rebecca Lauren ""Beckie"" Downie",F
29789,"Elissa Rebecca Louis ""Ellie"" Downie",F
30038,Paul Andrew Drinkhall,M
30045,"Katherine Joan ""Kat"" Driscoll",F
30141,Mark William Dry,M
30505,Charlotte Susan Jane Dujardin,F
30808,Scott David Durant,M
31360,"Jessica Jane ""Jess"" Eddie",F
31401,Sebastien James Edgar,M
31430,Abigail Susan E. Edmonds,F
31437,Kyle Edmund,M
31489,Kelly Marie Edwards,F
31558,Susan Egelstaff (Hughes-),F
31599,"Richard Phillip ""Ric"" Egington",M
32328,James Lee Ellington,M
32372,Marcus John Ellis,M
32469,Martina Emanuel,F
32665,Hannah Jane England (-Gunn),F
32710,Jessica Phyllis Ennis-Hill,F
33442,"Freddie William ""Fred"" Evans",M
33443,Gareth Irfon Evans,M
33456,Kyle Jordan S. Evans,M
33722,"Temitope ""Temi"" Fagbenle",F
33785,James John W. Fair,M
33796,Kelsi Melanie Fairbrother,F
34012,"Mohamed Muktar Jama ""Mo"" Farah",M
34153,"Thomas William ""Tom"" Farrell",M
34255,Richard Bruce Faulds,M
34260,"Eleanor Jane ""Ellie"" Faulkner",F
34262,Jade Louise Faulkner,F
34696,Grant Alexander Ferguson,M
35217,Craig Charles Figes,M
35577,Heather Margaret Fisher,F
35777,Colin Fleming,M
35806,Benjamin Karl Fletcher,M
35823,"William ""Will"" Fletcher",M
35824,Dylan James Fletcher-Scott,M
35870,"Deborah Kirsty ""Debbie"" Flood",F
35890,David Florence,M
35988,James Christian Foad,M
36024,Daniel Lee Fogg,M
36077,Naomi Anne Folkard,F
36546,Antony John Fowler,M
36563,"Daniel Richard ""Dan"" Fox",M
36565,Francesca Amber Fox,F
36580,William Speed Lane Fox-Pitt,M
36597,Claudia Fragapane,F
36973,Joel Daniel Freeland,M
37075,"Katherine Elizabeth ""Kate"" French",F
37078,Nathan Alexander P. French,M
37338,"Christopher Clive ""Chris"" Froome",M
37434,Kathryn Louise Fudge,F
37646,"Philippa Rachel ""Pippa"" Funnell (Nolan-)",F
38108,Rebecca Gallantree,F
38292,Ellen May Gandy,F
38721,John Garcia-Thompson,M
38828,Robin Garnham,M
39368,Georgina Sancroft Geikie,F
39437,Adam Ahmed R. Gemili,M
39700,Marie Gerbron,F
40138,Craig Alexander Gibbons,M
40139,Gemma Jeanette Gibbons,F
40175,Lisa Edwina Gibson,F
40187,Ciara Gibson Byrne,F
40223,Ryan Joseph Giggs (Wilson-),M
40290,Elliot Levi Giles,M
40401,Kirsty Gilmour,F
40666,Monique Gladding,F
40751,Mark Gleghorne,M
40818,Helen Rachel M. Glover,F
40940,James Francis Goddard,M
40964,"Laurence Paul ""Larry"" Godfrey",M
41686,Daniel Goodfellow,M
41695,Paul Martin Goodison,M
41712,Britt Goodwin,F
41819,Winston Alanzo Gordon,M
42000,"Matthew Anthony W. ""Matt"" Gotrel",M
42158,"Robert Karl ""Robbie"" Grabarz",M
42312,Katherine Jane Grainger,F
42631,Jack Peter Green,M
42663,"David Thomas ""Dai"" Greene",M
42734,"Alexander John ""Alex"" Gregory",M
42804,"Catherine Rose ""Katie"" Greves (-Solesbury)",F
42819,"Charles Maxwell ""Charlie"" Grice",M
43131,Angus Groom,M
43223,"Steven Franklin C. ""Steve"" Grotowski",M
43242,Nicola Groves,F
43262,"Christian Eugene ""Chris"" Grube",M
44231,James George Guy,M
44944,Jason Haldane,M
45024,Lucy Margaret Hall,F
45094,Claire Anne Hallissey (Willer-),F
45133,"Francesca Jean ""Fran"" Halsall",F
45138,Laurence Halsted,M
45358,Jonathan William James Hammond,M
45554,Chantelle Handy,F
45614,Angela Hannah,F
46027,Martin Hare,M
46042,Sarah Hargreaves,F
46179,Nikki Louise Harris (-Brammeier),F
46226,Ruby Esther Harrold,F
46589,Camilla Hattersley,F
46751,"Benjamin Robert ""Ben"" Hawes",M
46762,Callum Hawkins,M
46764,Derek Hawkins,M
46773,Mark Alan Hawkins,M
46852,Stuart Phillip A. Hayes,M
46884,Kate Emma Haywood,F
46898,Louise Victoria Hazel,F
46997,Liam Nicholas Heath,M
47169,Nina Patricia Heglund,F
47736,Desiree Latifah N. Henry,F
48283,Carl Rupert Hester,M
48554,Amber Jo Hill,F
48586,Phelan Peter Hill,M
48665,"Madeline Clare ""Maddie"" Hinch",F
48672,Philip Hindes,M
48858,Sophie Hitchon,F
48969,Michael James P. Hoare,M
49373,"Matthew ""Matt"" Holland",M
49379,"Victoria Frances ""Vicky"" Holland",F
49709,James Benjamin Honeybone,M
50136,Sophie Hannah Marguerite Hosking,F
50228,Frances Julia Houghton,F
50230,"Stephanie Jayne ""Steph"" Houghton",F
50245,Richard Hounslow,M
50362,Gemma Louise Howell,F
50383,"Christopher Andrew ""Chris"" Hoy",M
50766,James Charles Huckle,M
50806,"Matthew Lloyd ""Matt"" Hudson-Smith",M
50952,Charley Esmee Hull,F
51055,Natasha May Hunt,F
51073,Daniel Thomas Hunter,M
51085,Mark John Hunter,M
51269,Patrick Huston,M
51282,Ross Dan Hutchins,M
51291,Lynne Hutchison,F
51632,Phillips Olaosebikan Idowu,M
52138,"Dominic Jakub ""Dom"" Inglot",M
52171,Stewart Gilbert Innes,M
53092,Ashley Stephen Jackson,M
53116,"Joanne Amy ""Jo"" Jackson",F
53117,"Joanna Frances ""Jo"" Jackson (-Atkinson)",F
53470,Antony John James,M
53471,"Rebecca Angharad ""Becky"" James",F
53474,Ciaran Thomas James,M
53510,"Thomas Watkin ""Tom"" James",M
53535,Michael John Jamieson,M
54154,Richard Edward Jefferies,M
55418,Kyle Johnson,M
55487,Katarina Mary Johnson-Thompson,F
55594,Natasha Paula Jonas,F
55657,"Francesca Victoria R. ""Frankie"" Jones",F
55676,Jade Louise Jones,F
55982,Anthony Oluwafemi Olaseni Joshua,M
56072,Jasmine Louise Joyce,F
56073,"Joseph ""Joe"" Joyce",M
56231,Louise Jukes,F
58582,"Joshua ""Josh"" Kelly",M
58704,Peter Kennaugh,M
58744,Jason Francis Kenny,M
58772,Anne Viensouk Keothavong,F
58867,"Rebecca Louise ""Beckie"" Kershaw",F
58889,Charlotte Wynn Kerwood,F
59734,Liam Peter Killeen,M
59755,Richard Kilty,M
60474,"Danielle ""Dani"" King (-Rowe)",F
60477,"Dominick Steven ""Dom"" King",M
60490,Kitty Louisa King (Boggis-),F
60503,Sean King,M
60721,Peter Kirkbride,M
60733,Glenn Charles W. Kirkham,M
61456,"Timothy ""Tim"" Kneale",M
61524,Jennifer Knobbs,F
62572,Johanna Konta,F
64399,Richard Adam Kruse,M
65147,Cameron Roland Kurle,M
66037,Morgan Alexandra Lake,F
66086,Jade Louise Lally,F
66108,Holly Elizabeth Lam-Moores,F
66160,Peter Lambert,M
66221,Christopher Lamont,M
66516,"Christopher Phillip ""Chris"" Langridge",M
66517,"Matthew Keir ""Matt"" Langridge",M
66919,Steven Larsson,M
66984,Annie Last,F
67089,Jack David Laugher,M
67309,Andrew Derek Lawrence,M
67315,Corinna Dawn Lawrence,F
67384,Rachel Anne Laybourne,F
67569,Savanah Grace Leaf,F
68222,Zoe Samantha Lee,F
68227,"Johannah Alison ""Jo"" Leedham",F
68485,"Frances Victoria ""Fran"" Leighton",F
68755,"Michael Darrell ""Mike"" Lenzly",M
69099,Yvonne Leuthold,F
69154,Nigel Levine,M
69195,Iain Lewers,M
69260,"Steven James ""Steve"" Lewis",M
70258,Oliver William Lindsay-Hague,M
70301,"Edward Theodore ""Ed"" Ling",M
70496,Max Robert Litchfield,M
70518,Kim Alison Little,F
70521,Elena Little-Allen (Bogdanova-),F
70618,Na Liu,F
70854,Ieuan David Lloyd,M
70855,"Jessica Ashley ""Jess"" Lloyd",F
71671,Marco Antonio Loughran,M
71687,Constantine Michael Louloudis,M
71797,Jemma Louise Lowe,F
71990,"William ""Bill"" Lucas",M
72006,Victoria Claire Lucass,F
72068,Mervyn Richard Luckwell,M
72458,Annie Fabienne Lush,F
72914,Kate Elizabeth Macgregor,F
72915,Lucy Claire Macgregor,F
73028,Iain Mackay,M
73104,Hannah Louise Macleod,F
73489,Emily Maguire,F
73496,Lindsey Maguire,F
73528,"Benjamin Richard ""Ben"" Maher",M
73992,Christian Sean Malcolm,M
74608,Simon Douglas Mantell,M
74782,Katy Louise Marchant,F
75428,Savannah Rose Dee Marshall,F
75574,Harry John Martin,M
75598,Lucy Martin,F
76226,Kelly Massey,F
76663,Catriona Isobel Matthew (Lambert-),F
77011,Jane Mayes,F
77261,Lynn McCafferty (Peacock-),F
77276,Shona Clare McCallin,F
77285,Fiona Louise McCann,F
77328,Caitlin McClatchey,F
77348,Eilish McColgan,F
77362,Lee McConnell,F
77366,Ruaridh Lawson McConnochie,M
77379,Pat McCormack,M
77387,"Nicholas Adam ""Nick"" McCormick",M
77439,"Christopher Paul ""Chris"" McDermott",M
77553,Mark McGivern,M
77631,"Jennifer ""Jen"" McIntosh",F
77674,"Edward Daniel ""Ed"" McKeever",M
77685,Ashley McKenzie,M
77796,Katy McLean,F
77871,Daniel McMillan,M
78006,"Christopher James ""Chris"" Mears",M
78765,"Nana Papa Yaw Dwene ""Pops"" Mensah-Bonsu",M
78801,Marcus John Charles Mepstead,M
78951,Lee Matthew Merrien,M
79388,Ciara Kathleen Michel,F
79477,Barry John Middleton,M
79812,Hannah Louise Miley,F
79854,David Millar,M
79904,Joel Miller,M
79925,"Nicholas ""Nick"" Miller",M
79957,Ross Arthur Millington,M
79976,Hannah Louise Mills,F
80002,Stephen Milne,M
80439,Tom Mitchell,M
80442,Nethaneel Joseph Mitchell-Blake,M
80986,"Christopher ""Chris"" Mohr",M
81678,"Robert Stephen ""Rob"" Moore",M
82029,Joanne Morgan,F
82269,"Rosemary Victoria ""Rosie"" Morris",F
82295,"Stephen James ""Stevie"" Morrison",M
82312,Brett Morse,M
82902,Lutalo Massop-Muhammad,M
82929,Laura Muir,F
83176,"Robert William ""Rob"" Mullett",M
83180,Shauna Mullin,F
83472,Ross Murdoch,M
83558,"Andrew Barron ""Andy"" Murray",M
83574,Freya Murray (-Ross),F
83580,"James Robert ""Jamie"" Murray",M
83592,Ross Anthony Murray,M
83593,Samantha Murray,F
83661,Hazel Emma Musgrove,F
83865,Carl Andrew Myerscough,M
84598,George Christopher Nash,M
84978,"Elizabeth Rachael ""Lizzie"" Neave",F
85141,Daryll Saskia Neita,F
85809,Robyn Jessica Nicholls,F
87011,"Daniel James ""Dan"" Norton",M
87639,Colin Stephen Oates,M
87863,Caroline Teresa O'Connor,F
87890,Siobhan-Marie O'Connor,F
88107,Cindy Ofili,F
88188,Anthony Osezua Ojo Ogogo,M
88229,"Christopher ""Chris"" O'Hare",M
88316,Christine Ijeoma Chika Ohuruogu,F
88473,Lawrence Junior I. O. Okolie,M
88496,Lawrence Amaechi A. Okoye,M
88634,Sam Joshua Oldham,M
88742,Amy Lee Oliver,F
88753,Jack Simon Oliver,M
89018,Heather Olver,F
89034,Kieran Peter O'Malley,M
89216,"Nwanyika Jenete C. ""Anyika"" Onuora",F
89320,"Joseph ""Joe"" O'Regan",M
89677,Andrew Ifeanyichukwu Osagie,M
89767,Shelayna Elicia  Oskan-Clarke (Gumbs-),F
90138,Theratil Rajiv A. Ouseph,M
90169,Scott Ashley Overall,M
90241,Lily Isabelle Owsley,F
90273,"Abiodun Adesola ""Abi"" Oyepitan",F
90546,Bryony Kate Frances Page,F
90555,Julie Anne Page,F
90558,Natasha Nicole Page,F
90609,"Francesca ""Frankie"" Painter-Snell",F
90771,Ewa Palies,F
91130,Michelle Ann Panter,F
91645,Barbara Angela Parker,F
91665,Jesper Valdemar David Parker,M
91666,Joanna Kate Parker (-Drinkhall),F
91676,"Robert Derek ""Rob"" Parker",M
91798,"Alexander Lee ""Alex"" Parsonage",M
91837,"Alexander Matthew ""Alex"" Partridge",M
92037,Luke Patience,M
92276,"Joanne Marie ""Jo"" Pavey (Davis-)",F
92361,Roberto Pavoni,M
92413,Keri-Anne Payne (-Carry),F
92501,John David Pearce,M
92529,Adam George Peaty,M
92991,"Victoria Louise ""Vicki"" Pendleton (-Gardner)",F
93052,Fiona Pennie,F
93153,Iain Bryden Percy,M
93164,Natasha Perdue,F
94426,Asha Solette Philip,F
94485,Liam Peter Phillips,M
94497,Zara Anne Elizabeth Phillips (-Tindall),F
94933,Jennifer Elizabeth M. Pinches,F
94999,Andrew Pink,M
95006,George Christopher Pinner,M
95099,"Benjamin Allan ""Ben"" Pipes",M
95223,Liam Benjamin Pitchford,M
95504,Mark Plotyczer,M
96089,Emma Jane Pooley,F
96323,Tiffany Adaez Porter (Ofili-),F
96483,Beth Potter,F
96538,Louisa Pouli,F
96629,Natalie Powell,F
96633,Stacie Linda Powell,F
96685,"Andrew William ""Andy"" Pozzi",M
96987,Sebastian Prieto,M
97120,Shara Nerissa Proctor,F
97233,"Benjamin Ross ""Ben"" Proud",M
97234,Stephanie Mary Proud,F
97572,"Zachary Jake Nicholas ""Zac"" Purchase",M
97605,Daniel Scott Purvis,M
97848,"Samantha Ann ""Sam"" Quek",F
98774,Aaron James Ramsey,M
98816,Asha Katherine Randall,F
98820,Jenna Margaret Randall,F
98886,"Thomas Matthew ""Tom"" Ransley",M
99358,Shanaze Danielle Reade,F
99523,"Peter ""Pete"" Reed",M
99547,Louisa Reeve,F
99693,Elizabeth Reid,F
99696,Grace Reid,F
99808,"Nathan James ""Nate"" Reinking",M
100018,Molly Renshaw,F
100032,"Robert Peter ""Robbie"" Renwick",M
100319,Ben Christopher Rhodes,M
100497,Micah Lincoln Richards,M
100518,Alice Peta Richardson,F
100566,Helen Richardson-Walsh,F
100567,"Kathrin Louise ""Kate"" Richardson-Walsh",F
100883,Michael John Rimmer,M
101367,Mark Robertson,M
101441,Glen Robinson,M
101472,"Nicholas ""Nick"" Robinson-Baker",M
101497,Laura Robson,F
101580,Michael Paul Rock,M
101625,Beth Clare Rodford,F
101628,Sebastian William Gregory Rodger,M
101871,James Rodwell,M
101878,"Joseph Peter ""Joe"" Roebuck",M
101948,Chloe Naomi Rogers,F
102439,Martyn Joseph Rooney,M
102552,"Daniel Lee ""Danny"" Rose",M
102561,Justin Peter Rose,M
102675,Husayn Hassan Rosowsky,M
103024,Stephen Christopher Rowbotham,M
103052,Joanna Katie Rowsell Shand,F
103686,"Gregory James ""Greg"" Rutherford",M
103703,"Alexandra Dorothy ""Alex"" Rutlidge",F
103848,Sean David Ryder,M
105064,Sonia Samuels,F
105302,Janine Lucy Sandell,F
105974,"William Spencer ""Will"" Satch",M
106343,Louisa Jane Sawers-Gurski,F
106354,Jazmin Jayne Sawyers,F
106361,Benjamin Jonathon H. Saxton,M
106381,Goldie Katherine Dinah Sayers,F
106423,"Mohamed Karim ""Moe"" Sbihi",M
106479,Emily Beth Scarratt,F
107368,"Jonathan Michael ""Jon"" Schofield",M
107374,Adam James Scholefield,M
107969,"Alexandra Virina ""Alex"" Scott",F
107993,Duncan William MacNaughton Scott,M
107994,"Edward Johnathan ""Ed"" Scott",M
107996,Emily Scott,F
108000,Giles Lyndon Scott,M
108009,Jill Louise Scott,F
108025,"Stephen ""Steve"" Scott",M
108085,"Gregory Mark Pascoe ""Greg"" Searle",M
108430,Andrew Christopher Selby,M
109155,"Perresha Alexandra ""Perri"" Shakes-Drayton",F
109318,Lynsey Sharp,F
109369,Bryony Elisabeth Shaw,F
109588,Natalia Sheppard (Wickowska-),F
109623,Christopher David Sherrington,M
110098,"Timothy ""Tim"" Shuttleworth",M
110153,Kelly Michelle Sibley,F
110349,Alain Sign,M
110719,"Elizabeth Clare ""Lizzie"" Simmonds",F
110797,"Rebeka ""Rebii"" Simon",F
110871,Andrew James Simpson,M
110957,Alan Sinclair,M
110968,Scott Andrew Sinclair,M
111633,"Katherine Sheila ""Katie"" Skelton",F
111634,"Nicholas David ""Nick"" Skelton",M
111660,Callum Skinner,M
111975,Ian Sloan,M
112176,"Alexander David ""Alex"" Smith",M
112179,Amy Louise Smith,F
112323,Kelly Jayne Smith,F
112332,Lauren Smith,F
112342,Louis Antoine Smith,M
112371,Rachel Megan Smith,F
112376,Richard Smith,M
112444,Zoe Smith,F
112530,Nekoda Anitia K. Smythe-Davis,F
112901,"Thomas Matthew ""Tom"" Solesbury",M
113225,Marvin Anthony Sordell,M
113755,Mhairi Spence,F
113922,Gemma Mary Spofforth,F
114170,Natalie Stafford,F
114221,"Thomas Lee ""Tom"" Stalker",M
114263,Martin Stamper,M
114309,Non Rhiannydd Stanford,F
114363,Ian Dexter Stannard,M
114367,Heather Mary Stanning,F
114434,Hannah Felicity Starling,F
115112,Sarah Diana Stevenson,F
115130,Azania Jocelyn D. Stewart,F
115404,Stuart Bradley Stokes,M
115471,Casey Jean Stoney,F
115523,"Elizabeth Louise ""Beth"" Storry",F
115534,Etienne Stott,M
116023,Daniel Andre Sturridge,M
116359,"Andrew Derek ""Drew"" Sullivan",M
117068,Polly Ann M. Swann,F
117738,Stacey Tadd,F
118092,"Daniel Peter ""Danny"" Talbot",M
118382,Liam John Tancock,M
118756,Gemma Tattersall,F
118866,Charlotte Louise Taylor,F
118904,Jennifer Taylor,F
118915,Josh Taylor,M
118928,Neil John Taylor,M
119320,Simon Duncan Terry,M
119432,Tsegai Tewelde,M
119790,Geraint Howell Thomas,M
119817,Kristian James Thomas,M
119846,Sarah Thomas,F
119893,"Christopher Peter A. ""Chris"" Thompson",M
119941,Nick Thompson,M
120017,Mary Elizabeth Thomson-King,F
120074,Victoria Thornley,F
120338,Rebekah Jade Tiler,F
120433,James Tindall,M
120443,Amy Tinkler,F
120957,James Oliver Charles Tomkins,M
120962,"Christopher George ""Chris"" Tomlinson",M
121461,Lois Mae Toulson,F
121557,Sam Townsend,M
121559,Susannah Townsend,F
121915,"Andrew ""Andy"" Triggs Hodge",M
122000,Sophie Emma Troiano,F
122071,Laura Rebecca Trott (-Kenny),F
122498,Helen Rebecca Tucker-Jenkins,F
122633,Rebecca Naomi Tunney,F
122759,"Andrew Steven Malcolm ""Andy"" Turner",M
122778,Grant James Turner,M
122796,Rebecca Claire Turner,F
122867,Chlo Marianne  Tutton,F
122914,"Elizabeth Kimberly ""Beth"" Tweddle",F
122916,Stephanie April Twell,F
122919,"Georgina Sophie ""Georgie"" Twigg",F
123157,Lorraine Efe Ugen,F
123196,Chijindu Andre E. O. Ujah,M
123361,Laura Emma Unsworth,F
124491,Zoe van der Weel,F
125099,Rachael Vanderwal,F
125339,"Jessica Amy ""Jess"" Varnish",F
126102,"Andrew James ""Andy"" Vernon",M
126103,"Annabel Morwenna ""Annie"" Vernon",F
126711,Gawain Vincent,M
126713,Jake Ashley Vincent,M
127834,Jenaya Wade-Fray,F
127981,Lennie Waite,F
128077,Bianca Michaela Walkden,F
128108,"Jessica Samantha ""Jess"" Walker",F
128136,Samuel Walker,M
128145,"Christopher James ""Chris"" Walker-Hebborn",M
128156,"Daniel ""Dan"" Wallace",M
128204,Jack David Waller,M
128346,Jonathan Francis L. Walton,M
128349,Sally Ellen Walton,F
128701,Gareth Robert Warburton,M
128730,"Samuel ""Sam"" Ward",M
128762,Rory David Warlow,M
128918,Peter Graham Waterfield,M
128924,Danielle Sian Waterman,F
128943,Joanne Watmore,F
128967,Heather Miriam Watson,F
128979,Marcus China Watson,M
129061,"Samuel ""Sam"" Weale",M
129089,Hollie Webb,F
129186,Sonny Curtis  Webster,M
129333,Laura Elizabeth Weightman,F
129406,Henry Weir,M
129540,"Matthew Ward ""Matt"" Wells",M
129950,Hannah Kate Whelan,F
129963,John Edwin Whitaker,M
129965,Michael Whitaker,M
129982,"Robert Graham ""Bobby"" White",M
129991,Ellen Toni White,F
130010,Nicola White,F
130067,Olivia Rose Whitlam,F
130071,Max Antony Whitlock,M
130103,Laura Whittle (Kenney-),F
130159,Lucy Mauritia Wicks,F
130311,Bradley Marc Wiggins,M
130385,Chloe Elizabeth Wilcox,F
130532,"Daniel John ""Danny"" Willett",M
130570,Ciaran Williams,M
130573,Conrad Williams,M
130575,Daniel David J. Williams,M
130579,Delano Livingston Williams,M
130593,Fara Tanya Franki Williams Merrett,F
130614,Jodie Alicia Williams,F
130654,Rachel Louise Williams,F
130659,Rhys Williams,M
130661,"Robert ""Rob"" Williams",M
130679,Sophie Williams,F
130711,Alison Jane Williamson (-Conaghan),F
130728,Andrew Willis,M
130741,Aimee Willmott,F
130758,"Alan James ""Al"" Wills",M
130776,Alastair Wilson,M
130868,Melanie Kate Wilson,F
130873,Nicola Wilson,F
130874,Nile Wilson,M
130876,Peter Robert Russell Wilson,M
130909,Amy Alexandra Wilson-Hardy,F
130917,Spencer James W. Wilton,M
131025,"Angela ""Angie"" Winstanley-Smith",F
131503,"Nicholas Lloyd ""Nick"" Woodbridge",M
131564,Freddie Woodward,M
132148,Galal Yafai,M
132380,Mara Rosalind Yamauchi (Myers-),F
132593,Rachel Aba Yankey,F
132693,Adam Yates,M
133186,Alison Young,F
668,Gemma Acheampong,F
3284,Alex Amankwah,M
3484,Christian Amoah,M
3526,Alberta Boatema Ampomah,F
3527,John Ampomah,M
3528,Janet Amponsah,F
4377,Vida Anim,F
25460,Emmanuel Kwame Dasor,M
29092,Isaac Dogboe,M
36331,Kaya Adwoa Forson,F
37940,Anthony Ignisious Gaisah Essuman,M
44339,Beatrice Gyaman,F
53085,Abeiku Gyekye Jackson,M
79322,Duke Micah,M
84565,Emmanuel Nartey,M
89046,Abdul Omar,M
90249,Flings Joyner Owusu-Agyapong,F
104231,Sean Nana A. K. Safo-Antwi,M
117566,Szandra Szgedi,F
119409,Suleimana Tetteh,M
34014,Zamzam Mohamed Farah,F
80915,Mohamed Hassan Mohamed,M
80916,Mohamed Daud Mohamed,M
83655,Maryan Nuh Muse,F
799,Nafissatou Moussa Adamou,F
2610,Abdoul Razak Issoufou Alfaga,M
38419,Rabiou Guero Gao,M
42077,Ahmed Goumar,M
42095,Zakari Gourouza,M
48653,Moustapha Abdoulaye Hima,M
52635,Hamadou Djibo Issaka,M
74266,Mariama Mamoudou Ittatou,F
82562,Albarchir Mouctar,M
82648,Roukaya Moussa Mahamane,F
90139,Djibo Idrissa Ousseini,M
113432,Nafissa Souleymane,F
17573,Moussa Camara,M
23429,Ismal Coulibaly,M
25308,Djnbou Dant,F
28120,Mamadou Chrif Dia,M
29918,Rahamatou Dram,F
58435,Daba Modibo Keita,M
62414,Oumar Kone,M
104952,Fatoumata Samasskou,F
113443,Mamadou Soumare,M
121481,Oumar Tour,M
121681,Ayouba Traor,M
6336,Masoud Azizi,M
6819,Nesar Ahmad Bahawi,M
7050,Mohammad Tawfiq Bakhshi,M
33807,Ajmal Faisal,M
33817,Ajmal Faizzada,M
61961,Tahmina Kohistani,F
86313,Rohullah Nikpai,M
133277,Kamia Yousufi,F
133698,Abdul Wahab Zahiri,M
795,Tomasz Adamiec,M
4104,Maria Andrejczyk,F
4407,Emilia Ankiewicz,F
4834,Krystian Aranowski,M
5974,Kamila Anna Augustyn,F
5975,Rafa Augustyn,M
7448,ukasz Banak,M
7654,Radosaw Baran,M
7655,Robert Baran,M
7678,"Katarzyna ""Kasia"" Baranowska",F
7680,Zbigniew Mateusz Baranowski,M
8286,Beata Bartkw-Kwiatkowska,F
8307,Zbigniew Bartman,M
8785,Iga Baumgart,F
9310,Sylwester Bednarek,M
9314,Bartosz Bednorz,M
10724,Miosz Bernatajtys,M
11287,Magorzata Biaecka,F
11370,Karol Bielecki,M
11371,Maciej Bielecki,M
11391,Mateusz Bieniek,M
11804,Mateusz Biskup,M
12435,Adrian Bocki,M
12625,Maciej Bodnar,M
12707,Sylwia Katarzyna Bogacka,F
13229,Bartomiej Wojciech Bonk,M
14963,Klaudia Bre,F
15939,Marcin Mariusz Brzeziski,M
15945,Monika Brzostek,F
15946,Piotr Brzzka,M
15950,Artur Brzozowski,M
16306,Konrad Bukowiecki,M
16485,Mikoaj Piotr Burda,M
16881,Rafa Buszek,M
17004,Paulina Buziak,F
19518,Wiktor Chabel,M
19955,Natalia Charos,F
20901,Karolina Chlewiska,F
21492,Monika Ciaciuch,F
21527,Angelika Cichocka,F
21553,Marcin Cielak,M
24492,Adam Cwalina,M
24518,Przemysaw Czajkowski,M
24551,Konrad Czerniak,M
24560,Maria Czenik,F
24578,Sylwia Magdalena Czwojdziska-Gawlikowska,F
24579,Damian Czykier,M
25268,Piotr Daniluk,M
25475,Micha Daszek,M
25780,Aleksandra Katarzyna Dawidowicz,F
27701,Weronika Deresz,F
28958,Patryk Dobek,M
29007,Rafa Dobrowolski,M
29775,Anna Dowgiert,F
29833,Marcin Doga,M
30144,Monika Mariola Drybulska-Stefanowicz,F
30162,Fabian Drzyzga,M
31054,Agnieszka Dygacz,F
31058,Jakub Dyjas,M
31139,Edyta Dzieniszewska-Kierkla,F
31144,Adrian Dziko,M
32707,Sofia Ennaoui,F
33827,Pawe Fajdek,M
34389,Rafa Fedaczyski,M
35273,Grzegorz Fijaek,M
35446,Joanna Fiodorow,F
37422,Robert Fuchs,M
37589,Magdalena Fularczyk-Kozowska,F
37757,Mariusz Stanisaw Fyrstenberg,M
37864,Magomiedmurad Gadyjew,M
40203,ukasz Gierak,M
40676,aneta Glanc,F
40949,Jarosaw Godek,M
41756,Daniel Grak,M
41927,Paula Gorycka,F
42152,Micha Goa,M
43286,Sylwia Gruchaa,F
43383,ukasz Grzeszczuk,M
43385,Katarzyna Grzybowska-Franc,F
43386,Marcin Grzybowski,M
43480,Paulina Guba,F
44200,Wojciech Robert Gutorski,M
45942,Micha Haratyk,M
47111,Grzegorz Hedwig,M
47356,Rafa Dominik Hejmej,M
49149,Karol Hoffmann,M
49282,Piotr Hojka,M
50411,Magorzata Houb,F
51695,Krzysztof Ignaczak,M
53060,Tomasz Jaboski,M
53062,Mateusz Roman Jachlewski,M
53298,Anna Jagaciak-Michalska,F
53435,Igor Pawe Jakubowski,M
53674,Igor Piotr Janik,M
53675,Damian Janikowski,M
53713,Miosz Jankowski,M
53745,Jerzy Janowicz,M
53752,Klaudia Anna Jans-Ignacik,F
53920,Aleksandra Jarmoliska,F
53930,Jakub Wadysaw Jarosz,M
53982,Karolina Jarzyska (-Nadolska),F
53998,Edyta Jasiska,F
53999,Magorzata Jasiska,F
54013,Marek Jaskka,M
54149,Otylia Jdrzejczak,F
54237,Micha Jeliski,M
54246,Jakub Bogdan Jelonek,M
54665,Agnieszka Jerzyk,F
54667,Marta Jeschke,F
56091,Bogna Jwiak,F
56094,Joanna Jwik,F
56353,Pawe Juraszek,M
56368,Bartosz Jurecki,M
56370,Micha Jurecki,M
56397,Mariusz Jurkiewicz,M
56400,Katarzyna Iwona Jurkowska-Kowalska,F
56444,Piotr Juszczak,M
56544,Justyna Kaczkowska,F
56549,Pawe Kaczmarek,M
56554,Tomasz Kaczor,M
57083,Mateusz Kamiski,M
57241,Paula Kania,F
57288,Piotr Kantor,M
57791,Arsen Kasabijew,M
58220,Radosaw Kawcki,M
59648,Anna Katarzyna Kiebasiska,F
59728,Grzegorz Kiljanek,M
61167,Aleksandra Jadwiga Klejnowska-Krzywaska,F
61223,Kacper Fabian Klich,M
61328,Ewelina Klocek-Ptak,F
61413,Karol Kos,M
61721,Agnieszka Kobus,F
62144,Marek Antoni Kolbowicz,M
62259,Pawe Koodziski,M
62371,Dawid Konarski,M
62520,Klaudia Konopko,F
62595,Marek Konwa,M
62710,Malwina Kopron,F
62745,Daria Korczyska (Onysko-),F
62850,Adam Marek Korol,M
62931,Pawe Jzef Korzeniowski,M
63050,Grzegorz Kosok,M
63121,"Nadeida ""Nadia"" Kostiuczyk-Zieba",F
63516,Katarzyna Kowalska,F
63541,Magorzata Kozaczuk,F
63627,Artur Kozowski,M
63629,Kacper Kozowski,M
63635,Karolina Koeczek,F
63637,Kinga Koosiska,F
63682,Przemysaw Krajewski,M
63900,ukasz Krawczuk,M
63904,Katarzyna Krawczyk,F
64363,Marcin Krukowski,M
64435,Kamil Kryski,M
64466,Jakub Krzewina,M
64482,Adam Kszczot,M
64499,Robert Kubaczyk,M
64513,Micha Kubiak,M
64547,ukasz Kubot,M
64558,Dariusz Stanisaw Ku,M
64620,Sawomir Kuczko,M
64623,Kamil Kuczyski,M
64663,Micha Kuda,M
64795,Piotr Kula,M
64826,Roman Kulesza,M
64828,Piotr Kuleta,M
65114,Bartosz Kamil Kurek,M
65219,Mateusz Kus,M
65271,Mateusz Kusznierewicz,M
65491,Micha Kwiatkowski,M
68987,Natalia Leniak,F
69027,Joanna Leszczyska,F
69179,Iwona Lewandowska,F
69180,Sylwia Lewandowska,F
69183,Marcin Lewandowski,M
69464,Qian Li,F
69691,Kamila Liwinko (Stepaniuk-),F
69833,Krzysztof Lijewski,M
70299,Magda Linette,F
70335,Joanna Linkiewicz,F
70395,Karina Lipiarska-Paka,F
70457,Piotr Lisek,M
71883,Joanna ochowska,F
71884,Micha Andrzej ogosz,M
71887,Grzegorz omacz,M
71889,Micha oniewski,M
71891,Bartosz osiak,M
72712,Hanna yczbiska,F
73153,Natalia Madaj,F
73737,Kacper Majchrzak,M
73758,Tomasz Majewski,M
73764,Rafa Majka,M
73919,Krzysztof Maksel,M
74097,Anna Maliszewska,F
74842,Marcin Waldemar Marciniszyn,M
76317,Kamil Masztak,M
76388,Robert Bogumi Mateusiak,M
76482,Iwona Nina Matkowska,F
76483,Marcin Matkowski,M
77152,Piotr Maachowski,M
79319,Przemysaw Miarczyski,M
79355,Karolina Michalczuk,F
79362,Monika Ewa Michalik (Rogien-),F
79366,Julia Ludwika Michalska,F
79367,Arkadiusz Michalski,M
79372,ukasz Michalski,M
79594,Mateusz Mika,M
79712,Martyna Mikoajczak,F
79713,Artur Mikoajczewski,M
79714,Beata Mikoajczyk,F
79777,Katarzyna Milczarek-Jasiska,F
80476,Joanna Mitrosz,F
80626,Ewa Justyna Mizdal,F
82729,Marcin Rafa Modonek,M
82802,Irmina Mrzek-Gliszczyska,F
83948,Piotr Myszka,M
84241,Karolina Naja,F
86136,Katarzyna Niewiadoma,F
86703,Zofia Noceti-Klepacka,F
86738,Artur Noga,M
87197,Oktawia Nowacka,F
87218,ukasz Nowak,M
87225,Piotr Nowakowski,M
87235,Wojciech Nowicki,M
88134,Jolanta Ogar,F
88504,Maciej Okrglak,M
88685,Anna Marta Olichwierczuk-Jesie,F
89070,Rafa Omelko,M
89729,Bartosz Osewski,M
90436,Natalia Pacierpnik,F
91818,ukasz Parszczyski,M
91842,Natalia Partyka,F
91977,Aneta Pastuszka-Konieczna,F
92381,Katarzyna Pawowska,F
92387,ukasz Zygmunt Pawowski,M
92454,Piotr Paziski,M
94658,Patrycja Piechowiak,F
94668,Magdalena Piekarska,F
94776,Micha Pietrzak,M
94807,Marta Pihan-Kulesza,F
94845,Daria Pikulik,F
95307,Katarzyna Piocik-Klys,F
95470,Anna Plichta,F
95477,Renata Pli,F
95567,Marcin Krzysztof Pochwaa,M
95616,Arleta Podolak,F
95667,Daria Pogorzelec,F
95777,Mateusz Polaczyk,M
95809,Tomasz Polewka,M
96227,Marika Popowicz-Drapaa,F
97268,Mariusz Prudel,M
97328,ukasz Przybytek,M
97399,Marta Puda,F
97656,Alexandra Putra,F
97711,Monika Zofia Pyrek (-Rokita),F
98191,Dariusz Radosz,M
98237,Agnieszka Roma Radwaska,F
98238,Urszula Radwaska,F
98511,Pawe Rakoczy,M
98814,Pawe Rafa Rada,M
98920,Micha Jacek Rapcewicz,M
101230,Karol Robak,M
101998,Anna Rogowska,F
102673,Alicja Rosolska,F
102674,Rafa Rosolski,M
103222,Micha Zygmunt Ruciak,M
103696,Natalia Rutkowska,F
104150,Urszula Sadkowska,F
105828,Maciej Sarnacki,M
105831,Rafa Sarnecki,M
106346,Mateusz Jakub Sawrymowicz,M
107346,Zbigniew Schodowski,M
109470,Yared Neda Shegumo,M
110295,ukasz Siemion,M
110297,Piotr Siemionowski,M
110414,Rafa Sikora,M
111808,Adam Skrodzki,M
111822,Agnieszka Skrzypulec,F
112022,Micha Soma,M
112631,Robert Sobera,M
112678,Aleksandra Anna Socha (-Szelagowski),F
112689,Kamila Soko,F
112829,Diana Sokoowska,F
113901,Pawe Tadeusz Spisak,M
113991,Maria Springwald,F
114438,Agnieszka Staro-Nagay,F
114474,Szymon Stakiewicz,M
115416,Marcin Tomasz Stolarski,M
115751,Beata Stremler,F
116179,Grzegorz Sudo,M
117139,Justyna wity,F
117164,Jan witkowski,M
117165,Ewa Nikola Swoboda,F
117261,Martyna Synoradzka,F
117268,Kamil Syprzak,M
117416,Karolina Paulina Szczepaniak,F
117426,Piotr Szczepaski,M
117548,Matylda Szlzak-Kowal,F
117550,Sawomir Szmal,M
117593,Henryk Jzef Szost,M
117601,Micha Szpakowski,M
117634,Dawid Szulich,M
117642,Agnieszka Szwarng,F
117644,Micha Szyba,M
118611,Marcin Tarczyski,M
118973,Alicja Maria Tchrz,F
119552,Wojciech Theiner,M
120861,Dawid Tomala,M
122009,Daniel Dawid Trojanowski,M
122952,Karolina Tymiska,F
123435,Aleksandra Urbaczyk-Olejarczyk,F
123436,Robert Urbanek,M
123442,Danuta Urbanik,F
127783,Przemysaw Marian Wacha,M
128036,Marta Walczykiewicz,F
128643,Zengyi Wang,M
128845,Konrad Wasielewski,M
129264,Natan Wgrzycki-Szymczyk,M
129398,Anna Weinzieher,F
130120,Piotr Wiaderek,M
130263,Anna Wierzbowska,F
130264,Maria Wierzbowska,F
130284,Pawe Wiesioek,M
130297,Agnieszka Jadwiga Wieszczek-Kordus,F
130379,Mateusz Wilangowski,M
130443,Katarzyna Maria Wilk,F
130985,Micha Winiarski,M
131123,Adam Winiewski,M
131193,Anita Wodarczyk,F
131199,Maja Martyna Woszczowska,F
131246,Pawe Wojciechowski,M
131251,Katarzyna Wjcik,F
131255,Wojciech Wojdak,M
131260,Janusz Wojnarowicz,M
131261,Ewelina Wojnarowska,F
131270,Magorzata Wojtkowiak,F
131275,Magorzata Wojtyra,F
131755,Paula Wroska,F
131924,Patrycja Wyciszkiewicz,F
131957,Filip Wypych,M
131973,Piotr Wyszomirski,M
133604,Filip Zaborowski,M
133626,Joanna Zachoszcz,F
133683,Pawe Zagrodnik,M
133684,Pawe Lech Zagumny,M
133835,Karol Zalewski,M
133836,Krystian Zalewski,M
134081,Pawe Zatorski,M
134129,Radosaw Aleksander Zawrotniak,M
134947,Adrian Edward Zieliski,M
134949,Damian Zieliski,M
134955,Tomasz Bernard Zieliski,M
134963,Kacper Ziemiski,M
134970,Mirosaw Zitarski,M
135095,Szymon Zikowski,M
135516,Krzysztof Maciej Zwarycz,M
135557,Dominik ycki,M
135558,ukasz Tomasz ygado,M
2616,Natalia Alfaro Paniagua,F
3270,Andrey Amador Bikkazakova,M
14940,Nery Antonio Brenes Crdenas,M
19534,Leonardo Chacn Corrales,M
19895,Karen Charles (Cope-),F
36132,Andrey Fonseca Urea,M
70758,Csar Andrs Lizano Cedeo,M
78554,Milagro Mena,F
79266,Marie Laura Meza Peraza,F
81584,Mario Enrique Montoya Segnini,M
81586,Paolo Cesar Montoya Cantillo,M
83489,Miguel Murillo Salazar,M
83490,Osman Murillo Segura,M
90193,Heiner Oviedo Moreira,M
106355,Roberto Sawyers Furtado,M
108023,Sharolyn Shantell Scott Norman,F
121656,Gabriela Gerarda Traa Trigueros,F
3267,Isabella del Carmen Amado Medrano,F
17072,Atheyna Bylon,F
18613,Carolena Jean Carstens Salceda,F
18890,Jorge Castelblanco,M
18947,Diego Jsus Castillo Granados,M
23765,Edgar Roberto Crespo Echeverra,M
31468,Alonso Reno Edward Henry,M
33997,Mara Fernanda Far Nuez,F
35054,Andrea Mara Ferris Quintero,F
42770,Eileen Grench,F
50821,Juan Huertas Garca,M
69268,Yvette Lewis,F
83322,David Muoz Hidalgo,M
104586,Irving Jahir Saladino Arana,M
110721,Omar Simmonds Pea,M
554,Benik Abramyan,M
3440,Sandro Aminashvili,M
8451,Nikoloz Basilashvili,M
8946,Sandro Bazadze,M
12980,Irak'li Bolkvadze,M
12981,Shmagi Bolkvadze,M
13791,Teona Bostashvili,F
19492,Avtandil Ch'rik'ishvili,M
19581,Margalit'a Chakhnashvili,F
20896,Giorgi Chkheidze,M
25486,Zurabi Datunashvili,M
33144,Kristine Esebua,F
39338,Vladimer Gegeshidze,M
41052,Maik'o Gogoladze,F
41056,Giorgi Gogshelidze,M
41209,Luba Golovina,F
44310,Beka Gviniashvili,M
50181,Anast'asia Hot'pridi,F
51481,Zurabi Iakobishvili,M
51812,David Ilariani,M
53046,Soso Jabidze,M
56730,Iakob Kajaia,M
59191,Daviti Kharazishvili,M
59302,Vladimer Khinchegashvili,M
59376,Bachana Khorava,M
59507,Davit Khutsishvili,M
61710,Roberti Kobliashvili,M
66952,Revaz Lashkhi,M
69642,Valentina Liashenko (Khomitska-),F
70385,Varlam Lip'art'eliani,M
70943,Yuliya Lobzhenidze,F
72920,Gia Mach'avariani,M
72951,Tsotne Machavariani,M
73800,Iakob Makarashvili,M
74989,Vazha Margvelashvili,M
75366,"Davit ""Dato"" Marsagishvili",M
80808,Davit Modzmanashvili,M
84011,Revazi Nadareishvili,M
84030,Giorgi Nadiradze,M
84031,Zaza Nadiradze,M
88010,Elizbar Odikadze,M
88506,Adam Okruashvili,M
91273,Amiran Papinashvili,M
92453,Salome Pazhava,F
94043,Geno Petriashvili,M
94417,Guram Pherselidze,M
94527,Khatuna Phutkaradze-Narimanidze,F
100174,Irak'li Revishvili,M
102644,Maciej Rosiewicz,M
104879,Nino Salukvadze (-Machavariani),F
109358,Lasha Shavdatuashvili,M
111642,Boleslav Skhirt'ladze,M
114232,Esther Stam,F
117671,Nugzar T'at'alashvili,M
117672,Ana T'at'ishvili,F
118074,Lasha Talakhadze,M
121149,Lasha Torgvaidze,M
122319,Raul Tsirek'idze,M
122334,Manuchar Tskhadaia,M
122746,Irak'li Turmanidze,M
122850,Otar Tushishvili,M
134036,Malkhaz Zarkua,M
134786,Levan Zhorzholiani,M
4368,Franka Ani,F
8529,Polona Batagelj,F
8661,Martin Bau,M
9537,Teja Belak,F
11158,Ura Bean,F
11167,Marko Bezjak,M
12042,Bla Blagotinek,M
12959,Grega Bole,M
13055,Dean Bomba,M
14407,Borut Boi,M
14409,Luka Boi,M
14574,Janez Brajkovi,M
18357,Anja arman,F
19351,Matja Ceraj,M
19399,Teja erne,F
19406,Marua ernjul,F
21609,Darko Cingesar,M
22966,Iztok op,M
26880,Rajmond Debevec,M
29160,Jure Dolenec,M
29915,Rok Draki,M
30482,Damir Dugonji,M
30964,Vesna uki,F
31004,iva Dvorak,F
37776,Matej Gaber,M
41194,Saa Golob,F
41239,Adrian Gomboc,M
42115,Nastja Govejek,F
42377,Daneja Grandovec,F
47620,Nik Henigman,M
47860,Polona Hercog,F
48925,Karlo Hmeljak,M
52426,Sara Isakovi,F
53567,Bla Janc,M
53603,Luka Janei,M
54626,ana Jereb,F
58113,Peter Kauzer,M
58126,Bla Kavi,M
58135,Vid Kavtinik,M
61174,Blaa Klemeni,F
61194,Andreja Klepa,F
61279,Anja Klinar,F
61684,Primo Kobe,M
63039,Anton Kosma,M
63609,Primo Kozmus,M
63668,Ura Kragelj,F
63740,Matija Kranjc,M
66927,Brent Michael William Larue,M
68971,Urban Lesjak,M
72835,Veronika Macarol,F
72902,Botjan Maek,M
74475,Peter Manko,M
75878,Marija Martinovi-estak,F
79570,Maja Mihalinec,F
79693,David Miklavi,M
80981,Matej Mohori,M
82775,Tina Mrak,F
87996,Tjaa Oder,F
93608,pela Pere,F
95024,Tjaa Pintar,F
95788,Jan Polanc,M
95794,Lucija Polavder,F
96038,pela Ponomarenko Jani,F
96450,Vid Poteko,M
96922,Role Prezelj,M
98474,Nua Rajher,F
99091,"Martina ""Martinka"" Ratej",F
99306,Simon Razgor,M
99995,Robert Renner,M
101986,Primo Rogli,M
102218,Sonja Roman,F
103288,an Rudolf,M
104285,Mojca Sagmeister,F
106317,Benjamin Savek,M
108157,Alja Sedej,M
108241,Janja egel,F
110678,Mateja imic,F
111705,Gorazd kof,M
111717,Matev Skok,M
112119,Tanja mid,F
113850,Luka pik,M
113851,Simon pilak,M
113852,Barbara piler,F
114027,Raa Sraka,F
114035,Katarina Srebotnik,F
115615,Klemen trajhar,M
116698,Tina utej,F
118121,Sao Taljat,M
118807,Ane Tavar,M
119247,Eva Terelj,F
120759,Bojan Toki,M
120933,Marina Tomi,F
121628,Ivan Konrad Trajkovi,M
122097,Tina Trstenjak,F
122905,Maja Tvrdy,F
125686,Sabina Veit,F
125754,"Anamari ""Ana"" Velenek",F
127590,Tjaa Vozel,F
133760,Tanja akelj,F
133998,Miha Zarabec,M
134169,Robert bogar,M
134170,Vasilij bogar,M
134404,Mihael gank,M
135219,Urka olnir,F
135254,Uro Zorman,M
551,Aliyah Abrams,F
8415,Jeremy Bascom,M
29497,Troy Doris,M
38957,Hannibal David Gaskin,M
39573,Winston Oudkerk George,M
66081,Ral Lall,M
95999,Aliann Tabitha Omalara Pompey,F
101316,Niall Roberts,M
105485,Jamila Keizia Sanmoogan,F
119884,Brenessa Thompson,F
124734,Britany van Lange,F
846,Valerie Kasanita Adams-Vili (-Price),F
2464,Jo Qesem Ayela Aleh,F
4913,Shane William Archbold,M
4932,Ryan Archibald,M
5148,Michael Arms,M
5528,Bradlee Logan Taylor Ashby,M
6251,Louise Ayling,F
7034,Shakira Baker,F
7720,Kosta Barbarouses,M
7728,Alana Barber,F
8704,"Hans Jacob ""Jack"" Bauer",M
9432,"Genevieve ""Gen"" Behrent",F
9631,Daniel Rae Bell,M
10167,George Bennett,M
11109,Kelsey Bevan,F
11119,"Samuel Ryan ""Sam"" Bewley",M
11600,Jenny Lynn Bindon (Bourn-),F
13116,Alistair Bond,M
13120,Hamish Byron Bond,M
14125,"Fiona ""Fi"" Bourke",F
14252,"Kate Elizabeth ""Katie"" Bowen-Duncan",F
14373,Lauren Marie Boyle,F
14577,Michael Brake,M
14817,Kelly Brazier,F
15065,George Spencer Bridgewater,M
15436,Julie Brougham,F
15437,Gayle Broughton,F
16014,Rushlee Buchanan,F
16386,"Pieter ""Piet"" Bulling",M
16645,Peter Burling,M
16742,"Phillip Ross ""Phil"" Burrows",M
17730,Logan Campbell,M
18563,Lisa Carrington,F
18610,Hamish Carson,M
19922,"Samantha ""Sam"" Charlton",F
20402,Robin Haeyoun Cheong,F
20741,Simon Child,M
22185,Sophie Cocks,F
22267,Nathan Cohen,M
22949,Melody Cooper,F
23424,James Coughlan,M
23532,Dean Warren Couzins,M
23574,Sarah Cowley,F
24230,Elizabeth Cui,F
24412,Scott Curry,M
25211,Marcus Daniell,M
25782,Edward James Eddie Dawkins,M
25795,"Michael ""Mike"" Dawson",M
26741,Moira De Villiers,F
28376,Sam Dickson,M
29024,Bevan John Docherty,M
29051,Tony Boyd Dodds,M
30156,Alexander Mah Owens Drysdale,M
30674,Dylan Dunlop-Barrett,M
31059,Emma Dyke,F
31470,Julia Edward,F
31506,"Steven ""Steve"" Edwards",M
32371,Lauren Ellis,F
32787,Marina Erakovic,F
32815,Abby May Erceg,F
33154,Clarissa Eshuis,F
34124,Stuart James Farquhar,M
34602,Alex Feneridis,M
34709,Steven Sean Ferguson,M
34769,Siona Fernandes,F
35423,Cathryn Finlayson,F
35569,Aimee Fisher,F
35630,Darryl Stewart Fitzgerald,M
35651,Theresa Matauaina Fitzpatrick,F
35730,Nathan Flannery,M
35978,Gemma Flynn,F
36203,"Derek Jamie ""D. J."" Forbes",M
36265,Krystal Forgesson,F
36496,"Benjamin John ""Ben"" Fouhy",M
36576,Ryan Fox,M
39002,Helena Gasson,F
39016,Aaron Gate,M
39220,Samuel Gaze,M
39442,Kris Gemmell,M
39863,Amaka Gessler,F
40323,"Jackson ""Jacko"" Gill",M
40836,"Katherine ""Katie"" Glynn",F
41961,Sarah Goss,F
42047,Regan Gough,M
42050,Westley Gough,M
42132,Kerri Gowler,F
42311,Isaac Grainger,M
42546,Sarah Gray,F
42731,Sarah Joelle Gregorius,F
43928,Ella Gunson,F
44808,"Nicholas ""Nick"" Haig",M
44811,Juliette Anne Haigh,F
45216,Nikki Jayne Hamblin,F
45596,Karen Hanlen,F
45743,Jenna Hansen,F
45783,Natasha Hansen,F
46155,"Christopher ""Chris"" Harris",M
46197,Charlotte Harrison,F
46220,"Samantha ""Sam"" Harrison",F
46523,Betsy Doon Hassett,F
46598,Teneale Hatton,F
46879,"Adrew ""Andy"" Hayward",M
46882,Pippa Hayward,F
46894,Stephanie Hazard,F
46983,Amber Liarnie Rose Hearn,F
47575,"Gregory Robert ""Greg"" Henderson",M
48337,Andrea Hewitt,F
48583,Louisa Katherine Hill,F
48649,Blair Hilton,M
48667,"Natasha Patricia ""Tash"" Hind",F
49233,Ian Campbell Hogg,M
49875,Blair Robert Hopping,M
50373,"Cameron Drew Neru ""Cam"" Howieson",M
50393,Katie Cherie Hoyle-Duncan,F
51078,James Hunter,M
51281,"Matthew ""Matt"" Hutchins",M
52055,Kayla Imrie,F
52136,Hugo Inglis,M
52144,Melissa Jane Ingram,F
52245,Akira Ioane,M
52247,Rieko Ioane,M
54303,Stephen Jenness,M
55533,Clarke Johnstone,M
55660,Gemma Jones,F
55699,Luuka Jones,F
55737,Stephen Jones,M
55748,Trent Jones,M
56325,Josh Junior,M
56755,Gillies Kaka,M
58316,Gareth Kean,M
58361,Elizabeth Rose Keddell,F
58707,Alex Kennedy,M
58737,Dylan Kennett,M
58754,"Steven ""Steve"" Kent",M
59636,Joanne Marie Kiesanowski,F
59707,Andrea Kilday,F
60734,Shaun Kirkham,M
61640,"Bo-Gyung ""Lydia"" Ko",F
63272,"Mikhail Alexandrovich ""Misha"" Koudinov",M
66180,Tracey Lambrechs,F
66970,James Lassche,M
67836,"Jin-Myung ""Danny"" Lee",M
71231,Annalie Antonia Longo,F
71759,Jaimee Lovett,F
71994,Dakota William Nicholas Lucas,M
72044,Samantha Lucie-Smith,F
72909,Eve Macfarlane,F
73053,Sophie MacKenzie,F
73667,Corey Charles Garth Main,M
74181,"Alexandra Maria ""Alex"" Maloney",F
74301,Devon Manchester,M
74581,"Robert ""Robbie"" Manson",M
74633,Darcina-Rose Manuel,F
74635,Huriana Manuel,F
75426,Penelope Marshall,F
76673,Julian Francis Matthews,M
77221,Shea McAleese,M
77223,Kayla McAlister,F
77314,Eliza McCartney,F
77494,Marty McDowell,M
77539,Adam Jamie McGeorge,M
77557,Michael Ryan McGlinchey,M
77583,Courtney Louise McGregor,F
77617,Kate McIlroy,F
77867,"Andrew ""Andy"" McMillan",M
78119,Molly Meech,F
78120,Sam Meech,M
78968,Olivia Merry,F
79427,Stacey Michelsen,F
79681,Tim Mikkelson,M
79956,Alana Millington,F
80404,Ethan Mitchell,M
81115,Sione Molia,M
81672,Meikayla Jean Maree Moore,F
81701,Hayley Rose Moorwood (-Bowden),F
83465,Andrew Murdoch,M
83571,Eric Gordon Murray,M
83598,"Thomas ""Tom"" Murray",M
83630,James Mzamo Musa,M
83862,"Timothy Esmonde ""Tim"" Myers",M
84689,Tyla Nathan-Wong,F
84827,Erin Nicole Nayler,F
84830,Emily Sarah Naylor (-Gaddum),F
84963,Brooke Neal,F
84967,Shay Neal,M
85180,Ryan William Nelsen,M
85557,Brent Newdick,M
85824,Andrew Clifton Nicholson,M
85994,Jaime Nielsen,F
87950,Carl O'Donnell,M
88377,Michael Peter O'Keeffe,M
89116,Sean O'Neill,M
89481,Lewis Ormond,M
90571,Jonathan Paget,M
90849,Hayley Gloria Palmer,F
90982,Arun Panchia,M
92025,Fiona Paterson,F
92120,"Richard John Edward ""Richie"" Patterson",M
92421,"Timothy John ""Tim"" Payne",M
92503,Kirsten Pearce,F
93111,Hamish Martin Pepper,M
93151,Ria Dawn Percival,F
93190,Jasmine Henrietta Pereira,F
93948,Richard Petherick,M
94270,"Angela Kate ""Angie"" Petty (Smit-)",F
94476,Hayden Phillips,M
94618,Kurt Pickard,M
95611,"Olivia ""Liv"" Podmore",F
96070,Kyle Marshall Pontifex,M
96616,Caroline Helen Powell,F
96660,"Olivia Elizabeth ""Polly"" Powrie",F
96778,Kayla Pratt,F
96853,Grace Prendergast,F
96952,Tim Price,M
97059,Alexis Pritchard,F
97521,Augustine Pulu,M
97547,Anita Punt-McLaren,F
97692,Susannah Pyatt,F
98142,Kane Radford,M
100181,Quentin Rew,M
100238,Anna Reymer,F
100515,Jonelle Richards-Price,F
100852,"Alexandra Lowe ""Ali"" Riley",F
101339,Brook Robertson,M
101388,Zane Robertson,M
101435,Emma Robinson,F
102082,Marco Rodrigo Rojas,M
102440,Natalie Rooney,F
103601,Bianca Russell,F
103622,Kane Russell,M
103688,Sally Rutherford,F
103767,Caitlin Ryan,F
103784,Marc James Ryan,M
105062,Nicky Samuels,F
106130,Jason Saunders,M
107087,Dylan Matthew Schmidt,M
108031,Vaughn Scott,M
108041,Rebecca Scown,F
108808,Jesse Harold Sergent,M
109229,Alison Kay Shanks,F
109293,Kayla Marie Sharland-Whitelock,F
109368,Bradley Shaw,M
109443,Racquel Sheath,F
109572,Caleb Shepherd,M
111427,Ryan Sissons,M
111892,Daniel James Slater,M
112096,Shane Edward Smeltz,M
112324,Kelsey Smith,F
112328,"Kimberly Frances ""Kim"" Smith (-Tarpy)",F
112374,Rebecca Katie Smith,F
112419,"Thomas Jefferson ""Tommy"" Smith",M
112585,Paul Snow-Hansen,M
112595,Glenn Andrew Mark Snyders,M
114358,Matthew Stanley,M
115116,Zoe Stevenson,F
115498,John Storey,M
115538,Rebekah Ashley Stott,F
116368,Joseph Sullivan,M
118650,Blair Tarrant,M
118877,Erin Taylor,F
118933,Peter Taylor,M
118940,Ryan Grant Taylor,M
118981,Terina Lily Te Tamaki,F
119427,Ruby Tew,F
119757,Adam Russell Thomas,M
119935,"Elizabeth ""Liz"" Thompson",F
120468,Chloe Tipple,F
120632,"Jon-Paul ""JP"" Tobin",M
120661,Mark James Todd,M
121700,Louise Trappitt,F
122072,Matthew Trott,M
122541,Ruby Tui,F
122556,Blair Tuke,M
122772,"Frances ""Francie"" Turner",F
122787,Jim Turner,M
122918,Emma Twigg,F
123522,Jade Uru,M
123523,Storm Uru,M
124238,Lucy Van Dalen-Oliver,F
124963,Simon van Velthooven,M
125893,Michael Venus,M
126678,Linda Melanie Villumsen Serup,F
128138,Sarah Walker,F
128283,"Tomas ""Tom"" Walsh",M
128751,Regan Ware,M
129108,Joe Webber,M
129183,Petrea Webster,F
129185,Sam Webster,M
130016,"Rosemary Eleanor Florence ""Rosie"" White",F
130227,Natalie Wiegersma,F
130480,Hannah Lilian Wilkinson,F
130505,Daniel Willcox,M
130531,Marc Willers,M
130647,Niall Williams,F
130678,"Sonny William ""Sonny Bill"" Williams",M
130694,Tyson Williams,M
130702,"Zachary ""Zac"" Williams",M
130734,"Nicholas Ian ""Nick"" Willis",M
130871,"Nicholas ""Nick"" Wilson",M
131071,Sara Winther,F
131463,"Christopher Grant ""Chris"" Wood",M
131526,Portia Woodman,F
131551,"Nicholas ""Nic"" Woods",M
131707,"Jonathan ""Joe"" Wright",M
132239,Kirsty Lee Yallop,F
556,Arnaldo Lus Isaas Abrantes,M
563,Diogo Ferreira Tribolet de Abreu,M
1195,Salvador Jos Milhazes Agra,M
2970,Carlos Fernandes Esteves de Almeida,M
2974,Joo Carlos Marques de Almeida,M
4037,Francisco Catalo Rebelo Andrade,M
4698,Tiago Andr Barata Feio Peixoto Apolnia,M
5191,Tsanko Rosenov Arnaudov,M
5270,Miguel da Cunha Arraiolos,M
5967,Jssica de Barros Augusto,F
6311,Ctia Isabel da Silva Azevedo,F
7775,Vera Lcia Mendes Barbosa,F
8158,Elsa Marisa Branco Barros Rodrigues,F
14540,Rui Pedro Rebelo Bragana,M
17144,Ana Isabel Vermelhudo Cabecinha,F
17802,Manuel Jorge Almeida Campos,M
18194,Andr Fernando dos Santos Martins Cardoso,M
18197,Daniela Bruno Stoffel Cardoso,F
18200,Manuel Antnio Leal Cardoso,M
18372,Sara Lopez Mota Carmo,F
18689,Diogo Filipe Silva de Carvalho,M
18691,Gonalo Miguel Carvalho Conchinhas,M
18694,Jos Fernando Saraiva Carvalho,M
18699,Miguel ngelo Henriques Carvalho,M
18889,Joana Sofia de Paiva Castelo,F
21466,Marcos Antnio Quintino Chuva,M
23290,Joo Carlos Calvete Pereira da Costa,M
23294,Jos Lus Anica Costa,M
23310,Rui Alberto Faria da Costa,M
23314,Susana Cristina Sade da Costa,F
24034,Clarisse Maria Pinho Cruz,F
24733,Rui Pedro S Alves da Silva,M
26368,Gustavo Augusto Roxo de Lima,M
28193,Clio Emilson Ucha Dias,M
28677,Luciana Diniz-Knippling,F
29252,Afonso Manuel Costa Gaspar da Silva Domingos,M
32264,Gasto Jos Ministro Elias,M
33149,Ricardo de Sousa Esgaio,M
33537,Nelson vora,M
34480,Lus Manuel Jesus Feiteira,M
34555,Ana Dulce Ferreira Flix,F
34745,Bruno Miguel Borges Fernandes,M
34748,David Rubn Sousa Fernandes,M
35007,Tiago Jorge de Oliveira Ferreira,M
35232,Tobias Pereira Figueiredo,M
36135,Fernando Manuel Ferreira Fonseca,M
36136,Jorge Ivayr Rodrigues da Fonseca,M
36372,Marco Paulo Fortes,M
36596,Pedro Diogo Rosas Cardoso Fraga,M
37053,Bernardo Diogo Melo e Santos de Freitas,M
37059,Marcos Andr Sousa da Silva Freitas,M
37060,Marta Filipa Pen Oliveira Freitas,F
38270,Diogo Almeida Messias Ganchinho,M
41251,Beatriz Branquinho Gomes,F
41377,Rita Ferro Gonalves,F
42104,Ricardo Maria Brito e Cunha Melo Gouveia,M
47715,Paulo Henrique Rodrigues Cabral,M
47718,Ins Pereira Henriques,F
49605,Tamila Hryhorivna Holub,F
51642,Edgar Miguel I,M
51901,Tiago Abiola Delfim Almeida Ilori,M
52550,Pedro Miguel Piriquito Isidro,M
57080,Victoria Kaminskaya,F
65976,Francisca Dias Laia,F
67258,Arsenyi Lavrentyev,M
69920,Jorge Manuel Roxo Martins de Lima,M
69921,Jos-Filipe Lima,M
69926,Zoi Mafalda Marques de Lima,F
70911,Mariana Vaz Pinto Guimares Lobato,F
73623,Edi Silva Maia,M
74261,Patrcia Mbengani Bravo Mamona,F
74375,Carlos Manuel Cardoso Man,M
75079,lvaro Manuel Silveira Marinho,M
75883,Andr Renato Soares Martins,M
75893,Ana Filipa da Silva Martins,F
75908,Pedro Miguel Assuno Martins,M
78517,Frederico Ricciardi Pinheiro de Melo,M
78592,Jos Joo Pimenta Costa Mendes,M
78594,Lei Huang Mendes,F
78596,Nuno Manuel Costa Mendes,M
81483,Joo Pedro Andrade Selgas Monteiro,M
81491,Telma Alexandra Pinto Monteiro,F
81918,Sara Isabel Fonseca Moreira,F
82006,Simo Pedro Gomes Morgado,M
85522,Diana Pereira Neves,F
85527,Vnia Soares Neves,F
87327,Miguel Silveira Viana Marques Nunes,M
88647,Sergiu Oleinic,M
88730,Nlson Filipe dos Santos Simes Oliveira,M
88733,Pedro Diogo Tavares Martins de Oliveira,M
88736,Sara de Jesus Freitas de Oliveira,F
88738,Srgio  Miguel Relvas de Oliveira,M
89198,Marta Chinita Soares Onofre,F
90435,Gonalo Mendes Pacincia,M
90613,Bruno Miguel Forte Pais,M
92178,Jorge Paula,M
92199,Alberto Paulo,M
93193,Joo Jos Sales Henriques de Carvalho Pereira,M
94905,Fernando Ismael Fernandes Pimenta,M
94920,Joo Alexandre Ferreira de Pina,M
95224,Lus Pedro de Freitas Pinto Trabulo,M
95631,Tomas Martins Podstawski,M
96292,Teresa do Rosrio Afonso Portela,F
98674,Yahima Menndez Ramirez,F
98706,"Francisco Augusto ""Chico"" Neto Ramos",M
98713,Joana Isabel Ventura Ramos,F
100021,Ana Patrcia Robert de Oliveira Rente,F
100379,Ricardo Domingos Pires Ribas,M
100394,Joo Lus Peixoto Ribeiro,M
101531,Carla Salom Rocha,F
101674,Ana Pinho de Pinto Rodrigues,F
101679,Helena Isabel Neves Reinold Rodrigues,F
101681,Irina Cristiana Carreira Rodrigues,F
101684,Joo Filipe Gaspar Rodrigues,M
102496,David Joo Serralheiro Rosa,M
105613,Alexis Manaas da Silva Santos,M
105658,Telma Isabel da Silva Santos,F
105659,Vera Lcia Montez dos Santos,F
105728,Nuno Francisco Puidival Saraiva,M
109242,Shao Jieni,F
110507,Emanuel Eduardo Pimenta Vieira da Silva,M
110516,Hlder Rocha Silva,M
110522,Joo Pedro Lopes da Silva,M
110559,Tiago Rafael Maia Silva,M
110561,Vnia Sofia de Sousa Silva,F
113460,Joo Pedro Coelho Marinho de Sousa,M
118802,Maria Leonor Ribeiro Tavares,F
125229,Bruno Miguel Semedo Varela,M
125369,Joana Sofia Barbosa Vasconcelos,F
125831,Tiago Andr Ferro Venncio,M
126427,Joo Paulo Garcia Vieira,M
126432,Srgio Miguel Garcia Vieira,M
133308,Fu Yu,F
1290,Marcelo Vctor Aguirre,M
6196,Derlis Ramn Ayala Snchez,M
19343,Vernica Cepede Royg,F
36704,Leryn Dahiana Franco Stenery,F
42339,Julieta Granada,F
49019,"Benjamin Thomas ""Ben"" Hockin Brusquetti",M
75703,Carmen Patricia Martnez Aguilera,F
81734,Abraham Mora Acevedo,M
82455,Gabriela Mosqueira Benitez,F
99650,Paulo Bernardo Reichardt,M
101094,Arturo Rivarola Trappe,M
101158,Karen Nathalia Riveros Schulz,F
114351,Augusto Jos Stanley Netepczuk,M
133971,Fabrizio Zanotti Cavazzoni,M
1092,Paixo Afonso,M
2978,Nair Felipe Pires de Almeida,F
2980,Teresa Patrcia Almeida,F
4565,Manuel Andr Antonio,M
7774,Neyde Marisa Pina Barbosa,F
8153,Ana Patrcia  da Costa Barros,F
10716,Natlia Maria Bernardo,F
14608,Cristina Direito Branco,F
17827,Catarina Juliana Camufal,F
18195,ngela Snia  Monteiro Cardoso,F
18289,Azenaide Danila Jos Carlos,F
19152,Felismina Cavela,F
19195,Magda Alfredo Cazanga,F
26656,Joo Paulo de Leiria e Silva,M
29226,Wuta Waco Bige Dombaxi,F
29582,Janete Viegas dos Santos,F
33410,Fineza  da Silva Eusbio,F
34560,Madalena de Carvalho Felix,F
34755,Isabel Samboyo Fernandes,F
35316,Ngendua Filipe,F
41370,Ana Cludia  da Costa Gonalves,F
43439,Snia  Sebastio Guadalupe,F
43668,Isabel Evelize Wangimba Guialo,F
47719,Mariana Henriques,F
47720,Nelson Henriques,M
55907,Felizarda  da Conceio Jorge,F
57920,Albertina da Cruz Kassoma,F
59525,Lusa Kiala,F
59526,Marcelina Ireny Kiala,F
68535,Hermenegildo Leite,M
68597,Manuel Lelo,M
72934,Juliana Jos Machado,F
74636,Nadir Graciete  de Ftima Manuel,F
76452,Andr Matias,M
76847,Nassiela Cristina  de Oliveira Mauricio,F
81488,Lurdes Marcelina Manuel Monteiro,F
81569,Matias Montinho,M
81750,Carolina Martene  Miranda Morais,F
81907,Antnia Moreira De Fatima,F
85301,Vilma Pegado Nenganga,F
85405,Liliana Estefania Neto,F
86697,Ana Sofia Nbrega,F
90384,Fortunato Luis Pacavira,M
95013,Pedro Miguel Alves Pinotes,M
98944,Jean-Luc Rasamoelina,M
105644,Marta F.  Casimiro dos Santos,F
120877,Lusa Macuto Toms,F
125829,Liliana da Silva Venncio,F
126314,Astrida  Tumba Vicente,F
126418,Joelma Patrcia  da Cunha Viegas,F
721,Mara Jos Acosta Acosta,F
738,Crox Ernesto Acua Rodrguez,M
1213,Norisbeth Isais Agudo Gonzlez,F
1233,Alberto Martn Aguilar Surez,M
2543,Octavio Andrs Alesi Gonzlez,M
4035,Emanuel Alejandro Andrade Colmenares,M
4050,Marcia Yuleisi Andrades Mendoza,F
4941,Lus Martn Arcn Daz,M
5033,Betzabeth Anglica Argello Villegas,F
5422,Gremlis Andrena Arvelo Garca,F
8137,Pablo Jos Barrios Linares,M
10112,Alejandra Jhonay de Jess Bentez Romero,F
12126,Giovanna Jos Blanco Bazon,F
14786,Albert Idel Bravo Morales,M
15173,Leidys Milagros Brito,F
17837,Kelvin Jos Caa Infante,M
17894,Hersony Gadiel Caneln Vera,M
18103,Erwin Jos Caraballo Cabrera,M
18250,Mayelis Yesenia Caripa Castillo,F
18950,Jocelyn Castillo Surez,F
19213,Pedro Francisco Ceballos Fuentes,M
19458,Yennifer Mariana Csar Salazar,F
21936,Carlos Eduardo Claverie Borgiani,M
22492,Nstor Enrique Colmenares Uzcategui,M
22793,Edgar Jess Contreras Triana,M
22794,Edickson Contreras Bracho,M
23587,John Arthur Cox Bransford IV,M
24161,David Alejandro Cubilln Leon,M
28263,Jos Daniel Daz Robertti,M
31303,Gregory Joshue Echenique Carrillo,M
33230,Yaniuska Isabel Espinosa,F
33231,Ahymara del Carmen Espinoza Echenique,F
33237,Jos Alexander Espinoza Mea,M
34882,Silvio Ernesto Fernndez Briceo,M
35267,Yusleidy Mariana Figueroa Roldn,F
35443,Yoel Segundo Finol Rivas,M
35900,Daniel Alejandro Flores Prez,M
37437,Johana Beatriz Fuenmayor Choles,F
38536,Danielys del Valle Garca Buitriag,F
40248,Tomas Aurelio Gil Martnez,M
40417,Isis Raymari Gimnez Surez,F
41275,Alejandro Gmez Prez,M
41478,Angie Sabrina Gonzlez Garca,F
42471,Windi Manuel Graterol Clemente,M
43527,Javier Antonio Gudez Snchez,M
43719,Heissler Rafael Guillnt Ecker,M
44175,Jos Vicente Gutirrez Lupoli,M
47728,Inmara Tibisay Henrrquez Gonzlez,F
48022,Igor Hernndez Colina,M
48085,Stefany del Carmen Hernndez Mendoza,F
51644,Julio Csar Iemma Hernndez,M
53767,Hernn Enrique Jansen Brito,M
66758,Daniela Greluis Larreal Chirinos,F
67189,Marcos Alfonso Lavado Mora,M
67572,Antonio Junior Leal Pia,M
69224,Dwight Alexis Lewis Padron,M
69758,Luis Ygnacio Liendo,M
69929,Francisco Alberto Limardo Gascn,M
69930,Rubn Daro Limardo Gascn,M
70018,Carlos Daniel Linares Zambrano,M
70442,Jess Ricardo Liranzo Gratero,M
71216,Omar Jos Longart Rondn,M
71382,Jessica Brizeida Lpez Arocha,F
71383,Jess Antonio Lpez Snchez,M
72936,Lus ngel Machado Cabrera,M
73333,Gabriel Jos Maestre Prez,M
73421,Karlha Francesca Magliocco,F
73977,Elas Javier Malav Burgos,M
74000,Erwin Len Maldonado Saavedra,M
74738,Csar Mervin Marcano Snchez,M
75356,Miguel ngel Marriaga Herrera,M
75804,Mara Gabriela Martnez Garcon,F
78408,Jos Daniel Melndez Mayorga,M
79284,Freddy Alberto Mezones Bolvar,M
79753,Jefferson Jordan Milano Durn,M
81412,Yonathan Alejandro Monsalve Pertsinidis,M
81727,Pedro Jess Mora Suescun,M
83324,Edgar Ramn Muoz Mata,M
89541,Lus Alberto Orta Milln,M
90526,Robert Alexis Pez Rodrguez,M
92947,Jos Gregorio Pea Trejo,M
93274,Anthony Joseph Prez Cortesia,M
93361,Luillys Jos Prez Mora,M
93382,Naryury Alexandra Prez Revern,F
93383,Olaya Prez Pazo,F
93385,Paola Valentina Prez Sierra,F
94958,Maribel Pieda,F
94965,Yolymar Elizabeth Pineda Medina  Gmez,F
95044,Andreina del Valle Pinto Prez,F
95062,Yanel Andreina Pinto Prez,F
97492,ngel Ramiro Pulgar Araujo,M
97958,Cristin Daniel Quintero Valero,M
98628,Albert Ramn Ramrez Durn,M
98635,Arturo Jos Ramrez lvarez,M
98709,Fabiola Isabel Ramos Portillo,F
101097,Betsi Gabriela Rivas Arteaga,F
101113,Wileixis de Jess Rivas Espinoza,M
101392,Ricardo Antonio Roberty Moreno,M
101744,Elvismar Nicanor Rodrguez Ruiz,F
101776,Jackson Jess Rodrguez Ortz,M
101842,Raiber Jos Rodrguez Orozco,M
101850,Rosa Andrena Rodrguez Pargas,F
101859,Vctor Julio Rodrguez Villavicencio,M
102089,Yulimar del Valle Rojas Rodrguez,F
102519,Milngela Franchesca Rosales Davila,F
103409,Jos Miguel Ruz Durango,M
103417,Miguel David Ruz Gonzlez,M
103997,Endry Jos Saavedra Pinto,M
104663,Yerenman Asdrbal Salazar Guzmn,M
105199,Junior Antonio Snchez Rivero,M
108522,Arlene Iradie Semeco Arismendi,F
113374,Nercelys Desire Soto Soto,F
116128,Albert Subirats Altes,M
123039,Miguel Armando Ubeto Aponte,M
123883,Ricardo Valderrama,M
125288,Gregory Maxdier Vargas Diaz,M
125294,Jos Gregorio Vargas Diaz,M
125305,Richard Egrey Vargas Carrillo,M
125664,Jhonattan Vegas,M
126310,Jakson Miguel Vicent Monasterio,M
126556,Mariaesthela Vilera,F
126593,Jesus Villafane Marquina,M
126616,Eduard Antonio Villanueva,M
129242,Jarimit Leonor Weffer Guanipa,F
574,rika Abril Surez,F
575,Laura Valentina Abril Restrepo,F
652,Nicole Jocelin Acevedo Tangarife,F
653,Sharon Evelin Acevedo Tangarife,F
1242,Evelis Jazmin Aguilar Torres,F
1243,Felipe Aguilar Mendoza,M
1277,Carolina Aguirre Giraldo,F
3153,Estefana lvarez Piedrahita,F
3206,Yuri Alvear Orjuela,F
3314,Yadinis Amars Rocha,F
4043,Lady Patricia Andrade Rodrguez,F
4827,Juan Esteban Arango Carvajal,M
4829,Mnica Sarai Arango Estrada,F
4937,Isabella Arcila Hurtado,F
4972,Sandra Lorena Arenas Campuzano,F
5006,ider Orlando Arvalo Truque,M
5044,Carolina Arias Vidal,F
5050,Kellys Yesenia Arias Figueroa,F
5052,Katherine Nataly Arias Pea,F
5089,Natalia Ariza Daz,F
5090,Tatiana Ariza Daz,F
6110,Ceiber David vila Segura,M
6111,Edwin Alcibiades vila Vanegas,M
7138,Deivy Alexander Balanta Abona,M
7139,Kevin Alexander Balanta Licum,M
7379,Bernardo Baloyes Navas,M
8139,Wilmar Enrique Barrios Tern,M
8928,Martha Bayona Pineda,F
10652,Carlos Andrs Berna Gonzlez,M
11023,Ana Tala Betancour David,F
11034,Claudia Alejandra Betancur Suescun,F
12392,Daniel Bluman Doron,M
13211,Cristian Harson Bonilla Garzn,M
13522,Cristian Alexis Borja Gonzalz,M
13526,Miguel ngel Borja Hernndez,M
13817,Jhonnatan Botero Villegas,M
17117,Juan Sebastin Cabal Valds,M
17133,Yolanda Beatriz Caballero Prez,F
17303,Andrs Mauricio Caicedo Piedrahita,M
17471,Mara Luisa Calle Williams,F
17528,Jossimar Orlando Calvo Moreo,M
18190,Juan Carlos Cardona Rivas,M
18416,Danilo Caro Guarnieri,M
18557,Juan Carlos Carrillo Palacio,M
18562,Yeseida Isaid Carrillo Torres,F
18945,Carolina Castillo Hidalgo,F
18984,Arles Antonio Castro Laverde,M
20030,Johan Esteban Chaves Rubio,M
21940,ngela Corina Clavijo Silva,F
22538,Carolina Colorado Henao,F
22539,Diego Alberto Colorado Agudelo,M
22649,Muriel Coneo Paredes,F
25876,Mateo de Angulo Velasco,M
26336,Habib de las Salas de la Rosa,M
27296,Cindy Solangie Delgado Buitrago,F
28295,Rodrigo Daz,M
29284,Yulieth Paola Domnguez Ochoa,F
30227,Fabio Andrs Duarte Arevalo,M
30773,Mariana Duque Mario,F
31311,Isabella Echeverri Restrepo,F
33120,Catalina Elena Escobar Gmez,F
33916,Alejandro Falla Ramrez,M
34013,Robert Charbel Farah Maksoud,M
35240,ngela Mara Figueroa Palacios,F
35261,scar Albeyro Figueroa Mosquera,M
35931,Lina Marcela Flrez Valencia,F
37944,Natalia Gaitn Laguado,F
38199,Sandra Viviana Galvis Gmez,F
38537,Diana Mara Garca Orrego,F
38693,Rosibel Garca Mena,F
39147,Fernando Gaviria Rendn,M
39149,Juliana Gaviria Rendn,F
40240,Jessica Gil Ortiz,F
40516,Gerard Nicolas Giraldo Villa,M
40517,Jorge Hugo Giraldo Lpez,M
40520,Santiago Giraldo Salazar,M
41310,Jonathan David Gmez Noriega,M
41576,Laura Isabel Gonzlez Gonzlez,F
41624,Norma Gonzlez Camilde,F
42946,Santiago Enrique Grillo Diez,M
44192,Tefilo Antonio Gutirrez Roncancio,M
47551,Sergio Luis Henao Montoya,M
47880,Jackelina Heredia Cuesta,F
48009,Fredy Hernando Hernndez Camacho,M
48024,Ingrid Johana Hernndez Castillo,F
48699,Yomara Hinestroza Murillo,F
51514,Caterine Ibargn Mena,F
53009,Carlos Arturo Izquierdo Mndez,M
54829,Andrs Eduardo Jimnez Caicedo,M
68665,Carlos Andrs Lemos Romaa,M
68668,Sandra Milena Lemos-Rivas,F
68907,Jefferson Andrs Lerma Sols,M
71297,Mara Camila Lopera Valle,F
71365,Guadalupe de la Cruz Lpez Botero,F
71419,Luis Fernando Lpez Erazo,M
71435,Miguel ngel Lpez Moreno,M
71455,Ren Lpez Lizarazo,M
72931,Deiver Andrs Machado Mena,M
74821,Nathalie Nicole Viviane Marchino Urrutia,F
75318,Jaime Dayron Mrquez Gutirrez,M
75355,Eduard Antonio Marriaga Campo,M
75850,Yurberjen Herney Martnez Rivas,M
78070,Khaterinne Paola Medina Rodrguez,F
78079,Paula Andrea Medina Bermudez,F
78917,Brigitte Mara Merlano Pjaro,F
79942,Wanner Miller Moreno,M
81408,Jeysson Antonio Monroy Varela,M
81443,Jos Leonardo Montaa Arevalo,M
81577,Ana Mara Montoya Prophater,F
81578,Daniela Montoya Quiroz,F
81581,Isidro Montoya Valencia,M
81804,Sebastin Morales Mendoza,M
81951,Eli Johana Moreno Valencia,F
82458,Edwin Orlando MosqueraRoa,M
82465,Lus Javier Mosquera Lozano,M
83319,Carlos Andrs Muoz Jaramillo,M
83340,Oscar Luis Muoz Oviedo,M
83485,Jhon Fredy Murillo Murillo,M
83487,Jorge Mario Murillo Valdes,M
87821,Darlenis Obregn Mulato,F
88608,Andrea Carolina Olaya Gutirrez,F
88779,Mara Princesa Oliveros Bohrquez,F
89318,Carlos Mario Oquendo Zabala,M
89440,Angie Orjuela Soche,F
89441,Arabelly Orjuela Snchez,F
89549,Mauricio Alexander Ortega Girn,M
89557,Vctor Hugo Ortega Serna,M
89600,Melissa Marie Ortz Matallana,F
89801,Diana Carolina Ospina Garca,F
90379,Dorlan Mauricio Pabn Ros,M
90494,Yennifer Padilla Gonzlez,F
90525,Hctor Leonardo Pez Len,M
90631,Mariana Pajn Londoo,F
90698,Eliecith Palacios Santos,F
90701,Helibelton Palacios Zapata,M
90888,Diego Armando Palomeque Echevarra,M
91109,Jarlinson Pantano Gmez,M
92043,Doris Esmid Patio Marn,F
92716,Kelis Johana Peduzine Vargas,F
93377,Mercedes Isabel Prez Tigreros,F
93401,Sebastin Prez Cadona,M
93481,Jhon Alejandro Perlaza Zapata,M
94847,Andrs Manuel Pila Solano,M
94951,Daniel Flipe Pieda Osorio,M
94952,Diana Isabel Pineda Zuletra,F
94959,Mildrey Carolina Pineda Echeverra,F
95072,Omar Andrs Pinzn Garca,M
96808,Harold Fabin Preciado Villareal,M
97414,Fabin Hernando Puerta Zapata,M
97907,Carlos Javier Quinchara Forero,M
97956,Andrey Quintero Porras,M
98100,Sergio Armando Rada Rodrguez,M
98632,Ana Catalina Ramrez Talero,F
98637,Carlos Alberto Ramrez Yepes,M
98641,Estefana Ramrez Castillo,F
98671,Santiago Ramrez Morales,M
99591,Nicole Regnier Palacios,F
99965,Ana Mara Rendn Martnez,F
99966,James Aurelio Rendn Villegas,M
100023,Jackeline Rentera Castillo,F
100899,Hazleydi Yoreli Rincn Torres,F
100966,Kevin Daniel Rios Quintana,M
101105,Lina Marcela Rivas Ordez,F
101114,Yeison Javier Rivas Rivas,M
101123,Evelin Rivera Blanquet,F
101215,Andrs Felipe Roa Estrada,M
101596,Carmen Elisa Rodallega,F
101716,Arley Jos Rodrguez Henry,M
101785,John dison Rodrguez Quevedo,M
101841,Rafith Rodrguez Lleneres,M
102130,Weimar Alfonso Roldn Ortz,M
102314,Isabel Cristina Romero Benitez,F
103162,Lady Yavelly Ruano Pinilla,F
103379,Andrs Ruz Malaver,M
103394,Flor Denis Ruz Hurtado,F
103408,Jorge Armando Ruz Fajardo,M
104657,Liana Milena Salazar Vergara,F
105107,Ana Cristina Sanabria Snchez,F
105152,Doyler Eustoquio Snchez Guerrero,M
105226,Natalia Snchez Echeverri,F
105636,Leicy Maria Santos Herrera,F
108756,Sandra Milena Seplveda Lopera,F
112927,Leydi Yesenia Sols Arboleda,F
113361,Manuel Esteban Soto Ruz,M
119368,William Jos Tesillo Gutirrez,M
123406,Rigoberto Urn Urn,M
123487,"Mara Jos ""Marajo"" Uribe Durn",F
123516,Yosiry Urrutia Chaverra,F
123581,Mara Catalina Usme Pineda,F
123925,Ingrit Lorena Valencia Victoria,F
124104,Ubaldina Valoyes Cuesta,F
124579,Saskia Loretta van Erven Garca,F
125729,Orinica Velsquez Herrera,F
126364,Ingrid Julieth Vidal Isaza,F
126586,Sebastin Villa Castaeda,M
126631,Paulo Cesar Villar Nieto,M
126632,Rusmeris Villar Barbosa,F
126640,Csar Andrs Villarraga Aldaa,M
126918,Jorge Lus Vivas Palacios,M
133859,Anthony Jos Zambrano de la Cruz,M
1421,Masbah Ahmmed,M
1746,Sonia Aktar,F
1749,Shirin Akter,F
7056,Abdullah Hel Baki,M
17255,Quazi Syque Caesar,M
59162,Mohan Khan,M
80012,Mohammed Emdadul Haque Milon,M
98365,Mohammad Mahfizur Rahman,M
98369,Mohammad Siddikur Rahman,M
99117,Sharmin Akter Ratna,F
99257,Shamoli Ray,F
5091,Wilma Yanet Arizapana Yucra,F
5656,Vctor Eulogio Aspillaga Alayza,M
8950,Mario Alfonzo Bazn Argandoa,M
14388,Francisco Boza Dibos,M
17800,Lus Henry Campos Cruz,M
18559,Marko Carrillo Zevallos,M
19273,Andrea del Rosario Cedrn Rodrguez,F
20039,Arturo Chvez Korfiatis,M
20717,Pavel Chihun Camayo,M
24217,Fiorella Francesca Cueva Uribe,F
26254,Jovana de la Cruz Capani,F
28493,Lizbeth Julissa Diez Canseco,F
35447,Mauricio Fiol Villanueva,M
38628,Kimberly Garca Len,F
45517,Jessica Hancco Merma,F
53342,Sebastin Jahnsen Madico,M
68777,Renzo Len Garca,M
71448,Peter Lpez Santos,M
72925,Ral Csar Machacuay Huamn,M
73370,Nicholas Daryl Magaa Defago,M
78398,Santa Ins Melchor Huiza,F
89525,Ariana Gabriela Orrego Martnez,F
89867,Lus Fernando Ostos Cruz,M
90412,Cristhian Simen Pacheco Mendoza,M
90419,Nicols Rodolfo Pacheco Espinosa,M
90421,Ral Manuel Pacheco Mendoza,M
90423,Rodrigo Pacheco Carrillo,M
93719,Stefano Peschiera Loret de Mola,M
96411,Juan Miguel Postigos Acua,M
101150,Claudia Rivero Modenesi,F
104684,Silvana Katiuzca Saldarriaga Dioses,F
107122,Paloma Schmidt Gutirrez,F
113505,Yanet Ursula Sovero Nio,F
119063,Gladys Lucy Tejeda Pucuhuaranga,F
121235,David Scott Torrence,M
123900,Alonso Valdez Prado,M
124040,Camila Valle Granados,F
126441,Hernn Moises Viera Espinoza,M
133521,Paolo Csar Yurivilca Caldern,M
720,Marcelo Alberto Acosta Jimnez,M
2618,Rafael Alfaro Ferracuti,M
4857,Enrique Jos Arathoon Pacas,M
10120,Alexia Pamela Bentez Quijada,F
19010,Lilian Castro,F
35242,Carlos Figueroa Alarcn,M
38554,Evelyn Yessenia Garca Marroqun,F
48001,Emerson Esnal Hernndez,M
66289,Gladys Nataly Landaverde Hernndez,F
71412,Lus Alfonso Lpez Menjivar,M
71458,Roberto Lpez,M
79606,Melissa Ivette Mikec (Prez Carballo-),F
80257,Yesenia  Ivania Miranda,F
97968,Rebeca Lissette Quinteros Ortz,F
104613,Julio Csar Salamanca Pieda,M
122694,Juan Diego Turcios Melgar,M
125277,Ana Camila Vargas Palomo,F
1068,Brian O'Neill Afanador Prez,M
2467,Eric Javier Alejandro,M
5309,Andrs Arroyo,M
6462,Brian Babilonia,M
11533,Lauren Billys,F
16571,Lely Berlitt Burgos Ortz,F
19011,Lus Joel Castro Rivera,M
21617,Jeyvier Jess Cintrn Ocasio,M
21944,Grace Claxton,F
22407,Enrique Collazo Pelaiz,M
23394,Hctor Cotto Gonzlez,M
24032,"urea Esther ""Aury"" Cruz",F
24280,Javier Culson Prez,M
28217,Adriana Yamila Daz Gonzlez,F
32722,Stephanie Marie Enright,F
33208,Jaime Yusept Espinal Fajardo,M
34552,Alysbeth Flix Boyer,F
38704,Vanessa Milagros Garca Vega,F
41296,Franklin Gmez Matos,M
70811,Enrique Llanos,M
71432,Miguel Lpez,M
75827,Ral Martnez Colomer,M
76159,Jamele Mason,M
78827,Yarimar Mercado Martnez,F
81037,Melissa Mojica Rosario,F
81039,Vilmarie Mojica,F
81768,Celiangeli Morales Melndez,F
81794,Lynda Windy Morales,F
87908,Karina Ocasio Clemente,F
89317,Alexandra Oquendo,F
89586,Jantony Ortz Marcano,M
93369,Mara Prez,F
95351,Diamara Planell Cruz,F
97449,Monica Puig Marchn,F
97914,Jasmine Camacho-Quinn,F
97929,Lorena Quines Moreno,F
97964,Rafael Roberto Quintero Daz,M
98703,Beverly Sue Ramos,F
98741,Tommy Ramos,M
100214,Diana Carolina Reyes Cruz,F
101725,Carol Ann Rodrguez Taylor,F
102506,Yarimar Rosa Adorno,F
105545,Daly Elis Santana Morales,F
108349,Debora Louise Seilhamer Anadon,F
112235,"David Adley Smith Snchez, II",M
112893,Francisco Daniel Soler Tanco,M
121280,Jos Torres Laboy,M
123954,Natalia Cristina Valentn Len,F
125287,Francisco Vargas Ramrez,M
125588,"Samuel Alexis ""Sam"" Vzquez",M
125590,Wesley Joel Vzquez Vzquez,M
125843,Shara Marie Venegas Medina,F
125959,Felix Verdejo Snchez,M
129227,Crystal Brittany Weekes Gonzlez,F
681,Janet Achola,F
931,Nyakisi Adero,F
4848,Jacob Araptany,M
6234,Thomas Ayeko,M
20126,Juliet Chekwel,F
20149,Peruth Chemutai,F
20418,Joshua Kiprui Cheptegei,M
20536,Stella Chesang,F
31833,Edwin Ekiring,M
52239,Dorcus Inzikuru,F
57967,Kennedy Katende,M
60597,Benjamin Kiplagat,M
60603,Abraham Kiplimo,M
60604,Jacob Kiplimo,M
60613,Jackson Kiprop,M
60618,Stephen Kiprotich,M
60627,Moses Ndiema Kipsiro,M
60633,Phillip Kipyeko,M
65170,Moses Martin Kurong,M
65268,Geoffrey Kusuro,M
72381,Jamila Lunkuse,F
82894,Ganzi Mugula,M
83639,Ronald Musagala,M
83744,Munyo Solomon Mutai,M
83754,Julius Mutekanga,M
84258,Halima Nakaayi,F
84494,Winnie Nanyondo,F
108906,Ronald Serugo,M
114081,Charles Ssekyaaya,M
116763,Jane Suuto,F
120227,Joshua Tibatemwa Ekirikubinza,M
121205,Timothy Toroitich,M
710,Bryan Josu Acosta Ramos,M
3173,Kevin Javier lvarez Hernndez,M
7483,Allan Alexander Banegas Murillo,M
9965,Jhow Hendric Benavdez Banegas,M
10056,Jerry Ricardo Bengtson Bodden,M
10184,Ronald Roosevelt Bennett Martnez,M
10706,Jeimy Julissa Bernrdez Santos,F
23817,Wilmer Crisanto Casildo,M
32290,Alberth Josu Elis Martnez,M
33119,Brandon Jess Escobar Amador,M
33209,Rodolfo Marcelo Espinal Paniagua,M
33240,Roger Anibal Espinoza Ramrez,M
33818,Claudia Carolina Fajardo Rodrguez,F
35030,Miguel Ferrera Rodrguez,M
35259,Maynor Alexis Figueroa Rchez,M
38522,Brayan Alexander Garca Gonzles,M
38871,Luis Fernando Garrido Ramrez,M
40980,Kenny Godoy,M
44151,Allan Gutirrez Castro,M
48000,Eddie Gabriel Hernndez Padilla,M
69135,Johnny Harold Levern Ucls,M
71320,Alexander Agustn Lpez Rodrguez,M
71415,Lus Aurelio Lpez Fernndez,M
71469,Teofimo Andrs Lpez Rivera,M
71842,Antony Rubn Lozano Coln,M
75808,Mario Roberto Martnez Hernndez,M
78323,Alfredo Antonio Meja Escobar,M
78651,Jos Alberto Mendoza Posas,M
81125,Bayron Molina Figueroa,M
84244,Andy Ariel Najar Rodrguez,M
90703,Johnny Eulogio Palacios Cacho,M
90706,Rolando Cruz Palacios Castillo,M
91971,Sara Elizabeth Pastrana Lizano,F
92358,Cristopher Joel Pavn Funes,M
92438,Jhonathan Josu Paz Hernndez,M
93125,Arnold Fabin Peralta Sosa,M
93135,Orlin Orlando Peralta Gonzles,M
93202,Marcelo Antonio Pereira Rodrguez,M
94864,Ramn Pileta Tamayo,M
97976,Romell Samir Quioto Robinson,M
98636,Brayan Fabricio Ramrez Euceda,M
104635,scar Leonardo Salas Miranda,M
125274,Allans Josu Vargas Murillo,M
125721,Jos David Velsquez Coln,M
126683,Karen Alejandra Vilorio Muchnik,F
2943,Miguel ngel Almachi Condo,M
4501,Lissette Alexandra Antes Castillo,F
5009,Samantha Michelle Arvalo Salinas,F
5318,Jorge David Arroyo Valdez,M
5358,Mauricio Jos Arteaga Snchez,M
13213,Magaly Bonilla Sols,F
14790,Elizabeth Mara Bravo iguez,F
17470,Mara Elena Calle Galarza,F
17775,Alfredo Jos Campo Vintimilla,M
18955,Julio Csar Castillo Torres,M
19525,Rosa Alba Chacha Chacha,F
20045,rika Benildo Chvez Quintero,F
20945,Cristian Andrs Chocho Len,M
24936,Neisi Patricia Dajomes Barrera,F
26035,Csar Ernesto de Cesare Grassi,M
27285,Marlo Delgado Suarez,M
32554,Esteban Jos Enderica Salgado,M
32555,Ivan Alejandro Enderica Ochoa,M
33118,Mara Alexandra Escobar Guerrero,F
33917,Emilio Andrs Falla Buchely,M
35051,Diego Javier Ferrn Valencia,M
35248,Freddy Figueroa Ortiz,M
38552,Estefania Priscila Garca Mendoza,F
41428,Carlos Gngora Mercado,M
43446,Bayron Patricio Guama de la Cruz,M
43447,Maritza Guamn,F
43448,Yadira Alexandra Guamn Maza,F
50589,Vicente Orlando Huacon Alvarado,M
53526,Segundo Oswaldo Jami Jami,M
53883,Lucy Mara del Carmen Jaramillo Ogonaga,F
66290,Narcisa Marisol Landzuri Bentez,F
80084,Carlos Andrs Mina Caicedo,M
81457,Andrs Roberto Montano Arroyo,M
81978,dison Xavier Moreno Cruz,M
86126,Oliba Seledina Nieve Arroyo,F
90493,Sofia Estefania Padilla Bustamante,F
91380,Silvia Paredes Yucailla,F
93167,Ytalo Antonio Perea Castillo,M
93272,Andra Marina Prez Pea,F
93386,Paola Bibiana Prez Saquipay,F
94664,Byron Efrn Piedra Avils,M
95022,Brian Daniel Pintado lvarez,M
96809,Lenin Preciado Alvarado,M
97932,Alex Leonardo Quinez Martnez,M
97977,Carlos Eduardo Quipo Pilataxi,M
102064,Anderson David Rojas Mina,M
104629,Fernando Fabricio Salas Manguis,M
105146,Carlos Snchez Estacio,M
105716,Jaime Rolando Saquipay Pai,M
112840,Bryan Gabriel Sola Zambrano,M
113263,Jos Adrian Sornoza Carreo,M
119180,ngela Gabriela Tenorio Micolta,F
119185,Rosa ngela Tenorio Silva,F
126614,Claudio Villanueva Flores,M
129885,Nicols Lionel Wettstein Deyme,M
133580,Ronald Efrain Zabala Goetschel,M
743,Arslanbek Aylow,M
5781,Merdan Ataew,M
6420,Glbadam Babamyradowa,F
8953,mrbek Bazarbaew,M
46889,Glnar Haytbaewa,F
49669,Amanmyrat Hommadow,M
50774,Serdar Hudaberdiew,M
56603,Glnabat Kadyrowa,F
64290,Serge Krowakow,M
74258,Mergen Mmmedow,M
87379,Ruana Nurjowowa,F
92464,Nurshet Pazzyew,M
99866,Mansur Rejepow,M
99867,Masa Rejepowa,F
103760,elena Rabowa,F
105897,Jennet Saryewa,F
108585,Dara Semonowa,F
121566,Hojamuhammet Toyew,M
2408,Aurelie Alcindor,F
5335,Heather Ann Arseth,F
18706,David Carver,M
21743,Merven Clair,M
22280,Louis Steven Fabrice Coiffic,M
22385,Louis Richarno Colin,M
29858,Jonathan Drack,M
36189,Kate Jessica Kim Lee Foo Kune,F
44940,Aurlie Halbwachs,F
66944,Marie Annabelle Jennifer Lascar,F
67228,Jason Lavigilante,M
68308,Marie Christianne Legentil,F
69600,Nioun Chin Elodie Li Yuk Lo,F
75311,Mathieu Gilles Marquet,M
98801,Marie Hanitra Roilya Ranaivosoa,F
100805,Natacha Rigobert,F
114083,Fabienne Aline St Louis,F
114103,Kennedy St. Pierre,M
126707,Bradley Vincent,M
2913,Andrique Allisop,M
6309,Ned Justeen Azemia,M
22652,Rick Yves Confiance,M
30470,Dominic Dugasse,M
33188,Jean-Yves Esparon,M
33958,Aurelie Fanchette,F
38738,Jean-Marc Gardette,M
42121,Rodney Govinden,M
56252,Allan Julie,M
65658,Lissa Mary Audrey Labiche,F
66006,Alexus Lucienne Laird,F
74437,Shane Mangroo,M
126511,Adam Viktora,M
17496,Carole Calmes,F
18411,Laurent Carnol,M
28390,Laurent Didier,M
42790,Charel Grethen,M
47557,Jeff Henckels,M
49129,Chantal Hoffmann,F
73751,Christine Majerus,F
76410,Charline Mathias,F
79259,Julie-Marie Meynen,F
83068,Gilles Mller,M
83111,Marie Muller,F
85768,Xia Lian Ni,F
106949,Frnk Ren Schleck,M
114118,Raphal Stacchiotti,M
6377,Houleye Ba,F
32093,Jidou Ould Khaye El-Moctar,M
33900,Aicha Bilal Fall,F
804,Antoine Xavier Adams,M
21844,Allistar Clarke,M
22468,Kim Collins,M
67312,"Brijesh Sharmari ""BJ"" Lawrence",M
101954,Jason Aliston Rogers,M
102116,Lestrod Roland,M
130686,Tameka Williams,F
1462,Michelle-Lee Raquel Ahye,F
2564,Ayanna Alexander,F
2892,Ade Franci Alleyne-Forte,M
7604,Kelly-Ann Kaylene Baptiste,F
9692,Janeil Bellille,F
12244,Keston Bledman,M
13437,Cleopatra Ayesha Borel-Brown,F
14227,George Richard Lycott Bovell,M
16698,Marc Burns,M
17478,Emmanuel Earl Callender,M
18637,Dylan Carter,M
19255,Machel Cedenio,M
21183,Felice Chow,F
25203,Roger Peter Daniel,M
25730,Wayne Courtney Davis,M
28336,Marisa Roseanne Dick,F
39547,Christopher George,M
41806,Jehue Gordon,M
41810,Lalonde Keida Gordon,M
42568,Kyle Greaux,M
44571,Semoy Kee-Ann Hackett,F
68695,Deon Christopher Lendore,M
69205,Andrew Lewis,M
77759,Sparkle McKnight,F
92168,Nigel Paul,M
94453,Njisane Nicholas Phillip,M
108507,Kai Freddie Selvon,F
112966,Jarrin Solomon,M
113255,Rondell Kelvin Sorillo,M
114088,Khalifa St. Fort,F
116083,Carlos Suarez,M
119825,Mikel Kevon Thomas,M
119840,Reyare Thomas,F
119949,Richard Thompson,M
128033,Keshorn Walcott,M
4248,Youndry Andjar de la Cruz,M
5043,Cndida Estefany Arias Prez,F
5055,Wellington Arias Romero,M
17163,Milagros Cabral de la Cruz,F
17651,Yssica Camilo Gonzlez,F
18944,Brenda Castillo,F
18956,Junior Castillo Martnez,M
19896,Lus Enrique Charles,M
22811,Yudelquis Maridalia Contreras,F
24206,Gustavo Cuesta Rosario,M
24224,Winder Bolivar Cuevas Prez,M
26251,Bethania de la Cruz de Pea,F
26387,Leonel de los Santos Nez,M
26498,Mayobanex de leo,M
27104,Stanly Jos del Carmen Cruz,M
31305,Karla Miguelina Echenique Medina,F
32541,William Encarnacin Alcantara,M
33339,Vctor Estrella Burgos,M
33486,Lisvel Elisa Eve Mejia (-Castillo),F
38575,Hctor Lus Garca Mora,M
38636,Lus Alberto Garca Brito,M
38646,Mara Altagarca Garca Caceres,F
48057,Moiss Daniel Hernndez Encarnacin,M
51628,LaVonne Celeste Idlette,F
55905,Carlos Rafael Jorge,M
55932,Ana Lucia Jos Tima,F
69983,"Ju ""Luis"" Lin",M
71543,Eduardo Jos Lorenzo Casasnova,M
71614,Yvonne Losos de Muiz,F
74242,Gina Altagracia Mambr Casilla,F
75455,Niverka Dharlenis Marte Frica,F
75846,Yancarlos Martnez Martnez,M
76378,Wander Mateo Ramrez,M
77863,Dorian Mara Grayce McMenemy Taylor,F
78330,Joel Francisco Meja de la Cruz,M
78833,Yulis Gabriel Mercedes Reyes,M
79739,Diego Miln Jimnez,M
87348,Sidarka Nez de Los Milagros,F
92963,Yamilet Pea Abreu,F
93332,Jhonny Jos Prez Urea,M
94653,Luisito Pi,M
94972,Sergio Piero Garcs,M
95160,Beatriz Elizabeth Pirn Candelario,F
101140,Prisilla Altagracia Rivera Brens,F
101808,Katherine Julissa Rodrguez Peguero,F
102400,Cindy Carolina Rondn Martnez,F
105164,Flix Snchez Marcelo,M
105217,Mariely Snchez Hichez,F
105239,Raysa Melany Snchez Alvarez,F
105640,Lugueln Miguel Santos Aquino,M
107815,Nicholas Schwab Alfaro,M
113253,Yon Manuel Soriano,M
125275,Annerys Victoria Vargas Valdez,F
1598,Tolga Aslan Akcayli,M
2574,Kineke Alicia Alexander,F
55018,Izzy Shne Joachim,F
117237,Nikolas Sylvester,M
123962,Brandon Valentine-Parris,M
130574,Courtney Carl Williams,M
2334,Samantha Albert (Majendie-),F
2861,Nathon Allen,M
5561,Nickel Ashmeade,M
5817,Alia Shanee Atkinson,F
6912,Kemar Bailey-Cole,M
7989,Tarasue Barnett,F
12086,Yohan Blake,M
13029,Usain St. Leo Bolt,M
17519,Schillonie Calvert,F
17726,Kemoy Campbell,M
17748,Simoya Kadine Campbell,F
17755,Veronica Angella Campbell-Brown,F
18635,Deuce Carter,M
18656,Nesta Carter,M
19061,Roxroy Cato,M
24784,Fedrick Dacres,M
25807,Christine Day,F
30661,Fitzroy Junior Dunkley,M
31491,Kenneth Edwards,M
33686,Simone Facey,F
36204,Damar Hopeton Forbes,M
36212,Shashalee Forbes,F
36452,Brigitte Ann Foster-Hylton,F
36669,Javon Francis,M
36870,Shelly-Ann Fraser-Pryce,F
36880,Michael Audley Frater,M
41454,Jermaine Gonzales,M
41795,Chrisann Gordon,F
42071,Natoya Goule,F
42636,Leford Green,M
47763,Samantha Henry-Robinson,F
48687,Korene Amoy Hinds,F
51407,Dane Hyatt,M
51416,Jaheel Hyde,M
51436,Riker Lee Hylton,M
53145,Shericka Jackson,F
61485,Kellion Knibb,F
61509,Yona Knight-Wisdom,M
67332,Shadae Lawrence,F
69169,Daina Levy,F
70863,Shereefa Lloyd,F
76682,Peter Matthews,M
77475,Rusheen McDonald,M
77784,Anneisha McLaughlin-Whilby,F
77819,Omar McLeod,M
77942,Stephenie Ann McPherson,F
80204,Jevaughn Minzie,M
82027,Jason Morgan,M
86773,Errol Osbourne Nolan,M
87300,Leah Nugent,F
91361,Hansle George Parchment,M
94492,Richard Phillips,M
96614,Asafa Kehine Powell,M
96785,Aisha Praught (-Leer),F
97509,Clive Pullen,M
98815,Allison Randall,F
100501,O'Dayne Richards,M
100853,Andrew Riley,M
101359,Josef Robertson,M
103616,Janieve Russell,F
107991,Dorian Armand Scott,M
110720,Megan Simmonds,F
110897,Sherone Anmarica Simpson,F
110966,Kenia Marsha Sinclair,F
112133,Traves Jamie Smikle,M
112189,Aubrey Smith,M
112424,Trecia-Kaye Smith,F
113778,Kaliese Spencer,F
115156,Kerron Stewart,F
119779,Danniel Thomas (-Dodd),F
119848,Shanieka Thomas (-Ricketts),F
119903,Elaine Thompson,F
121607,Ristananna Tracey,F
128123,Melaine Antoinette Walker,F
129409,Warren Antonio Weir,M
130111,Annsert Whyte,M
130113,Rosemarie Whyte,F
130568,Christania Williams,F
130625,"Kimberly ""Kimmie"" Williams",F
130671,Shericka Nicola Williams,F
130673,Shermaine Williams,F
130692,Toni-Ann Natasha Williams,F
130707,Novlene Hilaire Williams-Mills,F
130872,Nickiesha Wilson,F
131955,"Timothy ""Tim"" Wynter",M
888,Jangy McKinley Addy,M
64242,Mariam Kromah,F
65308,Phobay Kutu-Akoi,F
76331,Emmanuel Matadi,M
77634,Raasin G. McIntosh,F
62667,Yigal Kopinsky,M
69033,Evita Elisabeth Leter,F
86117,Kirsten Nieuwendam,F
89311,Soren Opti,M
94800,Chinyere Pigot,F
94801,Diguan Pigot,M
112742,Virgil Soeroredjo,M
119570,Jurgen Themen,M
120577,Renzo Jair Tjon A Joe,M
127933,Sunayna Wahi,F
11203,Saraswati Bhattarai,F
28045,Shreya Dhital,F
44032,Sirish Gurung,M
59230,Phupu Lamu Khatri,F
82971,Jit Bahadur Muktan,M
98800,Sneh Raija Laxmi Rana,F
99238,Nisha Rawal,F
100834,Pramila Rijal,F
100876,Hari Kumar Rimal,M
109125,Prasiddha Jung Shah,M
111044,Gaurika Singh,F
119517,Tilak Ram Tharu,M
954,Adiyasambuu Tsolmon,F
4235,Andryein Tamir,M
6402,Baatarskhiin Chinzorig,M
8526,Bat-Ochiryn Ser-Od,M
8606,Batsaikhanyn Dlgn,M
8644,Battulgyn Temlen,M
8874,Bayaraagiin Naranbaatar,M
8877,Bayartsogtyn Mnkhzayaa,F
8878,Bayaryn Yosi,F
11777,Bishindeegiin Urantungalag,F
17025,Byambyn Tvshinbat,M
25075,Dambadarjaagiin Gantulga,M
25531,Davaadorjiin Tmrkhleg,M
25534,Davaasukhiin Otgontsetseg,F
29507,Dorjkhandyn Khderbulga,M
29508,Dorjnyambuugiin Otgondalai,M
29513,Dorjsurengiin Sumiya,F
32838,Erdenebatyn Bekhbayar,M
32839,Erdenebatyn Tsendbaatar,M
32840,Erdenechimegiin Sumiya,F
38265,Ganbaataryn Odbayar,M
38360,Gankhuyagiin Gan-Erdene,M
38361,Gankhuyagiin Nandinzayaa,F
38385,Gantumriin Oyungerel,F
38394,Ganzorigiin Mandakhnaran,M
53839,Jantsangiin Gantgs,M
53905,Jargalsaikhany Chuluunbat,M
59203,Kharkhuugiin Enkh-Amar,M
59222,Khashbaataryn Tsagaanbaatar,M
70797,Lkhagvasrengiin Otgonbaatar,M
72538,Luvsanlkhndeviin Otgonbayar,F
81375,Mnkhbaataryn Bundmaa,F
81376,Mnkhbatyn Urantsetseg,F
81377,Mnkhjantsangiin Ankhtsetseg,F
84214,Naidangiin Tvshinbayar,M
87458,Nyambayaryn Tgstsogt,M
87469,Nyantayn Bayaraa,M
87920,Ochirbatyn Burmaa,F
87921,Ochirbatyn Nasanburmaa,F
89422,Orgodolyn itmen,M
89789,skhbayaryn Chagnaadorj,M
89955,Otgonbaataryn Uuganbaatar,M
89970,Otryadyn Gndegmaa,F
97579,Prevdorjiin Orkhon,F
97580,Prevdorjin Serdamba,M
97582,Prevjargalyn Lkhamdegd,F
97584,Purevjavyn nrbat,M
97585,Prevjavyn Temjin,M
106389,Saynjargalyn Nyam-Ochir,M
113280,Soronzonboldyn Battsetseg,F
116560,Sndeviin Byambatseren,F
122255,Tsedevsurengiin Mnkhzaya,F
122264,Tsend-Ayushiin Naranjargal,F
122266,Tsend-Ochiryn Tsogtbaatar,M
122284,Tseveenravdangiin Byambajav,M
122339,Tsogbadrakhyn Mnkhzul,F
123407,Uranchimegiin Mnkh-Erdene,M
2593,Anna-Maria Alexandri,F
2594,Eirini-Marina Alexandri,F
2881,Daniel Allerstorfer,M
3357,Harald Ambros,M
5901,Felix Aubck,M
7204,Elisabeth Baldauf,F
7206,Laurence Baldauff,F
12044,Constantin Blaha,M
14645,David Karl Brandl,M
14647,Nadine Brandl,F
20281,Weixing Chen,M
24793,Ivona Dadic,F
25205,Thomas Daniel,M
27359,Nico Luca Marc Delle Karth,M
27589,Stefan Denifl,M
28763,Dominik Distelberger,M
28787,Nina Dittrich,F
29460,Clemens Doppler,M
30012,Hilde Drexler,F
31237,Elisabeth Eberl,F
31330,Lisa Ecker,F
31757,Bernhard Eisel,M
34112,Thomas Farnik,M
34439,Stefan Fegerl,M
35381,Sabrina Filzmoser,F
36763,Tanja Chiara Frank,F
38778,Robert Gardos,M
38992,Barbara Gasser,F
39342,Alexander Gehbauer,M
39757,Andreas Geritzer,M
40226,Andreas Giglmayr,M
42233,Bernadette Graf,F
44520,Daniel Habesohn,M
46679,Julia Hauser,F
49194,Olivia Hofmann,F
50032,Alexander Horst,M
50503,Amer Hrustanovic,M
50693,Alexander Huber,M
53681,Florian Janistyn,M
56232,Dinko Jukic,M
62958,Birgit Koschischek,F
64008,Lena Kreundl,F
64735,Corinna Kuhnle,F
65002,Sebastian Kuntschik,M
65933,Michael Lahnsteiner,M
66396,Livia Lang,F
68352,Ana Roxana Lehaci,F
68494,Fabian Leimlehner,M
68550,Mario Leitner,M
69468,Qiangbing Li,F
70593,Jia Liu,F
70925,Magdalena Lobnig,F
74697,Oliver Marach,M
75220,Karl Markt,M
75924,Sargis Martirosjan,M
76348,Istvn Hunor Mate,M
76440,Thomas Mathis,M
76901,Victoria Elisabeth Max-Theurer,F
76980,Gerhard Mayer,M
77045,Andrea Mayr,F
78536,Jrgen Melzer,M
87752,Stephanie Beatrix Obermoser,F
87756,David Obernosterer,M
87797,Helmut Oblinger,M
89769,Elisabeth Osl,F
90616,Ludwig Paischer,M
91979,Tamira Shelah Paszek,F
93674,Lisa Perterer,F
94302,Alexander Peya,M
95352,Christian Planer,M
95797,Sofia Polcanova,F
96742,Ren Pranz,M
96828,Georg Preidler,M
97296,Simone Prutsch,F
99154,Florian Raudaschl,M
99681,Florian Reichstdter,M
100078,"Nikolaus ""Niko"" Resch",M
101063,Martina Ritter,F
101924,Markus Antonius Rogan,M
103473,Gernot Rumpler,M
103534,Nicol Ruprecht,F
106769,Andreas Scherhaufer,M
106783,Christian Scherbl,M
106889,Eva Schimak,F
106935,Werner Schlager,M
106995,Roland Schlosser,M
107045,Matthias Schmid,M
107172,Alexander Schmirl,M
107458,Daniel Schorn,M
107570,Beate Schrott,F
107753,Yvonne Schuring,F
107821,Doris Schwaiger (-Robl),F
107823,Stefanie Schwaiger,F
107875,"Viktoria ""Vicki"" Schwarz",F
108318,Robin Valentin Seidl,M
110239,Bernhard Sieber,M
110242,Paul Sieber,M
112936,Amelie Solja,F
113986,Thomas Springer,M
114788,Jrdis Steinegger,F
115531,Sebastian Stoss,M
123368,Kathrin Unterwurzacher,F
123745,Lara Vadlau,F
126564,Sara Vilic,F
127076,Renate Voglsang,F
127132,Andreas Vojta,M
129117,Carolina Weber,F
129312,Gnther Weidlinger,M
129445,Lukas Weihaidinger,M
129657,Jennifer Wenth,F
130268,Bernd Wiesberger,M
131300,Christine Wolf,F
133727,Lisa Zaiser,F
133737,Thomas Zajac,M
4469,Jennifer Anson,F
28667,Shawn Erbelau Dingilius-Wallace,M
37804,Rubie Joy Gabriel,F
58323,Keesha Keane,F
80324,Dirngulbai Moreyna Misech,F
92079,Stevick Patris,M
119117,Rodman Teltull,M
119124,Florian Skilang Temengil,M
121155,Marina Toribiong,F
1004,Aurimas Adomaviius,M
1477,Neringa Aidietyt,F
2469,Virgilijus Alekna,M
5453,Laura Asadauskait-Zadneprovskien,F
6772,Gediminas Bagdonas,M
7187,Egl Balinait,F
7189,Egidijus Balinas,M
8841,Karolis Baua,M
10283,Riardas Berankis,M
10759,Juozas Bernotas,M
11510,Simonas Bilis,M
28400,Aurimas Didbalis,M
29457,Valdas Dopolskas,M
29940,Darius Draudvila,M
29948,Rasa Drazdauskait,F
31132,Martynas Diaugys,M
42901,Marius Grigonis,M
42991,Lina Grinikait (-Samuole),F
43037,Mindaugas Grikonis,M
43522,Daina Gudzineviit,F
43523,Andrius Gudius,M
44039,Rokas Guinas,M
53428,Indr Jakubaityt,F
53572,Dominykas Janionis,M
53718,Paulius Janknas,M
53848,Vytautas Januaitis,M
53983,Simas Jasaitis,M
53995,arnas Jasikeviius,M
54062,Robertas Javtokas,M
56411,Adas Jukeviius,M
56939,Mantas Kalnietis,M
57163,Remigijus Kanys,M
58079,Rimantas Kauknas,M
58117,Antanas Kavaliauskas,M
58118,Egidijus Kavaliauskas,M
58260,Aleksandras Kazakeviius,M
58600,Armandas Kelmelis,M
58808,Remalda Kergyt,F
60450,Justinas Kinderis,M
61165,Linas Kleiza,M
62534,Ignatas Konovalovas,M
64385,Simona Krupeckait,F
65379,Mindaugas Kuzminskas,M
66534,Aurimas Lankas,M
70900,Diana Lobaevsk (Maciusonyt-),F
73009,Jonas Maiulis,M
74964,Deividas Margeviius,M
76083,Rolandas Mainskas,M
76278,"Arturas ""Artur"" Mastianica",M
78271,Rta Meilutyt,F
79810,Rokas Mileviius,M
83891,Povilas Mykolaitis,M
84754,Ignas Navakauskas,M
84757,Ramnas Navardauskas,M
85161,Riardas Nekrioius,M
85243,Dovydas Nemeraviius,M
88689,Andrejus Olijnikas,M
90669,Santa Pakenyt,F
90904,Airin Palyt,F
91915,Marius Pakeviius,M
94024,Evaldas Petrauskas,M
95570,"Martynas ""Marty"" Pocius",M
98087,Ronaldas Rainskas,M
98590,Edvinas Ramanauskas,M
98937,Danas Rapys,M
100889,Vilma Rimait,F
101070,Saulius Ritter,M
104060,Domantas Sabonis,M
104122,Mindaugas Sadauskas,M
104501,Rytis Sakalauskas,M
104870,Kristina Saltanovi (-Dias),F
104876,Lina altyt,F
106214,Marius avelskis,M
108305,Renaldas Seibutis,M
108600,Zinaida Sendrit,F
108766,Ieva Serapinait,F
110201,Andrius idlauskas,M
111829,Austra Skujyt,F
113163,Darius Songaila,M
114207,Egl Staiinait,F
114328,Eimantas Stanionis,M
114385,Raivydas Stanys,M
114401,Akvil Stapuaityt,F
116307,Jevgenijus uklinas,M
116670,Tadas ukeviius,M
116996,Laura vilpait,F
118232,Sonata Tamoaityt,F
120537,Giedrius Titenis,M
122853,Daiva Tulait,F
122903,Robert Tvorogal,M
123225,Edgaras Ulanovas,M
123780,ivil Vaiciukeviit,F
123846,Jonas Valaninas,M
123871,Milda Valiukait,F
125836,Edgaras Venckaitis,M
125838,Gintar Venkauskait,F
126773,Brigita Virbalyt-Dimien,F
126862,Donata Vitartait,F
127250,Gintar Volungeviit-Scheidt,F
135123,Marius ikas,M
135477,Vaida sinait,F
135478,Henrikas ustautas,M
1134,Komi-Mawussi Agbetoglo,M
6248,Akossiwa Claire Ayivon,F
14017,Benjamin Kudjow Thomas Boukpeti,M
24760,Kokoutse Fabrice Dabla,M
27543,Kouami Sacha Denanyoh,M
63641,Emric Kpegba,M
63643,Adzo Rebecca Kpossi,F
66176,Lankantien Lamboni,M
84503,Bamab Napo,F
93741,Prenam Pesse,F
1018,Vera Adrian,F
1445,Gaby Diana Ahrens,F
5127,Alina Armas,F
8491,Marc Bassingthwaighte,M
23700,Dan Craven,M
45403,Mathias Tulyoongeleni Hamunyela,M
48214,Tjipekapora Herunga,F
55067,Helalia Lukeiko Johannes,F
55592,Jonas Junias Jonas,M
57937,Mujandjae Kasuto,M
58053,Mynhardt Mbeumuna Kauanivi,M
76402,Jonas Matheus,M
84219,Beata Nandjala Naigambo,F
109749,Naatele Sem Shilimela,M
127526,Michelle Vorster (Mills-),F
1540,Artur Surenovych Aivazian,M
1636,Svitlana Viktorivna Akhadova,F
2429,Ibrahim Erikovych Aldatov,M
3113,Pavlo Serhiyovych Altukhov,M
3628,Lolita Volodymyrivna Ananasova,F
4211,Valeriy Oleksandrovych Andriitsev,M
4231,Alona Anatolivna Andruk,F
6137,Roman Valeriyovych Avramenko,M
6428,Ivan Babaryka,M
7593,Ivan Mykolaiyovych Banzeruk,M
9497,Maryna Oleksandrivna Bekh,F
9577,Zhan Vensanovych Beleniuk,M
9763,Yana Borysivna Belomoina,F
10350,Olha Oleksandrivna Beresneva,F
10591,Denys Yuriyovych Berinchyk,M
11295,Olha Anatolivna Bibik,F
12371,Artem Oleksiyovych Bloshenko,M
12535,Yelyzaveta Valerivna Bochkarova,F
12646,Ihor Valeriyovych Bodrov,M
12854,Dmytro Boiko,M
13126,Oleksandr Igorovych Bondar,M
13131,Bohdan Viktorovych Bondarenko,M
13133,Kateryna Volodymyrivna Bondarenko,F
13136,Stanislav Valeriyovych Bondarenko,M
13143,Roman Romanovych Bondaruk,M
13685,Oleksiy Viktorovych Borysov,M
13686,Ihor Viktorovych Borysyk,M
15932,Yelyzaveta Viktorivna Bryzhina,F
16167,Serhiy Volodymyrovych Budza,M
16581,Olena Sviatoslavivna Buriak,F
16629,Olena Ivanivna Burkovska,F
16657,Kateryna Volodymyrivna Burmistrova,F
16940,Vitaliy Mykolaiovych Butrym,M
16943,Mykola Valeriyovych Butsenko,M
20080,Yuriy Volodymyrovych Cheban,M
20451,Alla Kostiantynivna Cherkasova,F
20463,Oleksandr Stepanovych Chernetskiy,M
20467,Maryna Mykolavna Cherniak,F
20534,Ihor Volodymyrovych Chervynskiy,M
21395,Illia Viktorovych Chuiev,M
21415,Dmytro Vitaliyovych Chumak,M
21478,Serhiy Oleksandrovych Chykanov,M
27073,Iryna Mykhailivna Dekha,F
27414,Dmytro Oleksiyovych Dem'ianiuk,M
27453,Yana Mykhailivna Dementieva,F
27531,Hanna Demydova,F
27753,Kateryna Oleksandrivna Derun,F
28399,Oleksandr Ihorovych Didukh,M
28914,Olena Mykolavna Dmytrash,F
28917,Ruslan Hryhorovych Dmytrenko,M
29009,Nataliya Volodymyrivna Dobrynska,F
29181,Maksym Eduardovych Dolhov,M
29539,Tetiana Mykolavna Dorokhova,F
29547,Marharyta Serhivna Dorozhon,F
29761,Ivan Viktorovych Dovhodko,M
29762,Nataliya Viktorivna Dovhodko,F
29955,Serhiy Volodymyrovych Drebot,M
30152,Oleksandr Volodymyrovych Dryhol,M
31069,Valeriy Volodymyrovych Dymo,M
31101,Hanna Leonidivna Dzerkal,F
34394,Andriy Myronovych Fedechko,M
34413,Olena Olehivna Fedorova,F
34416,Vasyl Petrovych Fedoryshyn,M
35374,Tetiana Anatolivna Filoniuk,F
36005,Alina Yanivna Fodorova,F
36048,Nataliya Viktorivna Fokina-Semenova,F
37308,Serhiy Anatoliyovych Frolov,M
44982,Svitlana Valentynivna Haliuk,F
45246,Tetiana Hamera-Shmyrko,F
46582,Hanna Volodymyrivna Hatsko-Fedusova,F
47822,Iryna Ihorivna Herashchenko,F
47885,Anatoliy Anatoliyovych Herei,M
47892,Oksana Vasylivna Herhel,F
48904,Ihor Kostyantinovych Hlavan,M
48906,Iryna Viktorivna Hlavnyk,F
49539,Olha Anatolivna Holodna,F
49674,Yevheniya Yevhenivna Homon,F
49777,Roman Volodymyrovych Hontiuk,M
50015,Valentyna Oleksandrivna Horpynych-Zhudina,F
50030,Oleksandr Olehovych Horshkovozov,M
50297,Andriy Andriyovych Hovorov,M
50404,Volodymyr Olehovych Hoza,M
50437,Dmytro Olehovych Hrachov,M
50464,Viktor Oleksandrovych Hrebennykov,M
50467,Olena Serhivna Hrechykhina,F
50476,Oleksandra Serhivna Hridasova,F
50508,Larysa Valerivna Hryha,F
50510,Vladyslav Volodymyrovych Hryko,M
50511,Serhiy Mykhailovych Hryn,M
50513,Inna Volodymyrivna Hryshchun,F
50515,Andriy Askoldovych Hryvko,M
50808,Valeriya Vasylivna Hudym,F
51183,Hryhoriy Hryhorovych Husarov,M
51360,Oleksandr Serhiyovych Hvozdyk,M
52309,Liudmyla Dmytrivna Iosypenko,F
52418,Oleksandr Volodymyrovych Isakov,M
52472,Pavlo Olehovych Ishchenko,M
52806,Ivan Oleksiyovych Ivanov,M
52897,Markiyan Volodymyrovych Ivashko,M
52898,Veronika Mykolavna Ivasiuk,F
56860,Yuliya Anatolivna Kalina,F
56945,Nataliya Olehivna Kalnysh,F
56992,Lesia Mykhailivna Kalytovska,F
57571,Dmytro Mykolaiovych Kariuchenko,M
57733,Kateryna Yevhenivna Karsak,F
57863,Inna Oleksandrivna Kashyna,F
57864,Oleksiy Serhiyovych Kasianov,M
58271,Oleksiy Viktorovych Kazanin,M
59120,Yakiv Mykhailovych Khammo,M
59209,Olha Hennadivna Kharlan,F
59258,Yuliya Olehivna Khavaldzhy (Blahinia-),F
59358,Anton Volodymyrovych Kholiaznikov,M
59362,Olena Kholosha,F
59392,Oleksandr Iosypovych Khotsianivskiy,M
59474,Andriy Ivanovych Khrypta,M
59512,Maksym Volodymyrovych Khvorost,M
59518,Yevhen Ihorovych Khytrov,M
59552,Liudmyla Viktorivna Kichenok,F
59553,Nadiya Viktorivna Kichenok,F
60464,Iryna Mykolavna Kindzerska,F
60670,"Ulrich Gnter Hermann ""Uli"" Kirchhoff",M
60762,Dmytro Kostiantynovych Kirpulianskiy,M
61210,Valentyn Andriyovych Kletskoy,M
61399,Iryna Volodymyrivna Klymets,F
61647,Tetiana Volodymyrivna Kob,F
62168,Olena Dmytrivna Kolesnichenko,F
62321,Alina Ivanivna Komashchuk,F
62451,Maryna Oleksandrivna Konieva,F
62510,Nataliya Oleksivna Kononenko,F
62525,Oleksandr Volodymyrovych Konovaliuk,M
62837,Anna Mykolavna Kornuta,F
62873,Pavlo Serhiyovych Korostylov,M
63109,Olena Dmytrivna Kostevych,F
63122,Denys Valentynovych Kostiuk,M
63163,Dmytro Volodymyrovych Kosynskiy,M
63222,Olha Yevstafivna Kotovska,F
63251,Lei Kou,M
63442,Liudmyla Viktorivna Kovalenko,F
63443,Nazar Viktorovych Kovalenko,M
63567,Anastasiya Mykolavna Kozhenkova,F
63772,Hanna Serhivna Krasnoshlyk,F
63873,Olena Vitalivna Kravatska,F
63877,Hanna Serhivna Kravchenko,F
64018,Yuliya Yurivna Krevsun (Hurtovenko-),F
64158,Dmytro Ivanovych Krivtsov,M
64451,Olena Serhivna Kryvytska,F
64653,Valeriy Valeriyovych Kudriashov,M
64845,Serhiy Volodymyrovych Kulish,M
65231,Nataliya Petrivna Kushch-Mazuryk,F
65240,Denys V'iacheslavovych Kushnirov,M
65420,Viktor Andriyovych Kuznietsov,M
65444,Illia Olehovych Kvasha,M
65456,Andriy Vasylovych Kviatkovskiy,M
65531,Maryna Viktorivna Kyiko,F
65541,Maryna V'iacheslavivna Kylypko,F
65569,Svitlana Ivanivna Kyselova,F
65573,Anhelina Anatolivna Kysla,F
65680,Mykola Mykolaiovych Labovskiy,M
67409,Tetiana Viktorivna Lazareva,F
67637,Serhiy Petrovych Lebid,M
68399,Nataliya Serhivna Lehonkova,F
68588,Olha Oleksandrivna Leleiko,F
68632,Liubomyr Arturovych Lemeshko,M
68747,Viktoriya Andrivna Lenyshyn,F
69116,Yuliya Andrivna Levchenko,F
69602,Olha Oleksandrivna Liakhova,F
70724,Mariya Volodymyrivna Liver,F
71087,Inna Volodymyrivna Lohutenkova,F
71088,Alina Viktorivna Lohvynenko,F
71127,Vasyl Anatoliyovich Lomachenko,M
71603,Ivan Volodymyrovych Losev,M
72384,Anna Volodymyrivna Lunova (Yermakova-),F
72432,Nataliya Oleksivna Lupu,F
72611,Oleh Viktorovych Lykov,M
72676,Anastasiya Serhivna Lysenko,F
73933,Alina Oleksandrivna Maksymenko,F
74798,Illia Vasylovych Marchenko,M
74801,Veronika Serhivna Marchenko,F
76134,Olha Viktorivna Maslivets,F
76569,Pavlo Mykolaiovych Matsuiev,M
76778,Volodymyr Mykolaiovich Matviichuk,M
77115,Viktoriya Oleksivna Mazur,F
77126,Maksym Anatoliyovych Mazuryk,M
78512,Hanna Anatolivna Melnychenko-Kasianova (-Frullani),F
78514,Tetiana Yurivna Melnyk,F
78515,Stanislav Anatoliyovych Melnykov,M
78921,Iryna Oleksivna Merleni-Mykulchyn (Melnyk-),F
79628,Dmytro Valeriyovych Mikhay,M
79776,Mykola Mykolaiovych Milchev,M
80331,Hanna Valerivna Mishchenko,F
80332,Taras Viktorovych Mishchuk,M
81084,Denys Petrvych Molchanov,M
82210,Artem Vitaliyovych Moroz,M
82216,Artem Mykolaiovych Morozov,M
82444,Nataliya Yevhenivna Moskvina,F
83929,Valentyna Oleksandrivna Myronchuk,F
83953,Dmytro Yuriyovych Mytrofanov,M
84039,Oleksandr Oleksandrovych Nadtoka,M
84115,Bjrn Nagel,M
84403,Vitaliy Olehovych Nakonechniy,M
85026,Anastasiya Volodymyrivna Nedobiha,F
85371,Mykyta Vasylovych Nesterenko,M
85760,Quedjau Frantsyskovych Nhabali,M
86206,Bohdan Sergiyevych Nikishyn,M
86218,Yuriy Viktorovych Nikitin,M
86437,Yevgeniya Serhivna Nimchenko,F
87189,Iryna Oleksandrivna Novozhylova,F
87796,Halyna Yaroslavivna Obleshchuk,F
88095,Katharina Offel,F
88533,Oksana Hryhorivna Okunieva,F
88645,Ihor Oleksiyovych Olefirenko,M
88700,Yuliya Anatolivna Olishevska,F
89066,Oleh Petrovych Omelchuk,M
89165,Oleksandr Romanovych Onishchenko,M
89464,Yevhen V'iacheslavovych Orlov,M
89725,Dmytro Olehovych Oseledets,M
89821,Yuliya Anatolivna Ostapchuk-Tkach,F
90743,Kateryna Borysivna Palekha,F
91120,Kseniya Hennadivna Panteleieva,F
91357,Yuliya Yevhenivna Paratova,F
92325,Anastasiya Vladyslavivna Pavlova,F
92346,Volodymyr Stanislavovych Pavlovskiy,M
93739,Marharyta Volodymyrivna Pesotska,F
94531,Oleksandr Serhiyovych P'iatnytsia,M
94675,Oleksandr Yuriyovych Pielieshenko,M
94872,Kostiantyn Hryhorovych Piliyev,M
95495,Hanna Oleksandrivna Plotitsyna,F
95564,Anfisa Sergiivna Pochkalova,F
95566,Artem Serhiyovych Pochtarov,M
95704,Nataliya Olehivna Pohrebniak,F
96195,Iryna Olehivna Popova,F
96465,Viktoriya Volodymyrivna Potiekhina,F
96609,Mariya Mykolavna Povkh,F
96610,Olesia Ivanivna Povkh,F
97162,Yuliya Anatolivna Prokopchuk,F
97173,Svitlana Serhivna Prokopova,F
97175,Nadiya Ivanivna Prokopuk-Borovska,F
97229,Andriy Oleksiyovych Protsenko,M
97308,Oleksiy Viktorovych Pryhorov,M
97316,Maryna Andrivna Pryshchepa,F
97318,Nataliya Oleksandrivna Pryshchepa,F
97320,Andriy Vasylovych Pryveda,M
97699,Nataliya Serhivna Pyhyda,F
97719,Hanna Serhivna Pysmenska,F
98080,Vasyl Dmytrovych Rachyba,M
98155,Ihor Vitaliyovych Radivilov,M
98349,Viugar Hamidullovych Rahimov,M
99411,Vira Viktorivna Rebryk,F
100741,Mariya Vitalivna Riemien,F
101166,Cassio Rivetti,M
101183,Hanna Serhivna Rizatdinova,F
102220,Mykhailo Mykhailovych Romanchuk,M
103170,Viktor Hennadiyovych Ruban,M
103171,Artem Borysovych Rubanko,M
103592,Ihor Pavlovych Russ,M
103824,"Viktoriya Yurivna ""Vita"" Rybalko",F
103893,Serhiy Oleksandrovych Rysenko,M
104001,Oleksandra Dmytrivna Sabada,F
104168,Kateryna Serhivna Sadurska,F
104588,Olha Valerivna Saladukha (-Kostyuk),F
105710,Danylo Volodymyrovych Sapunov,M
106199,Anastasiya Hennadivna Savchuk,F
106201,Olha Mykolavna Savchuk,F
108527,Andriy Serhiyovych Semenov,M
108528,Oleksiy Serhiyovych Semenov,M
108544,Maksym Oleksandrovych Semiankiv,M
109099,Vitaliy Petrovych Shafar,M
109285,"Darina Serhivna ""Dar'ia"" Sharipova",F
109344,Mariya Yurivna Shatalova,F
109501,Hanna Shelekh,F
109506,Taras Oleksandrovych Shelestiuk,M
109523,Maksym Romanovych Shemberiev,M
109527,Yana Volodymyrivna Shemiakina,F
109647,Anzhelika Viktorivna Shevchenko,F
109929,Oksana Yurivna Shkurat,F
109951,Svitlana Volodymyrivna Shmidt,F
110064,Liubov Valerivna Shulika,F
110078,Olena Yurivna Shumkina,F
110108,Borys Oleksandrovych Shvets,M
110115,Ihor Myronovych Shymechko,M
110121,"Daryna Oleksandrivna ""Dar'ia"" Shytko-Tykhova",F
110164,Lidiya Yurivna Sichenikova,F
110298,Andriy Oleksiyovych Sienichkin,M
111445,Oleksandr Vasylovych Sitkovskiy,M
111813,Olha Mykolavna Skrypak,F
111982,Vadym Rostyslavovych Slobodeniuk,M
112042,Nataliya Mykolavna Smal,F
112097,Serhiy Volodimirovich Smelyk,M
112835,Oleksiy Mykolaiovych Sokyrskiy,M
112974,Denys Viktorovych Solonenko,M
112984,Hanna Mykolavna Solovei,F
113265,Tetiana Heorhivna Sorochynska-Bilenko,F
113268,Volodymyr Mykolaiovych Soroka,M
113689,Anastasiya Yurivna Spas,F
114158,Alina V'iachelsavivna Stadnik (Makhynia-),F
114209,Serhiy Eduardovych Stakhovskiy,M
114343,Svitlana Oleksandrivna Stanko (Klymenko-),F
114951,"Daryna Viktorivna ""Dar'ia"" Stepaniuk",F
115481,"Viktoriya Ivanivna ""Vita"" Stopina",F
115817,Nataliya Yevhenivna Strohova,F
116034,Khrystyna Petrivna Stuy,F
117010,Elina Mykhailivna Svitolina,F
117190,Kseniya Volodymyrivna Sydorenko,F
117491,Ferenc Szentirmai,M
117814,Serhiy Alimahometovych Tahirov,M
118588,Kateryna Mykolavna Tarasenko,F
118994,Ren Tebbel,M
119131,Lenur Serverovych Temirov,M
119264,Viktoriya Anatolivna Tereshchuk,F
120374,Dimitriy Yuriyovych Timchenko,M
120538,Hanna Serhivna Titimets,F
120597,Viktoriya Viktorivna Tkachuk,F
120691,Anastasiya Ihorivna Todorova,F
121215,Oleksiy Pavlovych Torokhtiy,M
122219,Oleh Serhiyovych Tsarkov,M
122355,Olena Volodymyrivna Tsos,F
122447,Ruslana Petrivna Tsykhotska,F
122538,Oleksandr Oleksandrovych Tuhariev,M
122736,Viktoriya Viktorivna Turks,F
122894,Marharyta Tverdokhlib,F
122953,Ivan Ivanovych Tymko,M
122954,Pavlo Yuriyovych Tymoshchenko,M
123242,Mariya Viktorivna Ulitina,F
123535,Viktoriya Volodymyrivna Us,F
123572,Oleksandr Oleksandrovych Usik,M
125501,Artem Volodymyrovych Vasylenko,M
126049,Daryna Serhivna Verkhohliad,F
126096,Oleh Yuriyovych Verniaiev,M
127234,Anna V'iacheslavivna Voloshyna,F
127503,Olena Oleksandrivna Voronina,F
127591,Anastasiya Romanivna Vozniak,F
127759,Yevhen Valeriyovych Vynohradov,M
132178,Andriy Andriyovych Yahodka,M
132199,Dmytro Valeriyovych Yakovenko,M
132202,Olha Oleksandrivna Yakovenko,F
132447,Dmytro Mykolaiovych Yanchuk,M
132611,Olena Oleksandrivna Yanovska,F
132653,Svitlana Mykolavna Yaromka,F
132656,Hanna Vasylivna Yaroshchuk (-Ryzhykova),F
132819,Yuliya Oleksandrivna Yelistratova-Sapunova,F
133512,Denys Serhiyovych Yurchenko,M
133542,"Daryna Oleksivna ""Dar'ia"" Yushko",F
133728,Kostiantyn Volodymyrovych Zaitsev,M
133774,Anton Serhiyovych Zakharov,M
133973,Heorhiy Malkhazovych Zantaraia,M
134068,Alen Taimurazovych Zasieiev,M
134095,Dmytro Oleksandrovych Zavadskiy,M
134325,Olha Mykolayivna Zemliak,F
134396,Daryna Yurivna Zevina,F
134772,Yaroslav Vitaliyovych Zhmudenko,M
135223,Nataliya Olehivna Zolotukhina,F
5184,rni Mr rnason,M
5832,Arnr Atlason,M
8549,Sarah Blake Bateman,F
43919,Rbert Gunnarsson,M
44082,Eygl sk Gstafsdttir,F
44121,Bjrgvin Pll Gustavsson,M
44287,Snorri Steinn Gujnsson,M
44301,Hreiar Lev Gumundsson,M
44307,Guni Valur Gunason,M
45083,sgeir rn Hallgrmsson,M
45635,Eva Hannesdttir,F
48713,Anta Hinriksdttir,F
48874,sds Hjlmsdttir,F
52130,Ingimundur Ingimundarson,M
52140,Ragna Bjrg Inglfsdttir,F
53406,Sverre Andreas Jakobsson,M
55850,ormur rni Jnsson,M
57636,Kri Steinn Karlsson,M
64118,Kri Kristjn Kristjnsson,M
72486,Hrafnhildur Luthersdttir,F
77669,Anton Sveinn McKee,M
90829,Aron Plmarsson,M
93939,Alexander Petersson,M
106401,Irina Sazonova,F
110361,sgeir Sigurgeirsson,M
110373,Gujn Valur Sigursson,M
114691,lafur Indrii Stefnsson,M
116880,Vignir Svavarsson,M
116902,Jakob Jhann Sveinsson,M
120193,inn Bjrn orsteinsson,M
33609,Elama Fa'atonu,M
36177,Megan Fonteno,F
56307,Tanumafili Malietoa Jungblut,M
70546,Anthony Liu,M
73392,Jordan Mageo,F
110420,Isaac Phillipjunio Silafau,M
128919,Benjamin Waterhouse,M
129283,Ching Mou Wei,M
1087,Evelina Afoa,F
10615,Rudolf Berking-Williams,M
17326,Anne Cairns,F
23726,Talitiga Crawley,F
29069,Jeremy Dodson,M
37404,Emanuele Tusitatino Tauolo Fuamatu,M
52248,Vaipava Nevo Ioane,M
89268,Ele Opeloge,F
89269,Mary Opeloge,F
93457,Toafitu Perive,M
102546,Alex Rose,M
107763,Brandon Schuster,M
112175,Aleni Smith,M
116074,Derek Sua,M
119991,Kaino Thomsen-Fuataga,M
122544,Maureen Tuimalealiifano,F
1112,Alphonsine Agahozo,F
17110,Nathan Byukusenge,M
52009,Eloi Imaniraguha,M
56750,Robert Kajuga,M
82951,Claudette Mukasakindi,F
83806,Jean-Pierre Mvuyekure,M
86591,Jackson Niyomugabo,M
86597,Adrien Niyonshuti,M
87518,Salome Nyirarukundo,F
123318,Johanna Umurungi,F
123665,Fred Yannick Uwase,M
123667,Ambroise Uwiragiye,M
2739,Mirko Alilovi,M
6456,Luka Babi,M
7253,Ivano Bali,M
7627,Samir Bara,M
8447,Sonja Bai,F
11299,Damir Biani,M
11451,Marko Bija,M
11481,Miro Bilan,M
12739,Bojan Bogdanovi,M
13752,Miho Bokovi,M
15643,Ilija Brozovi,M
16299,Luka Buki,M
16359,Ivan Buljubai,M
16445,Denis Bunti,M
16584,Damir Buri,M
16843,Andro Bulje,M
19407,Giovanni Cernogoraz,M
21569,Iva Ciglar,F
21583,Marin ili,M
23069,Borna ori,M
24350,Petar Cupa,M
24351,Ivan upi,M
28016,Ana erek,F
29021,Nika Dobud,M
29059,Ivan Dodig,M
29869,Marin Draganja,M
30950,Domagoj Duvnjak,M
30965,Kristijan urasek,M
30975,Bojan urkovi,M
32816,Tina Erceg,F
33989,ime Fantela,M
36741,Kristina Frani (-Elez),F
37827,Anita Gae,F
37832,Andrej Gaina,M
40706,Anton Glasnovi,M
40707,Josip Glasnovi,M
41087,Jakov Gojun,M
41910,Petar Gora,M
42813,Filip Grgi,M
43282,Jelena Grubii,F
44133,Valentina Gustin,F
44907,Andra Hakli,M
48391,Mario Hezonja,M
48704,Igor Hini,M
50067,Ivan Horvat,M
50069,Lidija Horvat,F
50070,Nikolina Horvat,F
50074,Zlatko Horvat,M
50473,Filip Hrgovi,M
52747,Andrea Ivanevi,F
52768,Luca Ivankovi,F
52921,Jelena Ivezi,F
54205,Ana Jelavi (Rado-),F
54209,Ivana Jeli,F
55565,Maro Jokovi,M
56038,Bojan Jovanovi,M
56048,Sanja Jovanovi,F
56052,Dijana Joveti (Golubi-),F
57400,Igor Karai,M
57513,Lisa Ann Kari,F
61322,Ivan Kljakovi-Gapi,M
62116,Sara Kolak,F
62485,Ana Konjuh,F
62673,Marko Kopljar,M
63135,Pavle Kostov,M
63580,Kreimir Kozina,M
63747,Ivan Krapi,M
65449,Matija Kvasina,M
65747,Blaenko Lackovi,M
68585,Ana Lelas,F
71178,Luka Lonar,M
71601,Venio Losert,M
71769,Ivana Lovri,F
71773,Dan Lovrovi,M
71774,Marin Lovrovi,M
72830,Marko Macan,M
74252,Marko Mami,M
74345,Sandra Mandir (Popovi-),F
74929,Igor Mareni,M
75018,Marcela Mari,F
75019,Martin Mari,M
75035,Tomislav Marijanovi,M
75288,Marija Marovi,F
75551,Damir Martin,M
76459,Barbara Mati,F
76500,Matea Matoevi,F
77086,Mirna Mazi,F
79571,Filip Mihaljevi,M
79578,Tina Miheli,F
79760,Vesna Milanovi Litre,F
80354,Marijana Mikovi,F
80377,Antonija Miura,F
82778,Luka Mratovi,M
82976,Nedad Mulabegovi,M
83012,Dinko Muli,M
83668,Amar Musi,M
83687,Petar Muslim,M
86443,Enia Ninevi,F
86444,Ivan Ninevi,M
87812,Paulo Obradovi,M
92278,Josip Pavi,M
92307,Kim Daniela Pavlin,F
92783,Snjeana Peji,F
93002,Andrea Penezi,F
93170,Tanja Perec,F
93475,Sandra Perkovi,F
93730,Ivan Pei,M
93988,Antonio Petkovi,M
95356,Darko Planini,M
97016,Zoran Primorac,M
97623,Nikica Pui Koroljevi,F
101985,Radoslav Rogina,M
104381,David ain,M
104545,eljko aki,M
104857,Emanuela Salopek,F
104947,Matea Samardi,F
105791,Dario ari,M
108734,Hrvoje Sep,M
108830,Andrea eri,F
108956,Anelo etka,M
110674,Ana imi,F
110786,Krunoslav Simon,M
111300,Martin Sinkovi,M
111301,Valent Sinkovi,M
111441,Karla iti,F
111960,Iva Slikovi,F
111961,Ivan Slikovi,M
114407,Boo Starevi,M
114945,Luka Stepani,M
115058,Ivan Stevanovi,M
115260,Toni Stipanovi,M
115263,Rok Stipevi,M
115790,Manuel trlek,M
115942,Lisa Christina Stubli,F
116310,Sandro Sukno,M
118725,Miranda Tatari,F
120218,Yuan Tian,F
120699,Mario Todorovi,M
123078,Filip Ude,M
123207,Roko-Leni Uki,M
123782,Cornelia Vaida-Molnar,F
125266,Roland Robert Varga,M
125697,Mario Veki,M
126297,Frano Vian,M
126975,Blanka Vlai,F
127481,Igor Vori,M
127600,Marija Vraji,F
127646,Marija Vrsaljko,F
127714,Drago Vukovi,M
133953,Ana Zaninovi,F
133954,Lucija Zaninovi,F
134203,Maja Zebi,F
135387,Nenad ugaj,M
135388,Neven ugaj,M
135431,Stipe uni,M
135449,Romana upan,F
30802,Yordanys Duraona Garca,M
37802,Luan Gabriel,F
51170,Erison George Hurtault,M
65831,Thea LaFond,F
18922,Asnage Castelly,M
27681,Josue Deprez,M
27854,Linouse Desravine,F
29555,Frantz Mike Itelord Dorsainvil,M
42358,Naomy Hope Grand'Pierre,F
48857,Richardson Hitchins,M
54101,Mulern Jean,F
55948,douard Joseph,M
55963,Moise Joseph,M
56267,Jeffrey Michael Julmis,M
65997,Samyr Laine,M
71676,Aniya Necol Louissaint,F
129744,Darrell Wesh,M
129745,Marlena Hilari Wesh,F
11179,Eleanor Bezzina,F
11181,Luke Bezzina,M
13451,Diane Borg,F
20556,Andrew Chetcuti,M
20559,William Chetcuti,M
21169,Rachid Chouhal,M
79326,Kyle Sean Micallef,M
83650,Nicola Muscat,F
130981,Charlotte Wingfield,F
1640,Giorgos Akhilleos,M
4114,Antonis Andreou,M
4117,Panagiota Andreou,F
5393,Eleni Artymata,F
5792,Marios Athanasiadis,M
19967,Andreas Chasikos,M
21122,Dimitrios Chondrokoukis,M
21329,Antri Christoforou,F
32229,Antri Eleftheriou,F
39637,Marios Georgiou,M
44618,Iacovos Hadjiconstantinou,M
52259,Kyriakos Ioannou,M
56907,Leontia Kallenou,F
57567,Andreas Pheobus Kariolou,M
62575,Pavlos Kontides,M
85314,Sotiria Neofytou,F
90540,Markos Pagdatis,M
91219,Anna Ramona Papaioannou,F
91384,Apostolos Parellis,M
114500,Konstantinos Stathelakos,M
116045,Anna Stylianou,F
121629,Milan Trajkovic,M
121919,Khrystalleni Trikomiti,F
7511,Mamadama Bangoura,F
8187,Mamadou Barry,M
17561,Amadou Camara,M
17564,Dede Camara,F
25300,Mohamed Lamine Dansoko,M
58437,Facinet Keita,M
58440,Makoura Keita,F
113517,Mariama Djould Sow,F
121472,Aissata Tour,F
53503,Renick James,M
55626,Brandon Jones,M
75780,Kaina Darina Martnez,F
78113,Kenneth Nathaniel Medwood,M
105153,Eddermys Sanchez,M
108080,Katy Sealy,F
3463,Savitree Amitrapai,F
4691,Kiradech Aphibarnrat,M
4947,Sailom Ard,M
13338,Ek Boonsawad,M
13344,Wanida Boonwan,F
15965,Keerati Bualong,M
16442,Tairat Bunsuk,M
16464,Porntip Buranaprasertsuk,F
16891,Chatchai Butdee,M
18468,Amanda Mildred Carr,F
19797,Natthanan Chankrajang,F
19809,Kamolwan Chanyim,F
20794,Chatuphum Chinnawong,M
24801,Atthaphon Daengchanthuek,M
39298,Nuttapong Ged-In,M
45656,Tawin Hanprab,M
46103,Phannapa Harnsujin,F
49667,Teerawat Homklin,M
51257,Hermann Ludwig Husslein,M
52214,Subenrat Insaeng,F
52222,Ratchanok Intanon,F
52439,Bodin Isara,M
53355,Thongchai Jaidee,M
54814,Sutiya Jiewchaloemmit,F
55783,Maneepong Jongjit,M
56448,Ariya Jutanugarn,F
56615,Siripon Kaewduang-Ngam,F
57444,Pen-Ek Karaket,M
59124,Panida Khamsri,F
61031,Pim-On Klaisuban,F
62361,Nanthana Komwong,F
64302,Sinphet Kruaithong,M
64858,Rattikan Kulnoi,F
66595,Peamwilai Laopeam,F
69816,Nina Lamsam Ligon,F
74382,Jutatip Maneephan,F
76305,Wuttichai Masuk,M
76479,Radomyos Matjiur,M
80162,Witoon Mingmoon,M
86314,Phuttharaksa Nikree,F
86480,Rangsiya Nisaisom,F
91063,Jakkrit Panichpatikum,M
94397,Pornanong Phatlum,F
94521,Natthaphong Phonoppharat,M
96021,Kaeo Pongprayoon,M
96054,Boonsak Ponsana,M
96733,Sirivimon Pramongkhol,F
96744,Sudket Prapakamol,M
97264,Tanyaporn Prucksakorn,F
99109,Sanchai Ratiwatana,M
99110,Sonchat Ratiwatana,M
103330,Amnat Ruenroeng,M
104194,Jaruwat Saensuk,M
106344,Suthasini Sawettabut,F
111381,Pimsiri Sirikaew,F
113175,Chanatip Sonkham,F
114057,Boonthung Srisung,M
114059,Sukanya Srisurat,F
116315,"Supanara Suksawat, Na Ayutthaya",M
116451,Sarat Sumpradit,M
116609,Puttita Supajirakul,F
117757,Sapsiree Taerattanachai,F
118369,Sopita Tanasan,F
118499,Napalai Tansai,F
118512,Padasak Tanviriyavechakul,M
119490,Witthaya Thamwong,M
119493,Natthaya Thanaronnawat,F
120155,Saralee Thungthongkam,F
120236,Pitaya Tibnoke,M
121337,Napis Tortungpanich,M
123106,Attapon Uea-Aree,M
127459,Jane Vongvorachoti,F
131451,Panipak Wongpattanakit,F
132582,Naphaswan Yangpaiboon,F
132746,Kunathip Yea-On,M
16472,Roy-Allan Saul Burch,M
16956,Tyler Barbour Butterfield,M
30437,Flora Jane Duffy,F
35815,Julian Fletcher,M
48368,Rebecca Heyliger,F
50271,"Harold ""Tre"" Houston",M
60465,Arantxa King,F
60736,Jesse Kirkland,M
60738,"Alexander ""Zander"" Kirkland",M
92523,"Michelle ""Shelley"" Pearson",F
94907,Cameron Pimentel,M
112429,Tyrone Mark Eugene Smith,M
119249,"Jillian ""Jill"" Terciera",F
131371,Cecilia Wollmann,F
53446,Bunturabie Effuah Rashida Jalloh,F
57013,Hafsatu Kamara,F
57014,Ishmail Dudu Kamara,M
57015,Osman Kamara,M
108932,Ola Sesay,F
122674,Ibrahim Turay,M
8369,Morea Baru,M
57546,Steven Kari,M
57918,Maxemillion Kassman,M
57919,Samantha Kassman,F
58038,Thadius Katua,M
78009,Judith Meauri,F
90196,Raymond Ovinou,M
94991,Ryan John Pini,M
94992,Theo Piniau,M
115463,Nelson Stone,M
121012,Theresa Tona,F
121438,Dika Loa Toua,F
131118,Toea Wisil,F
1907,Nabil Mohammed Al-Garbi,M
2010,Tameem Mohammed Ahmed Al-Kubati,M
6385,Nooran Ahmed Ali Ba Matraf,F
24897,Fatima Abdullah Suleiman Al-Dahman,F
59398,Mohsen Ali Khousrof,M
76381,Zeyad Mater,M
98301,Mohammed Rageh,M
1773,Ahmad Al-Afasi,M
1897,Abdulrahman Al-Faihan,M
2053,Khaled Al-Mudhaf,M
2161,Abdulaziz Al-Shatti,M
26790,Reginald de Windt,M
44523,Saud Habib,M
75001,Guor Marial (-Mading Miaker),M
97735,Abbas Qali,M
124142,Philipine van Aanholt,F
1780,Mazoon Khalfan Saleh Al-Alawi,F
1829,Wadha Bint Nasir Al-Balushi,F
1922,Shinoona Salah Al-Habsi,F
1946,Barakat Mubarak Al-Harthi,M
1955,Ahmed bin Saalim Al-Hatmi,M
2001,Hamed Said Al-Khatri,M
2226,"Danielle Remilekun B. ""Danni"" Alakija",F
7706,Filipe Baravilala,M
15962,Matelita Buadromo,F
19721,Nickel Nishal Chand,M
22974,Leslie Arthur Copeland,M
24310,Merewai Cumu,F
24942,Ro Masivesi Dakuwaqa,M
25548,Raijieli Daveua,F
29297,Apisai Raviyawa Domolailai,M
29976,Jale Dreloa,M
32208,Paul Elaisa,M
32225,"Robert ""Rob"" Elder",M
48605,Winston Hill,M
50886,Setareki Waqanitoga Hughes,M
56510,Glenn Kable,M
59284,Anish Kumar Khem,M
62210,Osea Kolinisau,M
64061,Roy Krishna,M
64957,Semi Kunabuli Kunatani,M
69852,Maria Liku,F
73963,Meli Malani,M
76329,Viliame Sevaka Mata,M
83975,Samuela Nabenia,M
84090,Rusila Nagasau,F
84217,Praneel Naidu,M
84228,Litia Naiqato,F
84289,Ratu Savenaca Robosenawainibuka Nakalevu,M
84361,Leone Nakarawa,M
84721,Josateki Naulu,M
99226,"Timaima Rosi Lulutai ""Tima"" Ravisa",F
99232,Vatemo Ravouvou,M
99237,Savenaca Rawaca,M
101179,Viniana Naisaluwaki Riwai,F
102110,Asena Rokomarama,F
102474,Ana Maria Roqica,F
106163,Jiowana Sauto,F
108097,Sisilia Anisa Levu Seavula,F
111004,Alvin Singh,M
118116,Kitione Taliga,M
118173,Simione Moca Tamanisau,M
118231,"Timaima ""Tima"" Tamoi",F
118818,Rebecca Tavo,F
120431,Lavenia Tinai,F
120518,Luisa Tisolo,F
122548,Josua Tuisova Ratulevu,M
122552,Tony Tuivuna,M
122583,Manueli Tulo,M
122668,"Osea W. Tikomailepanoni ""Joseph"" Turagabeci",M
122881,"Seremaia ""Jerry"" Tuwai Vunisa",M
123815,Apolonia Vaivai,F
125985,Jasa Veremalua,M
125992,Iosefo Verevou,M
126783,Samisoni Viriviri,M
128694,Saula Matayalo Waqa,M
128697,Ratu Tevita Waranaivalu,M
132756,Sally Yee,F
2276,Janice Alatoa,F
35126,Nazario Fiakaifonu,M
72213,Anolyn Lulu,F
73547,Joe Mahit,M
109827,Yoshua Shing,M
113256,Arnold Sorina,M
119040,Luigi Teilemb,M
128699,Boe Lionel Warawara,M
2365,Radu Albot,M
5378,Natalia Artic-Stratulat,F
5385,Dnil Artiomov,M
9774,Vasile Belous,M
10319,Oleg Berdos,M
19214,Nicolai Ceban,M
19249,Serghei Cechir,M
19363,Natalia Cerche (Nijelscaia-),F
20421,Mariana Cherdivar-Eanu,F
20844,Tatiana Chica,F
21667,Anatolii Crcu,M
22294,Olesea Cojuhari,F
22835,Aaron Arthur Cook,M
30562,Valeriu Duminic,M
32496,Ion Emilianov,M
35592,Lilia Fisikovici (Tozlovanu-),F
52312,Cristina Iovu,F
69036,Vladimir Letnicov,M
72035,Ion Luchianov,M
74965,Serghei Marghiev,M
74966,Zalina Marghiev (-Petrivskaya),F
74967,Marina Marghiev-Nicienco,F
80261,Alexandra Mirca,F
83677,Iaroslav Musinschi,M
85007,Evgheni Nedealco,M
88595,Dan Olaru,M
96142,Elena Popescu,F
97056,Natalia Pricepa,F
97124,Roman Prodius,M
104191,Svetlana Saenco,F
105265,Alexei Sancov,M
113619,Alexandru pac,M
116631,Dimitriana Surdu,F
118638,Oleg Tarnovschi,M
118639,Serghei Tarnovschi,M
134406,Marina Zgurscaia (-Gladcenco),F
3411,Christine Amertil (-Ling),F
5813,Derrick Atkins,M
8198,Trevor George Barry,M
15488,"Christopher Deon ""Chris"" Brown",M
21872,Lanece Clarke,F
22431,Latario Collie-Minns,M
23579,Carmiesha Cox,F
33450,Joanna Evans,F
34707,Sheniqua Monique Ferguson,F
34710,"Deborah ""Debbie"" Ferguson-McKenzie",F
36866,Warren Fraser,M
37946,Tynia Gaither,F
38753,Steven Gardiner,M
40172,Jeffery Gibson,M
42861,Adrian Griffith,M
46259,Shavez Hart,M
48492,Raymond Eugene Higgs,M
58635,Ivanique Kemp,F
73057,Trevorvano Mackey,M
76433,Michael Walter Mathieu,M
79928,Ramon Salomon Miller,M
79938,Shaunae Miller (-Uibo),F
82175,Emily Morley,F
85554,Stephen Newbold,M
94941,Demetrius Rashad Pinder,M
102165,Jamial St. John Rolle,M
103597,Alonzo Russell,M
105393,Leevan Sands,M
105397,Shamar Sands,M
109031,Pedrya Seymour,F
112415,Teray Smith,M
115600,Anthonique Strachan,F
115922,Bianca Stuart,F
116026,Chandra Lavon Sturrup,F
119783,Donald Alexander Thomas,M
122959,Dustin Tynes,M
125093,Arianna Fritzallen Vanderpool-Wallace,F
130836,Jamal Wilson,M
2426,Andrea Dennise Aldana Bennett,F
6116,Kevin vila Soto,M
8152,Erick Bernab Barrondo Garca,M
14599,Mario Alfonso Bran Granillo,M
14621,Isabel Brand Leu,F
15313,Enrique Brol Cardenas,M
15314,Hebert Brol Cardenas,M
15315,Jean-Pierre Brol Cardenas,M
17811,Astrid Roxana Camposeco Hernndez,F
18946,Darrel Akim Castillo,M
23053,Kevin Haroldo Cordn Buezo,M
34798,Charles Fernndez,M
36702,Jamy Amarilis Franco Nez,F
38612,Jos Amado Garca Gabriel,M
39981,Andrei Gheorghe,M
41277,Ana Sofa Gmez Porras,F
43296,Valerie Gruest Slowing,F
48150,Mayra Carolina Herrera Prez,F
71334,Christian Alberto Lpez Bobadilla,M
73306,Juan Ignacio Maegli Agero,M
75791,Luis Carlos Martnez Mndez,M
89601,Mirna Sucely Ortz Flores,F
94953,Edgar Pineda Zeta,M
96016,Maritza Rafaela Poncio Tzul,F
98004,Jaime Daniel Quiyuch Castaeda,M
98717,Jos Alfredo Ramos Dvila,M
99280,Jos Mara Raymundo Cox,M
101600,Manuel Rodas Ochoa,M
105248,Sergio Werner Snchez Gmez,M
122109,Juan Carlos Trujillo,M
133872,Elizabeth Zamora Gordillo,F
2502,Sandra Aleksejeva,F
4991,Mareks rents,M
11742,Ketija Birzule,F
13579,Jevgijs Borodavko,M
16560,Matss Buris,M
19306,Jeena elnova-Prokopuka,F
19384,Deniss erkovskis,M
33005,Edgars Eri,M
42186,Aiga Grabuste,F
42916,Anastasija Grigorjeva,F
43043,Lauma Grva,F
48524,Ariana Kira Hilborna (Zvrs-),F
51758,Laura Ikauniece-Admidia,F
51870,Dagnis Ijins,M
54238,Poina Jeizarova,F
56393,Dmitrijs Jurkevis,M
56943,Uvis Kalni,M
58261,Igors Kazakvis,M
61953,Rebeka Koha,F
63456,Ainrs Kovals,M
65378,Afanasijs Kuzmins,M
67017,Gunta Latieva-udare,F
68542,Jnis Leitis,M
70015,Dace Lina,F
74990,Ilona Marhele,F
83788,Lna Mze,F
84404,Ruslans Nakoenijs,M
86199,Artrs ikiforenko,M
86219,Gabriela ikitina,F
89823,Jeena Ostapenko,F
90163,Konstantns Oviikovs,M
90335,Sinta Ozolia-Kovala (-Sprudzane),F
90721,Madara Palameika,F
91959,Agnese Pastare,F
95416,Mrti Pavi,M
95459,Artrs Plsnieks,M
97458,Pauls Pujts,M
98138,Ineta Radvia,F
100374,Aona Ribakova,F
103212,Jeena Rubevska,F
103460,Arnis Rumbenieks,M
103467,Aleksejs Rumjancevs,M
105004,Aleksandrs Samoilovs,M
105731,Aleksejs Saramotins,M
111392,Zigismunds Sirmais,M
111828,Toms Skuji,M
112077,Jnis mdi,M
112820,Igors Sokolovs,M
113278,Ruslans Sorokins,M
115705,Krists Straume,M
115798,Rolands trobinders,M
115836,Mris trombergs,M
121773,Dmitrijs Trefilovs,M
121790,Edus Treimanis,M
123377,Dainis Upelnieks,M
123520,Mris Urtns,M
125422,Vadims Vasievskis,M
125674,Rihards Veide,M
135218,Valrijs olnerovis,M
135505,Armands Zvirbulis,M
2516,Aleksandar Aleksi,M
2517,Milan Aleksi,M
5346,Andrea Arsovi,F
5406,Zorana Arunovi,F
5747,Aleksandar Atanasijevi,M
9512,Emir Bekri,M
9614,Bojan Beljanski,M
11184,Nenad Beik,M
11656,Stefan Birevi,M
12040,Jelena Blagojevi,F
12738,Bogdan Bogdanovi,M
12740,Tijana Bogdanovi,F
13753,Tijana Bokovi,F
14580,Jovana Brakoevi-Kancian,F
16792,Bianka Bua,F
16977,Dajana Butulija,F
19160,Milorad avi,M
19205,Saa ao,F
19217,Suzana ebi,F
23792,Anja Crevar,F
23857,Jovana Crnogorac,F
24064,Aleksandra Crvendaki,F
24247,Milo uk,M
24471,Dalibor utura,M
24765,Ana Dabovi,F
24767,Milica Dabovi,F
28017,Radoje eri,M
28018,Ivana erisilo (Stankovi-),F
29849,Novak okovi,M
29978,Aleksandar Drenovak,M
30379,Mihail Duda,M
34495,Damir Fejzi,M
35328,Filip Filipovi,M
35330,Nenad Filipovi,M
35332,Predrag Filipovi,M
37242,Kristijan Fris,M
39670,Dmitrj Gerasimenko,M
40667,Dragana Gladovi,F
40930,ivko Goci,M
42812,Dimitrije Grgi,M
43305,Neboja Gruji,M
48499,Naa Higl,F
49553,Ervin Holpert,M
50075,Antonija Horvat-Panda,F
51836,Momir Ili,M
52882,Ana Ivanovi (-Schweinsteiger),F
53299,Goran Jagar,M
53424,Nikola Jaki,M
53667,Bojan Jani,M
53701,Jelena Jankovi,F
54201,Tatjana Jelaa (-Mirkovi ),F
54701,Olivera Jevti,F
54703,Marko Jevtovi,M
55550,Nikola Joki,M
56046,Nevena Jovanovi,F
56055,Stefan Jovi,M
56863,Nikola Kalini,M
57438,Aleksandar Karakaevi,M
57790,Gabor Kasa,M
62130,Asmir Kolainac,M
63348,Nikola Kovaevi,M
63352,Uro Kovaevi,M
64194,Sara Krnji,F
64295,Nataa Krsmanovi,F
64379,Aleksandra Kruni,F
64785,Aleksandar Kukolj,M
68757,Ivan Lener,M
73147,Milan Mavan,M
73774,Renata Major-Kubik,F
73928,Aleksandar Maksimovi,M
73930,Ivana Maksimovi-Anui,F
74029,Tijana Maleevi,F
74340,Duan Mandi,M
74342,Milica Mandi,F
74545,Nikola Manojlovi,M
75140,Dragan Marjanac,M
75142,Marko Marjanovi,M
75195,Dobrivoje Markovi,M
75202,Stefan Markovi,M
75205,ore Markovi,M
79561,Brankica Mihajlovi,F
79605,Damir Mikec,M
80039,Jelena Milovanovi,F
80289,Nemanja Mirosavljev,M
80451,Mihajlo Miti,M
80483,Branislav Mitrovi,M
80485,Stefan Mitrovi,M
80486,Biljana Mitrovi-Topi,F
81092,Nikolina Moldovan,F
81094,Olivera Moldovan,F
83253,Marina Munan,F
84245,Miroslava Najdanovski,F
84872,Antonija Na,F
85029,Nemanja Nedovi,M
85249,Viktor Neme,M
86190,Ivan Nikevi,M
86193,Milo Niki,M
86194,Slobodan Niki,M
86268,Jelena Nikoli,F
87123,Marko Novakovi,M
88185,Maja Ognjenovi,F
90547,Danielle Nicole Page,F
90628,Dejan Paji,M
93991,Vlado Petkovi,M
94165,Sonja Petrovi,F
94824,Duko Pijetlovi,M
94825,Gojko Pijetlovi,M
95464,Stevan Pletikosi,M
95626,Marko Podraanin,M
96211,Silvija Popovi,F
97082,Andrija Prlainovi,M
97123,Rajko Prodanovi,M
98178,Tamara Radoaj,F
98227,Miroslav Raduljica,M
98909,Sava Ranelovi,M
98981,Milan Rai,M
98982,Milena Rai,F
99336,Nikola Raen,M
101033,Milan Risti,M
101035,Anelko Ristievi,M
101210,Momir Rni,M
102637,Nikola Rosi,M
103735,Dalma Ruii-Benedek,F
104641,Tamara Salaki,F
105696,Aleksa aponji,M
106187,Vladimir Savanovi,M
108118,Milenko Sebi,M
108383,Jasna ekari (Brajkovi-),F
108945,arko eum,M
110429,aba Silai,M
110461,Radovan Siljevski,M
110838,Katarina Saa Simonovi,F
110840,Marko Simonovi,M
111972,Andrija ljuki,M
113674,Ivana panovi,F
114322,Darko Stani,M
114346,Dragan Stankovi,M
114347,Dragana Stankovi,F
114348,Ivan Stankovi,M
114445,Milica Starovi,F
114446,Sanja Starovi,F
114447,Saa Starovi,M
114644,Davor tefanek,M
114679,Milutin Stefanovi,M
115059,Jovana Stevanovi,F
115119,Ivan Stevi,M
115246,Vladimir timac,M
115279,Velimir Stjepanovi,M
115389,Nikola Stoji,M
116130,Ana Suboti,F
119198,Milo Teodosi,M
119341,Amela Terzi,F
119343,Dejan Terzi,M
120237,Marta Tibor,F
120470,Janko Tipsarevi,M
120888,Dragana Tomaevi,F
120935,Marko Tomievi,M
121106,Dragutin Topi,M
121338,Vladimir Torubarov,M
121362,Alem Toski,M
122001,Viktor Troicki,M
123097,Vanja (Franjo-) Udovii,M
125384,Milo Vasi,M
125775,Bobana Velikovi,F
125792,Stefana Veljkovi,F
126200,Jovana Vesovi,F
127671,Nenad Vukovi,M
127693,Marko Vujin,M
127715,Miljan Vukovi,M
135043,Nenad Zimonji,M
135127,Darko ivanovi,M
135132,Bojana ivkovi,F
135156,Andrija Zlati,M
135245,Milenko Zori,M
2571,J'maal Alexander,M
46140,Tahesia Gaynell Harrigan-Scott,F
47738,Eldred Henry,M
58560,Ashley Kelly,F
94449,Elinah Amani Phillip,F
5955,Marlon August-Accio,M
17556,Chakyl Pfiffer Camal,M
19619,Mussa Chamaune,M
23511,Kurt Leonel da Rocha Couto,M
70927,Joaquim Lobo,M
74691,Juliano Fernando Gento Mquina,M
80863,Igor Araujo Mogne,M
91054,Silvia Eduardo Panguana,F
110332,Neuso Sigauque,M
113185,Jannah Sonnenschein,F
126425,Jessica Teixeira Vieira,F
21961,"Laurent Clayton, Jr.",M
44979,Muhammad Taqiy Halim,M
47759,Tabarie Joil Henry,M
55690,LaVerne Janet Jones-Ferrette,F
71758,Eddie Jermoni Lovett,M
93778,Allison Pauline Peter,F
102168,"Mayumi ""Mimi"" Roller",F
119896,Cy Thompson,M
122577,Rexford Tullius,M
128957,Caylee Watson,F
130047,Branden Whitehurst,M
13769,Branger Aymard Bosse,M
14008,David Sylvre Patrick Boui,M
57226,Seulki Kang,F
74320,Elisabeth Victoire Mandaba,F
77207,Francky-Edgard Mbotto,M
77209,Judith Mbougnade,F
84647,Christian Nassif Djidagui,M
106310,Chlo Marie Hlne Savourel,F
118555,Sylvie Datty-Ngonga Tara-Agoue,F
2683,Kame Ali,M
98053,Aina Estellah Rabetsara,F
98522,Harinelina Nathalia Rakotondramanana,F
98535,Anthonny Sitraka Ralefy,M
98595,Mamitina Ramantsoa Tsilavinal,M
99106,Asaramanitra Ratiarison,F
99129,Manantsara Fetra Nantenaina Ratsimiziva,M
99230,Elisa Vania Ravololoniaina,F
104323,Marie Eliane Saholinirina,F
112976,Josiane Patricia Soloniaina,F
2726,Hamza Ali,M
8446,Mirza Bai,M
19349,Mihajlo eprkalo,M
19376,Larisa Ceri,F
28015,Tatjana ekanovi,F
31155,Damir Dumhur,M
34367,Nedad Fazlija,M
44852,Ensar Hajder,M
56749,Amina Kajtaz,F
60393,Lucia Mwahiki Kimani-Mareti,F
78351,Amel Meki,M
79025,Kemal Mei,M
86454,Ivana Ninkovi,F
94316,Mesud Pezer,M
122554,Amel Tuka,M
5818,Amy Atkinson,F
12177,"Ricardo Blas, Jr.",M
30407,Christopher Judemesa Duenas,M
30685,Maria McQueen Dunn,F
50049,Derek Horton,M
51905,"Joshua ""Josh"" Ilustre",M
71141,"Peter Lombard, II",M
74329,Derek Mandell,M
107644,Benjamin Schulte,M
109788,Pilar Shimizu,F
122532,Regine Tugade,F
2803,Florence Allan,F
16918,Geoffrey Butler,M
16926,Lara Butler,F
36211,Ronald Joseph Forbes,M
36839,Brett Micheal Fraser,M
36861,Shaune David Fraser,M
51441,Kemar Dwain Hyman,M
7156,Boris Bal,M
7159,Barbora Balov,F
8234,Danka Bartekov,F
8603,Milo Btovsk,M
10259,Matej Beu,M
10351,Katarna Bereov,F
15973,Mat Bubenik,M
24523,Mria Czakov,F
24747,Nada Daabousov,F
30511,Jana Duktov,F
34089,Vincent Farka,M
34209,Monika Fasungova,F
35377,Katarna Filov,F
38054,Mria Glikov,F
39417,Peter Gelle,M
41395,Jozef Gnci,M
42894,Jakub Grigar,M
44686,ubomr Hagara,M
45862,Daniela Hantuchov,F
49005,Pavol Hochschorner,M
49006,Peter Hochschorner,M
49673,Mria Homolov,F
50452,Martina Hranov-Daniov,F
50482,Lucia Hrivnk Klocov,F
53699,Martin Jankovec,M
56500,Michal Kabelka,M
61320,Martin Klian,M
61326,Tom Klobunk,M
61418,Ivana Kmeov,F
61998,Martina Kohlov,F
62681,Pavol Kopp,M
63363,Marin Kovacy,M
63679,Marek Krajovi,M
64417,Ondrej Kruel,M
64566,Martin Kuera,M
64609,Anton Kumn,M
65645,Jana Labthov,F
65746,Luk Lacko,M
70331,Tibor Linka,M
70490,Katarna Listopadov,F
71167,Marcel Lomnick,M
71239,Alexandra Longov,F
73741,Duan Majdn,M
75508,Michal Martikn,M
75520,Andrej Martin,M
81064,Barbora Mokoov,F
83934,Denis Myk,M
84187,Richard Nagy,M
84756,Dominika Navara Cibulkov,F
88029,Eva dorov,F
93733,Daniela Pekov,F
94558,Samuel Piaseck,M
97643,Iveta Putalov,F
98833,Milan Randl,M
100045,Jozef Repk,M
104252,Peter Sagan,M
107168,Anna Karolna Schmiedlov,F
111586,Ladislav kantr,M
111587,Peter kantr,M
112472,Denisa Smolenov,F
114694,Zuzana tefeekov,F
115120,Janka tevkov,F
117224,Miroslava Syllabov,F
118645,Juraj Tarr,M
119373,Martin Teovi,M
120530,Martin Tian,M
121412,Matej Tth,M
122885,Juraj Tuinsk,M
122930,Patrik Tybor,M
125249,Erik Varga,M
125264,Richard Varga,M
125743,Dana Velkov,F
125744,Jana Velkov,F
126993,Erik Vlek,M
128621,Yang Wang,M
134269,Igor Zelenay,M
2932,Bradley Kevin Ally,M
9244,Kierre Beckles,F
9677,Tia-Adana Belle,F
14732,Ryan Brathwaite,M
14733,Shane Brathwaite,M
17183,Lani Rose Cabrera,F
17236,Levi Asher Cadogan,M
32357,Burkheart Ellis Jr.,M
40610,Ramon Gittens,M
55606,Akela Jones,F
60475,Darian King,M
76120,Michael John Maskell,M
76916,Kyle Maxwell,M
112635,Alex Sobers,M
117142,Greggmar Orial Swift,M
130839,Jason Wilson,M
15966,Bedopassa Buassat Djonde,M
24705,Holder Ocante da Silva,M
52091,Jessica Inchude,F
69924,Taciana Rezende de Lima Bald,F
75894,Graciela Martins,F
78634,Jacira Francisco Mendonca,F
79470,Augusto Midana,M
17160,Francelina Cabral,F
75905,Nelia Martins,F
84504,Juventina Napoleao,F
112611,Augusto Ramos Soares,M
57127,Batrice Alice Kamuchanga,F
58344,Cedric Mandembo Kebika,M
58473,Rosa Keleku Lukusa,F
64790,Rodrick Kuku Ndongala,M
73901,Kamongwa Salukombo Makorobondo,M
83819,Meji Mwanba,M
105480,Chancel Ilunga Sankuru,F
134078,Ilunga Zatara Mande,M
3352,Mal Ambonguilat,M
5888,Pierre-Emerick Emiliano Aubameyang,M
11611,Wilfried Bingangoye,M
14168,Cdric Boussoughou Mabikou,M
28644,Muller Dinda Kambambela,M
32690,Franck Steeven Engonga Obame,M
59543,Paul Kibikai,M
63289,Audrey Koumba Imanda,F
68624,"Braexir ""Romo"" Lemboumba",M
73216,Lvy Clment Madinda,M
77102,Sarah Myriam Mazouz,F
77200,Samson Mbingui,M
79180,Axel My Me Ndong,M
80464,Yannick Audry Mitoumba Mbemy,M
84906,Alexander N'Doumbou,M
84938,Emmanuel Regis Ndong Mba,M
84939,Henri Junior Ndong Ngaleu,M
86817,Allen Dorian Nono,M
87582,Stvy Guevane Nzamb,M
87690,Anthony Obame Mylann,M
87783,Landry Jerry Obiang Obiang,M
90199,Didier Janvier Ovono Ebang,M
118399,Merlin Koumba Abdoulaye Tandjigora,M
133940,Perennes Paulette Ruddy Zang-Milama,F
43683,Emanuele Guidi,M
93441,Alessandra Perilli,F
93442,Arianna Perilli,F
96892,Martina Pretelli,F
102749,Eugenio Rossi,M
108498,Stefano Selva,M
120437,Clelia Tini,F
16137,Siri Arun Budcharern,F
52227,Phathana Inthavong,M
52228,Santisouk Inthavong,M
94523,Ariya Phounsavath,M
94524,Laenly Phoutthavong,F
111346,Kilakone Siphonexay,M
111438,Soukphaxay Sithisane,M
3512,Nijel Carlos Amilfitano Amos,M
13855,Christine Botlogetswe,F
54211,Lydia Casey Jele (Mashila-),F
73939,Isaac Makwala,M
74679,Gaone Leaname Maotoanong,M
76107,Boitumelo Masilo,M
80864,Gavin Mogopa,M
81591,Amantle Montsho,F
86636,Onkabetse Tolly Nkobolo,M
89949,Oteng Oteng,M
103328,Naomi Ruele,F
110138,Karabo Sibanda,M
119537,Baboloki Thebe,M
124350,David van der Colff,M
3515,Paulo Amotun Lokoro,M
4379,Rami Anis,M
11364,Yiech Pur Biel,M
16287,Mabika Yolande Bukasa,F
20693,James Nyang Chiengjiek,M
60444,Yonas Kinde,M
71067,Anjelina Nadai Lohalith,F
71113,Rose Nathike Lokonyen,F
74902,Yusra Mardini,F
80325,Popole Misenga,M
3566,An Ba-Ul,M
3569,An Byeong-Hun,M
3572,An Chang-Rim,M
3584,An Hyo-Ju,F
3596,An Se-Hyeon,F
3600,An Seul-Ki,F
6720,Bae Yeon-Ju,F
6721,Bae Yoo-Na,F
6727,Baek Ee-Seul,F
6729,Baek Il-Ju,F
6736,Baek Seong-Dong,M
6739,Baek Su-Yeon,F
6740,Baek Won-Cheol,M
6983,Bak Ji-Yun,F
17049,Byeon Yeong-Jun,M
19497,Cha Jong-Bok,M
19501,Cha Se-Na,F
19760,Chang Hye-Jin,F
19788,Chang Ye-Na,F
20393,Cheon Eun-Bi,F
20400,Cheon Seul-Gi,F
20923,Cho Gu-Ham,M
20924,Cho Gwang-Hee,M
20927,Cho Hye-Jin,F
20956,Choe Byeong-Kwang,M
20978,Choi Byeong-Cheol,M
20996,Choi Eun-Sook,F
21002,Choi Gwang-Hyeon,M
21008,Choi Gyu-Jin,M
21009,Choi Gyu-Wung,M
21014,Choi Hye-Ra,F
21018,Choi Hyeon-Ju,F
21020,Choi Im-Jeong,F
21023,Choi In-Jeong,F
21037,Choi Kyu-Baek,M
21042,Choi Mi-Sun,F
21044,Choi Min-Kyu,M
21064,Choi Seung-Wu,M
21068,Choi Su-Min,F
21082,Choi Yeong-Rae,M
21092,Choi Yun-Hui,F
21424,Chun In-Gee,F
25170,Dang Ye-Seo,F
32755,Eom Hyo-Won,M
32757,Eom Ji-Eun,F
38328,Gang Ji-Eun,F
38338,Gang Mun-Gwon,M
38339,Gang Mun-Gyu,M
40060,Gi Seong-Yong,M
40882,Go Gyeong-Su,M
40891,Go Seong-Hyeon,M
43412,Gu Bon-Gil,M
43418,Gu Ja-Cheol,M
43429,Gu Sung-Yun,M
44313,Gwak Dong-Han,M
44327,Gwon Han-Na,F
44418,Ha Jae-Min,M
44419,Ha Jeong-Eun,F
44423,Ha Jun-Im,F
45159,Ham Chan-Mi,F
45164,Ham Sang-Myeong,M
45439,Han Hye-Ryeong,F
45451,Han Jin-Seop,M
45465,Han Myeong-Mok,M
45469,Han Na-Gyeong,F
45481,Han Seung-Woo,M
45484,Han Song-I,F
45486,Han Sun-Cheol,M
45497,Han Yu-Mi,F
47803,Heo Jun,M
47804,Heo Min-Ho,M
47806,Heo Seon-Mi,F
49714,Hong Eun-Seong,M
49748,Hong Yoo-Jin,F
51369,Hwang Gyeong-Seon,F
51373,Hwang Hee-Chan,M
51376,Hwang Hui-Tae,M
51389,Hwang Seo-Na,F
51390,Hwang Seok-Ho,M
51391,Hwang Seon-Geun,F
51399,Hwang Wu-Jin,M
51401,Hwang Ye-Seul,F
51402,Hwang Yeon-Ju,F
51420,Hyeon Hye-Seong,M
51934,Im Chae-Bin,M
51938,Im Deok-Jun,M
51942,Im Dong-Hyeon,M
51948,Im Gyeong-Hui,F
51959,Im Hyo-Suk,F
51966,Im Jeong-Hyeon,M
51970,Im Ji-Hye,F
53025,Ja Dong-Min,M
53614,Jang Geum-Young,F
53616,Jang Gyu-Cheol,M
53617,Jang Hee-Sun,F
53622,Jang Hyun-Soo,M
53631,Jang Jong-Hyeon,M
53634,Jang Mi-Ran,F
53640,Jang Seon-Jae,M
53644,Jang Sin-Gwon,M
53648,Jang Su-Ji,F
54482,Jeon Hui-Suk,F
54488,Jeon Ji-Hee,F
54495,Jeon Sang-Gyun,M
54499,Jeon Yeong-Eun,F
54501,Jeon Yu-Mi,F
54503,Jeong Bo-Kyeong,F
54509,Jeong Da-Rae,F
54510,Jeong Da-Wun,F
54513,Jeong Dae-Yeong,F
54524,Jeong Gil-Ok,F
54529,Jeong Gyeong-Eun,F
54533,Jeong Gyeong-Mi,F
54536,Jeong Han,M
54540,Jeong Hye-Rim,F
54541,Jeong Hyo-Jeong,F
54547,Jeong Jae-Seong,M
54551,Jeong Jeong-Yeon,F
54552,Jeong Ji-Geun,M
54553,Jeong Ji-Hae,F
54554,Jeong Ji-Hyeon,M
54556,Jeong Jin-Hwa,M
54557,Jeong Jin-Hyeok,M
54558,Jeong Jin-Seon,M
54564,Jeong Mi-Ra,F
54577,Jeong Sang-Jin,M
54583,Jeong Seong-Ryong,M
54591,Jeong Su-Yeong,M
54597,Jeong U-Yeong,M
54598,Jeong Ui-Gyeong,M
54601,Jeong Won-Yong,M
54605,Jeong Yu-Ra,F
54606,Jeong Yun-Hui,F
54608,Jeoung Young-Sik,M
54734,Ji Dong-Won,M
54738,Ji Hun-Min,M
54882,Jin Jong-O,M
54968,Jo Ho-Seong,M
54974,Jo Hyo-Bi,F
54988,Jo Jun-Ho,M
54999,Jo Seong-Min,M
55010,Jo Yong-Seong,M
56151,Ju Hui,F
56159,Ju Se-Hyeok,M
56279,Jun Woong-Tae,M
56301,Jung Seung-Hwa,M
56302,Jung Seung-Hyun,M
57218,Kang Dong-Jin,M
57221,Kang Min-Su,M
57230,Kang Young-Mi,F
59520,Ki Bo-Bae,F
59761,Kim Bo-Gyeong,M
59762,Kim Bo-Mi,F
59779,Kim Bub-Min,M
59782,Kim Byeong-Hui,F
59787,Kim Cha-Yeon,F
59792,Kim Chang-Ju,M
59795,Kim Chang-Su,M
59826,Kim Da-Rae,F
59828,Kim Dae-Ung,M
59830,Kim Deok-Hyeon,M
59847,Kim Dong-Jun,M
59849,Kim Dong-Seon,M
59852,Kim Dong-Yeong,M
59853,Kim Dong-Yong,M
59859,Kim Eun-Hye,F
59866,Kim Ga-Eul,F
59875,Kim Gi-Hui,M
59878,Kim Gi-Jung,M
59889,Kim Gwan-Uk,M
59910,Kim Gyeong-A,F
59913,Kim Gyeong-Ae,F
59918,Kim Gyeong-Ok,F
59927,Kim Ha-Na,F
59933,Kim Hae-Ran,F
59937,Kim Hak-Man,M
59938,Kim Han-Sol,M
59950,Kim Hui-Hun,M
59952,Kim Hui-Jin,F
59956,Kim Hwa-Seung,M
59965,Kim Hye-Jin,F
59977,Kim Hyeon-Jun,M
59980,Kim Hyeon-Seong,M
59981,Kim Hyeon-Seop,M
59984,Kim Hyeon-Wu,M
59989,Kim Hyeong-Ju,F
59998,Kim Hyun-Ji,F
60013,Kim Jae-Beom,M
60021,Kim Jan-Di,F
60022,Kim Jang-Mi,F
60028,Kim Jeong-Hwan,M
60036,Kim Jeong-Sim,F
60041,Kim Ji-Hoon,M
60042,Kim Ji-Hun,M
60047,Kim Ji-Yeon,F
60049,Kim Jin-Cheol,M
60054,Kim Jin-Hyeok,M
60067,Kim Jin-Yi,F
60074,Kim Jong-Eun,F
60077,Kim Jong-Hee,F
60080,Kim Jong-Hyeon,M
60100,Kim Jun-Hong,M
60112,Kim Kuk-Young,M
60146,Kim Min-Jae,M
60147,Kim Min-Jeong,F
60149,Kim Min-Jeong,F
60151,Kim Min-Jung,F
60154,Kim Min-Tae,M
60163,Kim Myeong-Sin,F
60174,Kim Na-Yeong,F
60184,Kim Ok-Cheol,M
60187,Kim Ok-Ju,F
60191,Kim On-A,F
60194,Kim Sa-Ni,F
60195,Kim Sa-Rang,M
60210,Kim Sei-Young,F
60211,Kim Seo-Yeong,F
60224,Kim Seong-Eun,F
60232,Kim Seong-Min,M
60236,Kim Seong-Yeon,F
60241,Kim Seung-Il,M
60247,Kim So-Hui,F
60250,Kim Sol-Ji,F
60270,Kim Su-Ji,F
60271,Kim Su-Ji,F
60273,Kim Su-Myeon,M
60279,Kim Sun-Woo,F
60284,Kim Tae-Hun,M
60309,Kim Won-Jin,M
60313,Kim Woo-Jin,M
60316,Kim Ye-Ji,F
60320,Kim Yeon-Gyeong,F
60328,Kim Yeong-Gwon,M
60337,Kim Yeong-Jin,M
60345,Kim Yeong-Ran,F
60374,Kim Yu-Seok,M
64487,Ku Bon-Chan,M
65470,Kwak Jung-Hye,F
65509,Kwon Chang-Hoon,M
65510,Kwon Jun-Cheol,M
67782,Lee Beom-Yeong,M
67800,Lee Chan-Dong,M
67805,Lee Chang-Min,M
67807,Lee Chang-Wu,M
67829,Lee Da-Seul,F
67831,Lee Dae-Hun,M
67832,Lee Dae-Myeong,M
67843,Lee Dong-Keun,M
67847,Lee Du-Haeng,M
67852,Lee Eun-Bi,F
67861,Lee Eun-Ji,F
67862,Lee Eun-Ju,F
67939,Lee Hui-Sol,F
67945,Lee Hye-Jin,F
67947,Lee Hyeon-Il,M
67957,Lee Hyo-Hee,F
67970,Lee In-Jong,F
67984,Lee Jae-Wu,M
67985,Lee Jae-Yeong,F
67989,Lee Jeong-Eun,F
68035,Lee Jung-Baik,M
68044,Lee Kye-Rim,F
68055,Lee Mi-Gyeong,F
68063,Lee Min-Hye,F
68069,Lee Myeong-Ho,M
68079,Lee Nam-Yong,M
68085,Lee Ra-Jin,F
68107,Lee Sang-Su,M
68109,Lee Sang-Wook,M
68113,Lee Se-Yeol,M
68124,Lee Seon-Ok,F
68132,Lee Seong-Jin,F
68134,Lee Seul-Chan,M
68136,Lee Seung-Cheol,M
68143,Lee Seung-Il,M
68145,Lee Seung-Su,M
68149,Lee Seung-Yun,M
68155,Lee So-Hee,F
68161,Lee Suk-Ja,F
68169,Lee Tae-Hun,M
68209,Lee Yong-Dae,M
68215,Lee Young-Sil,F
81623,Moon Chang-Jin,M
83225,Mun Gyeong-Ha,F
83243,Mun Yeong-Hui,F
83245,Mun Yu-Ra,F
83961,Na A-Reum,F
83968,Na Yun-Gyeong,F
84428,Nam Hyeon-Hui,F
84429,Nam Hyeon-Wu,M
84430,Nam Ji-Yeon,F
84438,Nam Tae-Hui,M
84440,Nam Yeong-Sin,F
84441,Nam Yu-Seon,F
87595,O Dae-Geun,M
87596,O Eun-Seok,M
87604,O Jae-Seok,M
87611,O Sang-Eun,M
88236,Oh Ha-Na,F
88237,Oh Hye-Ri,F
88239,Oh Jin-Hyek,M
88243,Oh Yeong-Ran,F
91458,Park Chan-Yeong,M
91464,Park Chil-Seong,M
91482,Park Geon-Wu,M
91483,Park Geon-Wu,M
91488,Park Gi-Ju,F
91495,Park Gyeong-Du,M
91500,Park Gyeong-Seok,M
91505,Park Hae-Mi,F
91507,Park Han-Woong,M
91516,Park Hyeon-Ha,F
91517,Park Hyeon-Seon,F
91519,Park Hyeong-Ju,M
91521,Park In-Bee,F
91531,Park Jeong-Ah,F
91540,Park Ji-Ho,M
91547,Park Jin-Young,F
91557,Park Jong-Wu,M
91560,Park Ju-Yeong,M
91561,Park Jung-Gyu,M
91566,Park Mi-Hyeon,F
91568,Park Mi-Ra,F
91570,Park Mi-Yeong,F
91573,Park Min-Soo,M
91580,Park Sang-Hoon,M
91583,Park Sang-Young,M
91589,Park Seon-Gwan,M
91590,Park Seon-Ho,M
91591,Park Seon-Mi,F
91592,Park Seong-Baek,M
91604,Park Seung-A,F
91620,Park Tae-Hwan,M
91638,Park Yong-Woo,M
103909,Ryu Han-Su,M
103914,Ryu Seung-Woo,M
103936,Sa Jae-Hyeok,M
108698,Seo Ji-Yeon,F
108699,Seo Jong-Ho,M
108700,Seo Joon-Yong,M
108702,Seo Jung-Eun,F
108718,Seok Ha-Jeong,F
108728,Seong Ji-Hyeon,F
109757,Shim Jung-Sub,M
109810,Shin Dong-Hyen,M
109817,Shin Seung-Chan,F
110605,Sim Hae-In,F
110613,Sim Sang-Min,M
110915,Sin A-Lam,F
110932,Sin Jong-Hun,M
113068,Son Heung-Min,M
113072,Son Je-Yong,M
113080,Son Myeong-Jun,M
113086,Son Wan-Ho,M
113088,Son Yeon-Jae,F
113090,Son Young-Hee,F
113109,Song Dae-Nam,M
113117,Song Hai-Rim,F
116246,Suh Hyo-Won,F
116282,Suk Hyun-Jun,M
128446,Wang Gi-Chun,M
128475,Wang Jeung-Hun,M
131402,Won Jeong-Sik,M
131405,Won Wu-Yeong,M
131406,Won Young-Jun,M
131455,Woo Ha-Ram,M
131457,Woo Sang-Hyeok,M
131816,Wu Seon-Hui,F
132465,"Hee-Young ""Amy"" Yang",F
132484,Yang Eun-Hye,F
132493,Yang Hae-Un,F
132494,Yang Hak-Seon,M
132507,Yang Hyo-Jin,F
132542,Yang Su-Jin,F
132859,Yeo Wun-Gon,M
132920,Yeum Hye-Seon,F
133077,Yoo Hyun-Ji,F
133079,Yoon Ji-Su,F
133080,Yoon Jin-Hee,F
133301,Yu Dong-Geun,M
133302,Yu Dong-Ju,M
133303,Yu Eun-Hui,F
133322,Yu Hyo-Sik,M
133363,Yu Seung-Min,M
133367,Yu So-Jeong,F
133375,Yu Won-Cheol,M
133384,Yu Yeon-Seong,M
133463,Yun Gyeong-Sin,M
133477,Yun Jun-Sik,M
133486,Yun Seok-Yeong,M
133488,Yun Seong-Hun,M
133489,Yun Seung-Hyun,M
19700,Chan Seyha,F
21179,Chov Sotheara,F
47508,Hem Thon Ponloeu,M
47509,Hem Thon Vitiny,F
59363,Khom Ratanakmony,M
59623,Kieng Samorn,M
72579,Nary Ly,F
96525,Sovijja Pou,M
113260,Sorn Davin,F
113261,Sorn Seavmey,F
118061,Kuniaki Takizaki,M
3593,An Kum-Ae,F
20957,Choe Hyo-Sim,F
20959,Choe Jon-Wi,M
20963,Choe Mi-Gyong,F
20968,Choe Un-Gyong,F
20969,Choe Un-Ju,F
20971,Choe Yong-Sim,F
45461,Han Kum-Ok,F
49724,Hong Kuk-Hyon,M
49742,Hong Un-Jong,F
53619,Jang Hyang-Mi,F
53647,Jang Song-Man,M
55012,Jo Yong-Suk,F
55014,Jo Yun-Mi,F
55586,Jon Kyong-Hui,F
55588,Jon Myong-Hwa,F
55763,Jong Chun-Mi,F
55767,Jong Myong-Suk,F
55772,Jong Yon-Hui,F
57227,Kang Un-Ju,F
59824,Kim Chung-Sim,F
59964,Kim Hye-Gyong,F
59967,Kim Hye-Song,F
59968,Kim Hye-Song,F
59993,Kim Hyok-Bong,M
59994,Kim Hyon-Gyong,F
60057,Kim Jin-Ok,F
60069,Kim Jong,F
60089,Kim Jong-Su,M
60110,Kim Kuk-Hyang,F
60111,Kim Kuk-Hyang,F
60113,Kim Kum-Ok,F
60114,Kim Kum-Sok,M
60116,Kim Kwang-Hyok,M
60126,Kim Mi-Gyong,F
60136,Kim Mi-Rae,F
60165,Kim Myong-Gum,F
60168,Kim Myong-Hyok,M
60176,Kim Nam-Hui,F
60251,Kim Sol-Mi,F
60253,Kim Song-Guk,M
60256,Kim Song-Hui,F
60258,Kim Song-I,F
60260,Kim Song-Nam,M
60268,Kim Su-Gyong,F
60297,Kim Un-Guk,M
60298,Kim Un-Hyang,F
60299,Kim Un-Hyang,F
65513,Kwon Un-Sil,F
65515,Kwon Yong-Gwang,M
87591,O Chang-Ran,F
87601,O Hui-Sun,F
89040,Om Yun-Chol,M
90642,Pak Chol,M
90651,Pak Jong-Chol,M
90660,Pak Song-Chol,M
91635,Park Yong-Hui,F
96019,Pong Son-Hwa,F
100338,Ri Hyun-Ju,M
100340,Ri Jong-Myong,M
100347,Ri Mi-Gyong,F
100348,Ri Myong-Sun,F
100351,Ri Se-Gwang,M
100359,Ri Ye-Gyong,F
100873,Rim Jong-Sim,F
101213,Ro Chol-Ok,F
103809,Ryang Chun-Hwa,F
110918,Sin Chol-Bom,M
112837,Sol Kyong,F
132521,Yang Kyong-Il,M
133468,Yun Hyon-Hui,F
133490,Yun Song-Mi,F
133493,Yun Won-Chol,M
35473,Sharon Firisua,F
65473,Pauline Kwalea,F
71168,Tony Lomo,M
111336,Rosefelo Siosi,M
128024,Chris Meke Walasi,M
130984,Jenly Tego Wini,F
6375,Abdoulaye Ba,M
6688,Ndiss Kaba Badji,M
6689,Stphane Diarra Badji,M
7207,Ibrahima Bald,M
14122,Jean-Pierre Renan Bourhis,M
14215,Alexandre Bouzaid,M
21694,Saliou Ciss,M
27437,Moussa Dembele,M
28170,Mohamed Diam,M
28182,Maimouna Diarra,F
28208,Adama Diatta,M
28410,Bineta Didhiou,F
28412,Hortence Didhiou,F
28427,Bintou Dim,F
28436,Fatou Dieng,F
28487,Balla Diye,M
28720,Mame Diodio Diouf,F
33901,Ada Fall,F
33909,Malick Fall,M
34338,Mareme Faye,F
43641,Idrissa Gana Gueye,M
43643,Magaye Serigne Falilou Dit Nelson Gueye,M
43645,Ndiatte Gueye,M
43647,Papa Gueye,M
62374,Pape Moussa Konat,M
63335,Cheikhou Kouyat,M
74378,Ousmane Man,M
74379,Sadio Man,M
77202,Serigne Modou Kara Mbodj,M
84925,Amadou Ndiaye,M
84926,Awa Ly Ndiaye,F
84927,Malal Ndiaye,M
85772,Abdoul Khadre Mbaye Niane,M
102542,Marie-Sadio Beatrice Rosch,F
104964,Isabelle Sambou,F
108144,Ibrahima Khaliloulah Seck,M
108601,Amy Sne,F
113395,Pape Ndiaye Souar,M
113437,Ndye Fatou Seck Souma,F
117177,Mame-Marie Sy-Diop,F
119629,Amy Mback Thiam,F
119632,Oumoul Khairy Thiam,F
121482,Oumou Kalsoum Tour,F
121484,Zargo Tour,M
121679,Astou Traor,F
121680,Aya Traor,F
128397,Lala Wane,F
132895,Kalidou Coulibaly Yero,M
4041,Jordin Andrade,M
4044,Maria Andrade Teixeira,F
12441,Elyane Eullia Alfama Duarte Freire de Andrade Boal,F
71307,Lidiane Lopes,F
81363,Adysngela Moniz,F
81751,Davilson dos Santos Morais,M
105123,Ruben Pascal Nascimento Sana,M
4598,Jitka Antoov,F
4599,Lenka Antoov,F
6406,Jaroslav Bba,M
7348,Michal Balner,M
8221,Jan Brta,M
8225,Lenka Bartkov,F
8336,Jitka Bartonikov,F
8337,Kateina Bartoov,F
8803,Simona Baumrtov,F
10039,Petr Bene,M
10279,Ji Beran,M
10322,Tom Berdych,M
10548,Zuzana Bergrov,F
10718,Soa Bernardov,F
15753,Milan Bruncvk,M
16574,Ilona Burgrov,F
17215,Kateina Cachov,F
18048,Tereza apkov,F
19250,Kateina echov,F
19313,Jan elstka,M
19474,Petra Cetkovsk,F
20899,Zdenk Chldek,M
20949,Petra Chocov,F
21173,Alexander Choupenitch,M
21613,Ondej Cink,M
28178,Natlie Dianov,F
29627,Josef Dostl,M
29898,Aneka Drahotov,F
30442,Albta Dufkov,F
30990,Filip Dvok,M
32262,Kateina Elhotov,F
35774,Kristna Fleissnerov,F
37238,Vendula Frintov,F
37378,Petr Frydrych,M
37379,Zita Frydrychov,F
37548,Martin Fuksa,M
39253,Luk Gdula,M
39271,Vtzslav Gebas,M
44584,Dana Hadaov,F
44857,Lenka Hjekov,F
45196,Vclav Haman,M
45866,Alena Hanuov,F
45867,Kateina Hanuov-Nash,F
45874,Adla Hanzlkov,F
46710,Daniel Havel,M
47358,Zuzana Hejnov,F
47379,Adam Sebastian Helcelet,M
47392,Luk Heleic,M
47942,Barbora Hermannov,F
48549,tpnka Hilgertov (Prokov-),F
48893,Aneta Hladkov,F
48902,Andrea Hlavkov,F
49616,Jakub Holua,M
49887,Hana Horkov-Machov,F
50097,Michal Horvth,M
50439,Lucie Hradeck,F
50445,Vavinec Hradlek,M
50496,Michaela Hrub,F
51428,Lenka Hykov-Marukov,F
53345,Libue Jahodov,F
53568,Lubomr Janak,M
53589,Pavel Janeek,M
54678,David Jessen,M
54720,Jaromr Jeek,M
54722,Stanislav Jeek,M
56409,Radek Juka,M
57885,Jon Kapar,M
58479,Pavel Kelemen,M
61040,Maty Klang,M
61043,Hana Klapalov,F
61254,Jarmila Klimeov,F
61368,Elika Kluinov,F
61857,Barbora Kodedov,F
62255,Kristna Kolocov,F
62421,Martin Konen,M
62459,Leopold Knig,M
62643,Ji Kop,M
63091,David Kosteleck,M
63277,Petr Koukal,M
63278,Klra Koukalov-Zakopalov,F
63558,Veronika Kozelsk-Fenclov,F
63952,Jan Kreisinger,M
64015,Roman Kreuziger,M
64292,Luk Krplek,M
64502,Pemysl Kubala,M
64628,Kateina Kudjov,F
64638,Jan Kudlika,M
64674,Jan Kuf,M
64831,Jaroslav Kulhav,M
64833,Petra Kulichov,F
65144,Kateina Krkov-Emmons,F
65461,Petra Kvitov,F
65677,Romana Labounkov,F
67224,Karel Lavick,M
70434,Ji Liptk,M
72084,Kristina Ludkov-Gavnholt,F
73647,Michal Maier,M
73945,Romana Malov,F
74941,Oldika Mareov,F
76125,Pavel Maslk,M
76141,Lenka Masn,F
76375,Hana Matelov,F
77123,Nikola Mazurov,F
78432,Luk Melich,M
79454,Jan Micka,M
81841,Martina Moravkov,F
83672,Jaromr Musil,M
85315,Filip Nepejchal,M
87187,Roman Novotn,M
89528,Ji Orsg,M
90752,Kristna Paleov,F
92552,Jana Pechanov,F
92582,Tereza Peckov,F
92805,Lucie Pelantov,F
94064,Pavel Petikov,M
95596,Martin Podhrsk,M
95627,Jakub Podrazil,M
95855,Ondej Polvka,M
96390,Vra Pospilov-Cechlov,F
97163,Dmitrij Prokopcov,M
97202,Josef Prorok,M
97262,Ji Prskavec,M
97361,Jiina Ptnkov (-Svobodov-),F
98184,Jaroslav Rado,M
102669,Luk Rosol,M
104216,Lucie afov,F
104239,Kateina afrnkov,F
106494,Denisa erbova-Rosolov,F
108127,Roman ebrle,M
108212,Barbora Seemanov,F
108415,Ivana Sekyrov (Rubsov-),F
110978,Marek indler,M
111605,Jan karnitzl,M
111805,Lucie krobkova-Martincov,F
112006,Markta Slukov,F
113821,Denis pika,M
113854,Klra Spilkov,F
113946,Barbora potkov,F
114298,Tom Stank,M
114946,Ondej tpnek,M
114947,Radek tpnek,M
115008,Jan trba,M
115791,Martin Strnad,M
115895,Barbora Strcov (-Zhlavov),F
116036,Zdenk tybar,M
116846,Filip vb,M
116869,Pemysl varc,M
116884,Lucie Svcen,F
117012,David Svoboda,M
117025,Petr Svoboda,M
117185,Jan Sychra,M
117212,Ji Skora,M
117221,Adla Skorov-Bruns,F
117258,Ondej Synek,M
119212,Viktor Tepl,M
120924,Jakub Tomeek,M
121109,"Miroslava ""Mirka"" Topinkov Knapkov",F
121768,Luk Trefil,M
123714,Iveta Vacenovsk,F
123746,Jakub Vadlejch,M
123831,Petr Vako,M
123837,David Vla,M
126086,Martin Verner,M
126180,Jana Vesel,F
126194,Vitzslav Vesel,M
126227,Jan Vetenk,M
126228,Ondej Vetenk,M
126878,Eva Vtekov,F
127013,Radka Vodikov,F
127162,Jaroslav Volf,M
127594,Eva Vrabcov-Nvltov,F
127609,Miroslav Vratil,M
127915,Stepan Wagner,M
133843,Antonn alsk,M
134094,Barbora Zvadov,F
135203,Kateina Zohnov,F
135299,Michaela Zrstov,F
32747,Manuel Benjamn Enzema Owo,M
88584,Bibiana Martina Olama Mangue,F
7210,Claudia Balderrama Ibaez,F
18983,ngela Melania Castro Chirivechz,F
23092,Wendy Gabriela Cornejo Aliaga,F
23140,Stefany Mildred Coronado Gemio,F
38524,Carina Ana Garca Kradolfer,F
61512,Rudolf Knijnenburg Cordero,M
79399,Martn Michel,M
93356,Juan Carlos Prez Gacha,M
97951,Jos Alberto Quintanilla Moreno,M
97994,Ronal Quispe Misme,M
97995,Rosmery Quispe Guarachi,F
101815,Marco Antonio Rodrguez Pardo,M
102066,Arturo Bruno Rojas da Silva,M
103690,Andrew Mark Rutherfurd Aliaga,M
112935,scar Soliz Vilca,M
121309,Karen Milenka Torrez Guzman,F
6888,Daniel Everton Bailey,M
19889,Afia Neliah Charles,F
21274,Brendan Kyle Akeem Christian,M
36929,Priscilla Frederick,F
42661,Cejhae Colin Greene,M
53972,Jared Jarvis,M
76087,Noah Mascoll-Gomes,M
89331,Karin Alejandra O'Reilly Clashing,F
101322,Samantha Roberts,F
128263,Chavaughn Camarley Walsh,M
128281,Tahir Jelani Walsh,M
5053,Pol Arias Dourdet,M
8177,Esther Barrugus Alvina,F
10658,"Antonio ""Toni"" Bernad Planas",M
38534,Daniel Garca Gonzlez,M
44557,Hocine Haciane Constantin,M
70837,Cristina Llovera Rossell,F
82708,Pol Moya Betriu,M
98662,Mnica Ramrez Abella,F
104777,Laura Salls Lpez,F
120874,Joan Tomas Roca,M
8472,Kudakwashe Basopo,F
20661,Eunice Chibanda,F
20821,Mavis Chirandu,F
23549,Kirsty Leigh Coventry (-Seward),F
31142,Chido Dzingirai,F
32503,Msipa Emmaculate,F
34530,"Christopher James ""Chris"" Felgate",M
36869,James Fraser-Mackenzie,M
43912,Sean Michael Gunn,M
54198,Erina Jeke,F
56465,Wirimai Juwawo,M
56724,Daisy Kaitano,F
57320,Rejoice Kapfumvuti,F
64320,Camilla Kruger,F
73499,Lindiwe Magwede,F
73763,Nobuhle Majika,F
73900,Rutendo Makore,F
73903,Sheila Makoto,F
74325,Talent Mandaza,F
83768,Lynett Mutokuto,F
83794,Fedistas Muzongondi,F
83805,Gabriel Mvumvure,M
84923,Pardon Ndhlovu,M
85356,Rudo Neshamba,F
85834,"Michael Sean James ""Mike"" Nicholson",M
87452,Rutendo Joan Nyahora,F
87477,Cuthbert Nyasango,M
87478,Marjory Nyaumwe,F
92718,Andrew Graham Peebles,M
116713,Gavin Ben Sutherland,M
118811,Sharon Tavengwa,F
120082,Micheen Barbara Thornycroft,F
122405,Tatenda Tsumba,M
10703,Neisha Bernard-Thomas,F
20422,Oreoluwa Cherebin,F
34559,Kurt Anthony Felix,M
53492,Kirani James,M
88821,Corey Ollivierre,M
99474,Janelle Redhead,F
99475,Joel Michael Redhead,M
110878,Esau Walter Simpson,M
114082,Andrea St Bernard,F
118543,Bralon Shazam Taplin,M
126339,Lindon Victor,M
130649,Paul Williams,M
5885,Au Sin Ying,F
5886,"Hoi Shun ""Stephanie"" Au",F
19668,Chan Chun Hing,M
19676,"Hei Man ""Hayley Victoria"" Chan",F
19692,Chan Ming Tai,M
19705,"Zhi Cheng ""Tiffany"" Chan",F
19991,Chau Hoi Wah,F
20073,Geoffrey Robin Cheah,M
20352,"Li Mei ""Camille Lily"" Cheng",F
20372,"Chun Leung ""Michael"" Cheng",M
20569,Cheung Chi Yip,M
20571,"Ka Long ""Edgar"" Cheung",M
20573,Cheung King Lok,M
20873,Chiu Hin Chun,M
21035,Choi Ki Ho,M
21051,Nicholas Edward Choi,M
28179,Diao Xiao Juan,F
29440,Hoi Kem Doo,F
36125,Fong Yee Pui,F
46637,Siobhn Bernadette Haughey,F
48944,Kwan Kit Ho,M
50582,Hu Yun,M
52313,Ip Pui Yi,F
54782,Jiang Huajun,F
54793,Jiang Tianyi,M
62433,"Man Wai ""Vivian"" Kong",F
62436,"Man Yi ""Yvette"" Kong",F
65966,Lai Chun Ho,M
66097,Lam Hin Chung,M
67051,"Yin Yan ""Claudia"" Lau",F
67796,"Kar Wai ""Calvin"" Lee",M
67923,Lee Ho Ching,F
68036,Lee Ka Man,F
68087,"Chun Hei ""Reginald"" Lee",M
68184,Lee Wai Sze,F
68217,Lee Yuen Yin,F
69075,"Ho Tsun ""Andy"" Leung",M
69077,Leung Chu Yan,M
69078,Leung Chun Shek,M
69079,Leung Chun Wing,M
69081,Leung Ka Ming,M
69987,Lin Po Heung,F
70882,"Sin Lam ""Sonia"" Lo",F
71106,Lok Kwan Hoi,M
85634,"Ka Long ""Angus"" Ng",M
85642,Ng Ka Fung,M
96092,Poon Lok Yan,F
109485,Shek Wai Hung,M
112603,So Sau Wah,M
117436,Sze Hang Yu,F
118409,Tang Chiu Mang,M
118428,Natasha Terri Wing Yung Tang,F
118429,Tang Peng,M
118440,Tang Yik Chun,M
120259,Tie Ya Na,F
122250,Tse Ying Suet,F
122381,Tsui Chi Ho,M
130825,Hannah Jane Arnett Wilson,F
131410,"Hiu Ying ""Angel"" Wong",F
131419,Chun Ting Wong,M
131427,"Wan Yiu ""Jamie"" Wong",F
131430,Wong Kam Po,M
131446,"Wing Ki ""Vincent"" Wong",M
132922,Yeung Chui Ling,F
132997,Yip Pui Yin,F
133001,"Yiu Kit-Ching ""Christy""",F
133373,Yu Weili,F
5947,Jordan Augier,M
9059,Danielle Elizabeth Marie Beaubrun,F
11006,Jahvid Andre Best,M
31477,Darvin Edwards,M
71748,Stephanie Devaux-Lovell,F
72601,Beth Georgina Lygoe,F
106750,Jeanelle Scheper,F
113781,Levern Donaline Spencer,F
5965,"Dionisio Augustine, II",M
20692,Jennifer Dugwen Chieng,F
25192,Debra Daniel,F
42275,Keitani Graham,M
44623,Kerson Hadley,M
47753,Lerissa Henry,F
50318,John Howard,M
57326,Kitson Kapiriel,M
80158,Manuel Minginfel,M
129615,Mihter Wendolin,F
5992,Aung Aye Aye,F
50555,Htwe San Yu,F
65576,Kyu Maung,M
83877,Myint Swe Li,F
84227,San Naing,M
84739,Naung Ye Tun,M
84812,Nay Myo Aung,M
105093,San Ni Lar,F
119610,Thet Ei Ei,F
119612,Thet Zaw Win,M
119713,Thint Myaat,M
132414,Yan Naing Soe,M
135049,Zin Latt Shwe,F
20864,Kefasi Chitsala,M
25559,Areneo David,M
69787,Brave Lifa,M
76271,Tereza Master,F
95042,Ammara Pinto,F
110908,"Ambwene ""Amber"" Simukonda",F
117761,Joyce Tafatatha,F
119001,Mike Wedston Tebulo,M
20812,Jordan Chipangama,M
21136,Gilbert Choombe,M
21140,Chauness Chauzje Choosha,F
42114,Ralph Goveia Assafrao,M
50315,Jade Ashleigh Howard,F
55891,Zane Jordan,M
83211,Prince Moses Mumba,M
83389,Boas Munyonga,M
83397,Kabange Mupopo,F
83793,Benny Muziyo,M
94512,Gerald Phiri,M
97551,Mathews Punza,M
19675,Chan Hao-Ching,F
19711,Chan Yung-Jan,F
19749,Chang Chia-Che,M
19756,Chang Hao,M
19770,Chang Ming-Huang,M
20162,Chen Chieh,M
20163,Chen Chien-An,M
20206,Chen Hung-Ling,M
20208,Chen I-Chuan,F
20246,Chen Nien-Chin,F
20262,Chen Shih-Chieh,M
20267,Chen Szu-Yu,F
20278,Chen Wei-Ling,F
20283,Chen Wen-Ling,F
20321,Chen Yu-Cheng,M
20322,Chen Yu-Hsuan,F
20367,Cheng I-Ching,F
20376,Cheng Shao-Chieh,F
20380,Cheng Wan-Jung,F
20382,Cheng Wen-Hsing,F
20629,Chiang Hung-Chieh,M
20690,Chien Yu-Chin,F
21159,Chou Tien-Chen,M
21376,Chuang Chia-Chia,F
21377,Chuang Chia-Jung,F
21378,Chuang Chih-Yuan,M
33970,Fang Chieh-Min,M
48937,Ho Chin-Ping,M
50517,Hsiang Chun-Hsien,M
50518,Hsiao Mei-Yu,F
50520,Hsieh Chien-Ho,F
50526,Hsieh Su-Wei,F
50530,Hsu Chi-Chieh,M
50539,Hsu Jen-Hao,M
50540,Hsu Jo-Ting,F
50545,Hsu Shu-Ching,F
50615,Huang Huai-Hsuan,F
50619,Huang I-Hua,F
50643,Huang Shih-Chun,F
50644,Huang Shih-Feng,M
50651,Huang Ting-Ying,F
50664,Huang Yi-Ting,F
57303,Kao Hao-Wen,M
64976,"Yi-Ping ""Candie"" Kung",F
65042,Kuo Cheng-Wei,M
65044,Kuo Hsing-Chun,F
65964,Lai Chu-En,M
67472,Le Chien-Ying,F
67816,Lee Chih-Kai,M
67936,Lee Hsuan-Yen,M
68151,Lee Sheng-Mu,M
69511,Li Wen-Hua (-Tsai-Yi),F
69751,Lien Chen-Ling,F
69960,Lin Chia-Ying,F
69964,Lin Ching-Hsuan,M
69973,Lin Jia-En,F
69986,Lin Pei-Wun,F
69994,Lin Shih-Chia,F
70001,Lin Wen-Tang,M
70006,Lin Yi-Chun,F
70649,Liu Wei-Ting,M
71918,"Xiao-Qing ""Teresa"" Lu",F
71925,Lu Yen-Hsun,M
90934,"Cheng-Tsung ""C. T."" Pan",M
90935,Pan Chien-Hung,M
117824,Tai Tzu-Ying,F
118257,Tan Chi-Chung,M
118299,Tan Ya-Ting,F
120268,Tien Chia-Chen,F
122175,Tsai Chia-Hsin,M
122183,Tsai Ming-Yen,M
122271,Tseng Li-Cheng (Pei-Hua-),F
122462,Tu Kai-Wen,M
128416,Wang Cheng-Pang,M
128530,Wang Ming-Hui,M
129282,Wei Chen-Yang,M
129284,Wei Chun-Heng,M
131425,Wong Isheau,F
131769,Wu Chia-Ying,F
132520,Yang Kun-Pi,M
132537,Yang Shu-Chun,F
133288,Yu Ai-Wen,F
133310,Yu Guan-Lin,M
13183,Celma da Graa Soares Bonfim,F
24639,Christopher Lima da Costa,M
68527,Romrio Martins Leito,M
97818,Lecabela Dias da Fonseca Quaresma,F
121964,Buly da Conceio Triste,M
7114,Nina Balaban,F
12225,Marko Blaevski,M
12747,Anastasia Katerina Bogdanovski,F
31529,Kristijan Efremov,M
52567,Drita Islami,F
75106,Simona Marinova,F
86281,Katerina Nikoloska,F
91001,Riste Pandev,M
101030,Hristina Risteska,F
46530,Julia Hassler,F
78224,Christoph Martin Meier,M
122244,Marcel Tschopp,M
127090,Stephanie Vogt,F
7874,Sonja Barjaktarovi,F
15023,Darko Brguljan,M
15024,Drako Brguljan,M
16330,Anela Bulatovi,F
16332,Katarina Bulatovi,F
24178,Uro ukovi,M
29848,Ana oki,F
29934,Boko Drakovi,M
29935,Dragan Drakovi,M
30522,Milivoj Duki,M
37697,Danijel Furtula,M
41086,Vladimir Gojkovi,M
52154,Maksim Ini,M
52934,Aleksandar Ivovi,M
53742,Mlaan Janovi,M
53743,Nikola Janovi,M
54042,urina Jaukovi,F
55551,Predrag Joki,M
56041,Marija Jovanovi,F
61235,Andrea Klikovac,F
61236,Filip Klikovac,M
61484,Milena Kneevi-Raievi,F
63486,Danka Kovini,F
67441,Suzana Lazovi,F
78193,Majda Mehmedovi,F
79839,Radmila Miljani-Petrovi,F
80343,Saa Mii,M
82808,Sran Mrvaljevi,M
91919,Vjekoslav Paskovi,M
92279,Biljana Pavievi,F
93691,Slaana Perunovi (-Pejovi-),F
94157,Antonio Petrovi,M
96206,Bojana Popovi (Petrovi-),F
98147,Zdravko Radi,M
98149,"Jovanka ""Jova"" Radievi",F
98197,Aleksandar Radovi,M
98198,Ana Radovi,F
98786,Ema Ramusovi,F
105733,Nikola aranovi,M
106233,Maja Savi,F
106490,Milo epanovi,M
108222,Denis efik,M
119345,Jovana Terzi,F
127705,Marina Vukevi-Raji,F
135160,Boris Zlokovi,M
8475,Gina Bass,F
22421,Saruba Colley,F
53543,Adama Jammeh,M
55776,Pap D. Jonga,M
86614,Faye Njie,M
105489,Su Wai'bou Sanneh,M
9285,Alex Beddoes,M
15481,Celeste Brown,F
32291,Peter Taua Elisa Henry,M
58452,Tracy Keith-Matchitt,F
77711,Teau Moana McKenzie,F
85798,Bryden Nicholas,M
85800,Ella Rose Vaiora Nicholas,F
92422,"Zachary Tepaia ""Zac"" Payne",M
93831,Luisa Fatiaki Taitapu Peters,F
101332,Wesley Tikiariki Roberts,M
117754,"Patricia Nooroa ""Pat"" Taea",F
122465,Patrick Tuara,M
123622,Joshua Utanga,M
130600,Helema Williams,F
9365,Romela Begaj,F
13649,Noel Borshi,F
17451,Briken Calja,M
39335,Luiza Gega,F
40952,Daniel Godelli,M
50380,Adriatik Hoxha,M
50381,Sidni Hoxha,M
57564,Endri Karina,M
58601,Majlinda Kelmendi,F
64560,Arben Kucana,M
78895,Nikol Merizaj,F
112041,Izmir Smajlaj,M
125765,Evagjelia Veli,F
45025,Luke Thomas Michael Hall,M
76530,Sibusiso Bruno Matsenjwa,M
84948,Phumlile Ndzinisa,F
61645,Marthe Koala,F
61685,Grard Koban,M
84983,Severine Nebie,F
90074,Adama Oudraogo,M
90075,Angelika Sita Oudraogo,F
106326,Tindwende Thierry Sawadogo,M
110196,Rachid Sidib,M
133944,Hugues Fabrice Zango,M
11633,Beni Bertrand Binobagira,M
37966,Antoine Gakeme,M
38961,Antoinette Gasongo,F
52329,Olivier Irabaruta,M
52332,Billy Scott Irakose,M
86164,Pierre-Clestin Nihorimbere,M
86594,Abraham Niyonkuru,M
86595,Francine Niyonsaba,F
87276,Odette Ntahomvukiye,F
87304,Diane Nukuri-Johnson,F
123664,Elsie Uwamahoro,F
47723,Carl Henriquez,M
67512,Jemal E. le Grand,M
76323,Jayme Mata,M
94911,Monica Fiorella Pimentel Rodriguez,F
96058,Allyson Ponson,F
107519,Mikel Schreuders,M
124290,Daniella van den Berg,F
124467,Nicole van der Velden,F
126854,Thijs Visser,M
14837,Elson Viney-Bartel Brechtefeld,M
27884,Itte Detenamo,M
29770,Sled Dowabobo,M
123138,Ovini Uera,M
21364,Chu Hong Diu Linh,F
29842,Th Anh,F
29843,Th Ngn Thng,F
30721,Dng Th Vit Anh,F
48952,H Th L,F
48963,Hong Qu Phc,M
48964,Hong Tn Ti,M
48966,Hong Xun Vinh,M
67474,L Hunh Chu,M
67480,L Th Hong Ngc,F
85719,Nguyn Thnh Ngng,M
85721,Nguyn Th nh Vin,F
85726,Nguyn Th Huyn,F
85727,Nguyn Th L Dung,F
85728,Nguyn Th La,F
85730,Nguyn Th Nh Hoa,F
85732,Nguyn Th Thanh Phc,F
85736,Nguyn Th Thu,F
85738,Nguyn Tin Minh,M
85739,Nguyn Tin Nht,M
94381,Phm Phc Hng,M
94382,Phm Th Hi,F
94384,Phm Th Tho,F
94390,Phan Th H Thanh,F
117673,T  Thanh Huyn,F
119457,Thch Kim Tun,M
121647,Trn L Quc Ton,M
121648,Trn Quc Cng,M
124131,Vn Ngc T,F
127659,V Thnh An,M
127661,V Th Trang,F
127730,Vng Th Huyn,F
20953,Kunzang Choden,F
57666,Karma,F
65022,Lenchu Kunzang,F
133845,Sherab Zam,F
23772,Mariana Cress,F
37655,Colleen Furgeson,F
38898,Timi Hilly Garstang,M
46168,Giordan Harris,M
47815,"Ann-Marie ""Annie"" Hepler",F
85287,Haley Nicole Nemra,F
105950,"Mathlynn Langtor ""Mattie"" Sasser",F
110658,Richson Simeon,M
25568,Kaingaue David,F
58010,David Katoatau,M
103720,John Ruuka,M
118067,Nooa Takooa,M
119428,Karitaake Tewaaki,F
66655,Tuau Lapua Lapua,M
74540,Asenate Manoa,F
86663,Tavevele Noa,M
120422,Etimoni Timuani,M
35303,Siueni Filimone,M
36184,Amini Tuitavake Britteon Fonua,M
44925,Taina Halasima,F
54336,Hans Arne Jensen,M
72134,Joseph Andy Lui,M
95555,Ana Kilistina Po'uhila,F
96875,Irene Prescott,F
118715,Karoline Lusitania Tatafu,F
118769,Pita Nikolas Taufatofua,M
40647,Nora Gjakova,F
44006,Qendrim Guri,M
44851,Musa Hajdari,M
64422,Vijona Kryeziu,F
98556,Urata Rama,F
134359,Rita Zeqiri,F
134699,Lum Zhaveli,M
46491,Margret Hassan,F
58765,Santino Kenyi,M
68354,Mosito Lehata,M
81055,Moroke Jeremia Mokhotho,M
81331,Phetetso Monese,M
86634,Namakoe Nkhasi,M
86637,Lebenya Nkoka,M
98690,Tsepo Ramonene-Mathibelle,M
108486,Tsepang Gladys Sello,F
116595,Inkululeko Suntele,M
119563,Masempe Theko,F
120575,Mamorallo Tjoka,F